ERROR 2026-02-06 10:52:25,412 apps 30367 8310350016 Failed to import social_core: No module named 'social_core.backends.registry'. Make sure 'social_django' is installed.
INFO 2026-02-06 10:52:25,412 apps 30367 8310350016 ✅ Social authentication app initialized successfully
ERROR 2026-02-06 10:52:25,829 apps 30440 8310350016 Failed to import social_core: No module named 'social_core.backends.registry'. Make sure 'social_django' is installed.
INFO 2026-02-06 10:52:25,829 apps 30440 8310350016 ✅ Social authentication app initialized successfully
INFO 2026-02-06 10:52:25,834 autoreload 30440 8310350016 Watching for file changes with StatReloader
INFO 2026-02-06 10:53:46,240 autoreload 30440 8310350016 /Users/dhrubajyotiborah/Documents/Projects/hcs_sso_with_oidc/sso/settings.py changed, reloading.
ERROR 2026-02-06 10:53:46,990 apps 30755 8310350016 Failed to import social_core: No module named 'social_core.backends.registry'. Make sure 'social_django' is installed.
INFO 2026-02-06 10:53:46,990 apps 30755 8310350016 ✅ Social authentication app initialized successfully
INFO 2026-02-06 10:53:46,998 autoreload 30755 8310350016 Watching for file changes with StatReloader
WARNING 2026-02-06 10:55:52,086 log 30755 6127251456 Not Found: /
WARNING 2026-02-06 10:55:52,087 log 30755 6127251456 "GET / HTTP/1.1" 404 3897
WARNING 2026-02-06 10:55:52,245 log 30755 6127251456 Not Found: /favicon.ico
WARNING 2026-02-06 10:55:52,245 log 30755 6127251456 "GET /favicon.ico HTTP/1.1" 404 4002
WARNING 2026-02-06 10:56:27,310 log 30755 6127251456 Not Found: /social/
WARNING 2026-02-06 10:56:27,310 log 30755 6127251456 "GET /social/ HTTP/1.1" 404 5019
WARNING 2026-02-06 10:57:05,524 log 30755 6127251456 Not Found: /social/login
WARNING 2026-02-06 10:57:05,525 log 30755 6127251456 "GET /social/login HTTP/1.1" 404 5040
WARNING 2026-02-06 10:57:19,807 log 30755 6127251456 Not Found: /social/login/google
WARNING 2026-02-06 10:57:19,809 log 30755 6127251456 "GET /social/login/google HTTP/1.1" 404 5068
WARNING 2026-02-06 10:58:12,960 log 30755 6127251456 Not Found: /social/login/google-oauth2
WARNING 2026-02-06 10:58:12,961 log 30755 6127251456 "GET /social/login/google-oauth2 HTTP/1.1" 404 5096
ERROR 2026-02-06 10:58:24,168 log 30755 6127251456 Internal Server Error: /social/login/google-oauth2/
Traceback (most recent call last):
  File "/Users/dhrubajyotiborah/Documents/Projects/hcs_sso_with_oidc/venv/lib/python3.12/site-packages/django/core/handlers/exception.py", line 55, in inner
    response = get_response(request)
               ^^^^^^^^^^^^^^^^^^^^^
  File "/Users/dhrubajyotiborah/Documents/Projects/hcs_sso_with_oidc/venv/lib/python3.12/site-packages/django/core/handlers/base.py", line 198, in _get_response
    response = wrapped_callback(request, *callback_args, **callback_kwargs)
               ^^^^^^^^^^^^^^^^^^^^^^^^^^^^^^^^^^^^^^^^^^^^^^^^^^^^^^^^^^^^
  File "/Users/dhrubajyotiborah/Documents/Projects/hcs_sso_with_oidc/venv/lib/python3.12/site-packages/django/views/decorators/cache.py", line 80, in _view_wrapper
    response = view_func(request, *args, **kwargs)
               ^^^^^^^^^^^^^^^^^^^^^^^^^^^^^^^^^^^
  File "/Users/dhrubajyotiborah/Documents/Projects/hcs_sso_with_oidc/venv/lib/python3.12/site-packages/social_django/utils.py", line 58, in wrapper
    return func(request, backend, *args, **kwargs)
           ^^^^^^^^^^^^^^^^^^^^^^^^^^^^^^^^^^^^^^^
  File "/Users/dhrubajyotiborah/Documents/Projects/hcs_sso_with_oidc/venv/lib/python3.12/site-packages/social_django/utils.py", line 32, in wrapper
    uri = reverse(redirect_uri, args=(backend,))
          ^^^^^^^^^^^^^^^^^^^^^^^^^^^^^^^^^^^^^^
  File "/Users/dhrubajyotiborah/Documents/Projects/hcs_sso_with_oidc/venv/lib/python3.12/site-packages/django/urls/base.py", line 98, in reverse
    resolved_url = resolver._reverse_with_prefix(view, prefix, *args, **kwargs)
                   ^^^^^^^^^^^^^^^^^^^^^^^^^^^^^^^^^^^^^^^^^^^^^^^^^^^^^^^^^^^^
  File "/Users/dhrubajyotiborah/Documents/Projects/hcs_sso_with_oidc/venv/lib/python3.12/site-packages/django/urls/resolvers.py", line 842, in _reverse_with_prefix
    raise NoReverseMatch(msg)
django.urls.exceptions.NoReverseMatch: Reverse for 'complete' not found. 'complete' is not a valid view function or pattern name.
ERROR 2026-02-06 10:58:24,193 log 30755 6127251456 "GET /social/login/google-oauth2/ HTTP/1.1" 500 98626
WARNING 2026-02-06 10:59:02,552 log 30755 6127251456 Not Found: /users/
WARNING 2026-02-06 10:59:02,553 log 30755 6127251456 "GET /users/ HTTP/1.1" 404 3981
WARNING 2026-02-06 10:59:19,923 log 30755 6127251456 Unauthorized: /api/users/
WARNING 2026-02-06 10:59:19,923 log 30755 6127251456 "GET /api/users/ HTTP/1.1" 401 5136
INFO 2026-02-06 10:59:19,941 log 30755 6177730560 "GET /static/rest_framework/css/prettify.css HTTP/1.1" 200 817
INFO 2026-02-06 10:59:19,946 log 30755 6211383296 "GET /static/rest_framework/css/bootstrap-tweaks.css HTTP/1.1" 200 3426
INFO 2026-02-06 10:59:19,948 log 30755 6194556928 "GET /static/rest_framework/css/default.css HTTP/1.1" 200 1152
INFO 2026-02-06 10:59:19,953 log 30755 6177730560 "GET /static/rest_framework/js/ajax-form.js HTTP/1.1" 200 3796
INFO 2026-02-06 10:59:19,957 log 30755 6194556928 "GET /static/rest_framework/js/csrf.js HTTP/1.1" 200 1793
INFO 2026-02-06 10:59:19,957 log 30755 6211383296 "GET /static/rest_framework/js/load-ajax-form.js HTTP/1.1" 200 59
INFO 2026-02-06 10:59:19,958 log 30755 6177730560 "GET /static/rest_framework/js/default.js HTTP/1.1" 200 1268
INFO 2026-02-06 10:59:19,961 log 30755 6194556928 "GET /static/rest_framework/js/prettify-min.js HTTP/1.1" 200 13632
INFO 2026-02-06 10:59:19,964 log 30755 6160904192 "GET /static/rest_framework/js/bootstrap.min.js HTTP/1.1" 200 39680
INFO 2026-02-06 10:59:19,964 log 30755 6127251456 "GET /static/rest_framework/css/bootstrap.min.css HTTP/1.1" 200 121457
INFO 2026-02-06 10:59:19,972 log 30755 6144077824 "GET /static/rest_framework/js/jquery-3.7.1.min.js HTTP/1.1" 200 87533
INFO 2026-02-06 10:59:19,973 log 30755 6127251456 "GET /static/rest_framework/img/grid.png HTTP/1.1" 200 1458
ERROR 2026-02-07 05:53:23,982 apps 50397 8310350016 Failed to import social_core: No module named 'social_core.backends.registry'. Make sure 'social_django' is installed.
INFO 2026-02-07 05:53:23,983 apps 50397 8310350016 ✅ Social authentication app initialized successfully
ERROR 2026-02-07 05:53:24,379 apps 50412 8310350016 Failed to import social_core: No module named 'social_core.backends.registry'. Make sure 'social_django' is installed.
INFO 2026-02-07 05:53:24,379 apps 50412 8310350016 ✅ Social authentication app initialized successfully
INFO 2026-02-07 05:53:24,384 autoreload 50412 8310350016 Watching for file changes with StatReloader
ERROR 2026-02-07 05:53:51,896 apps 50750 8310350016 Failed to import social_core: No module named 'social_core.backends.registry'. Make sure 'social_django' is installed.
INFO 2026-02-07 05:53:51,896 apps 50750 8310350016 ✅ Social authentication app initialized successfully
ERROR 2026-02-07 05:53:52,284 apps 50752 8310350016 Failed to import social_core: No module named 'social_core.backends.registry'. Make sure 'social_django' is installed.
INFO 2026-02-07 05:53:52,284 apps 50752 8310350016 ✅ Social authentication app initialized successfully
INFO 2026-02-07 05:53:52,289 autoreload 50752 8310350016 Watching for file changes with StatReloader
WARNING 2026-02-07 05:54:19,828 log 30755 6127251456 Unauthorized: /api/users/
WARNING 2026-02-07 05:54:19,829 log 30755 6127251456 "GET /api/users/ HTTP/1.1" 401 5136
INFO 2026-02-07 05:54:19,883 log 30755 6144077824 "GET /static/rest_framework/css/default.css HTTP/1.1" 304 0
INFO 2026-02-07 05:54:19,884 log 30755 6127251456 "GET /static/rest_framework/css/prettify.css HTTP/1.1" 304 0
INFO 2026-02-07 05:54:19,886 log 30755 6160904192 "GET /static/rest_framework/js/csrf.js HTTP/1.1" 304 0
INFO 2026-02-07 05:54:19,888 log 30755 6177730560 "GET /static/rest_framework/css/bootstrap-tweaks.css HTTP/1.1" 304 0
INFO 2026-02-07 05:54:19,888 log 30755 6144077824 "GET /static/rest_framework/js/jquery-3.7.1.min.js HTTP/1.1" 304 0
INFO 2026-02-07 05:54:19,888 log 30755 6194556928 "GET /static/rest_framework/css/bootstrap.min.css HTTP/1.1" 304 0
INFO 2026-02-07 05:54:19,888 log 30755 6127251456 "GET /static/rest_framework/js/default.js HTTP/1.1" 304 0
INFO 2026-02-07 05:54:19,889 log 30755 6211383296 "GET /static/rest_framework/js/ajax-form.js HTTP/1.1" 304 0
INFO 2026-02-07 05:54:19,891 log 30755 6160904192 "GET /static/rest_framework/js/prettify-min.js HTTP/1.1" 304 0
INFO 2026-02-07 05:54:19,892 log 30755 6177730560 "GET /static/rest_framework/js/load-ajax-form.js HTTP/1.1" 304 0
INFO 2026-02-07 05:54:19,894 log 30755 6144077824 "GET /static/rest_framework/js/bootstrap.min.js HTTP/1.1" 304 0
INFO 2026-02-07 05:54:19,899 log 30755 6144077824 "GET /static/rest_framework/img/grid.png HTTP/1.1" 304 0
WARNING 2026-02-07 05:54:20,700 log 30755 6144077824 Unauthorized: /api/users/
WARNING 2026-02-07 05:54:20,700 log 30755 6144077824 "GET /api/users/ HTTP/1.1" 401 5136
ERROR 2026-02-07 05:54:47,645 apps 51286 8310350016 Failed to import social_core: No module named 'social_core.backends.registry'. Make sure 'social_django' is installed.
INFO 2026-02-07 05:54:47,645 apps 51286 8310350016 ✅ Social authentication app initialized successfully
ERROR 2026-02-07 05:54:48,054 apps 51289 8310350016 Failed to import social_core: No module named 'social_core.backends.registry'. Make sure 'social_django' is installed.
INFO 2026-02-07 05:54:48,054 apps 51289 8310350016 ✅ Social authentication app initialized successfully
INFO 2026-02-07 05:54:48,059 autoreload 51289 8310350016 Watching for file changes with StatReloader
WARNING 2026-02-07 05:54:58,719 log 30755 6144077824 Unauthorized: /api/users/
WARNING 2026-02-07 05:54:58,720 log 30755 6144077824 "GET /api/users/ HTTP/1.1" 401 5136
ERROR 2026-02-07 05:55:22,987 apps 51587 8310350016 Failed to import social_core: No module named 'social_core.backends.registry'. Make sure 'social_django' is installed.
INFO 2026-02-07 05:55:22,988 apps 51587 8310350016 ✅ Social authentication app initialized successfully
ERROR 2026-02-07 05:55:23,380 apps 51589 8310350016 Failed to import social_core: No module named 'social_core.backends.registry'. Make sure 'social_django' is installed.
INFO 2026-02-07 05:55:23,380 apps 51589 8310350016 ✅ Social authentication app initialized successfully
INFO 2026-02-07 05:55:23,385 autoreload 51589 8310350016 Watching for file changes with StatReloader
INFO 2026-02-07 06:23:20,978 autoreload 30755 8310350016 /Users/dhrubajyotiborah/Documents/Projects/hcs_sso_with_oidc/sso/settings.py changed, reloading.
ERROR 2026-02-07 06:23:21,894 apps 58248 8310350016 Failed to import social_core: No module named 'social_core.backends.registry'. Make sure 'social_django' is installed.
INFO 2026-02-07 06:23:21,894 apps 58248 8310350016 ✅ Social authentication app initialized successfully
INFO 2026-02-07 06:23:21,904 autoreload 58248 8310350016 Watching for file changes with StatReloader
INFO 2026-02-07 07:03:03,218 autoreload 58248 8310350016 /Users/dhrubajyotiborah/Documents/Projects/hcs_sso_with_oidc/sso/settings.py changed, reloading.
ERROR 2026-02-07 07:03:04,011 apps 69416 8310350016 Failed to import social_core: No module named 'social_core.backends.registry'. Make sure 'social_django' is installed.
INFO 2026-02-07 07:03:04,011 apps 69416 8310350016 ✅ Social authentication app initialized successfully
INFO 2026-02-07 07:03:04,018 autoreload 69416 8310350016 Watching for file changes with StatReloader
INFO 2026-02-07 07:08:13,676 log 69416 6134837248 "GET /admin/ HTTP/1.1" 302 0
INFO 2026-02-07 07:08:14,778 log 69416 6134837248 "GET /admin/login/?next=/admin/ HTTP/1.1" 200 4080
INFO 2026-02-07 07:08:14,834 log 69416 6151663616 "GET /static/admin/css/login.css HTTP/1.1" 200 951
INFO 2026-02-07 07:08:14,837 log 69416 6168489984 "GET /static/admin/css/dark_mode.css HTTP/1.1" 200 3538
INFO 2026-02-07 07:08:14,865 log 69416 6134837248 "GET /static/admin/css/base.css HTTP/1.1" 200 23100
INFO 2026-02-07 07:08:14,865 log 69416 6185316352 "GET /static/admin/css/nav_sidebar.css HTTP/1.1" 200 2810
INFO 2026-02-07 07:08:14,867 log 69416 6218969088 "GET /static/admin/js/theme.js HTTP/1.1" 200 1653
INFO 2026-02-07 07:08:14,868 log 69416 6202142720 "GET /static/admin/css/responsive.css HTTP/1.1" 200 16273
INFO 2026-02-07 07:08:14,876 log 69416 6202142720 "GET /static/admin/js/nav_sidebar.js HTTP/1.1" 200 3063
INFO 2026-02-07 07:08:25,457 log 69416 6202142720 "POST /admin/login/?next=/admin/ HTTP/1.1" 302 0
INFO 2026-02-07 07:08:26,961 basehttp 69416 6202142720 - Broken pipe from ('127.0.0.1', 62281)
WARNING 2026-02-07 07:08:27,013 log 69416 6218969088 Forbidden (CSRF token from POST incorrect.): /admin/login/
WARNING 2026-02-07 07:08:27,372 log 69416 6218969088 "POST /admin/login/?next=/admin/ HTTP/1.1" 403 2503
INFO 2026-02-07 07:12:08,822 autoreload 69416 8310350016 /Users/dhrubajyotiborah/Documents/Projects/hcs_sso_with_oidc/sso/settings.py changed, reloading.
ERROR 2026-02-07 07:12:09,671 apps 71802 8310350016 Failed to import social_core: No module named 'social_core.backends.registry'. Make sure 'social_django' is installed.
INFO 2026-02-07 07:12:09,671 apps 71802 8310350016 ✅ Social authentication app initialized successfully
INFO 2026-02-07 07:12:09,678 autoreload 71802 8310350016 Watching for file changes with StatReloader
INFO 2026-02-07 07:12:13,056 autoreload 71802 8310350016 /Users/dhrubajyotiborah/Documents/Projects/hcs_sso_with_oidc/apps/oidc/urls.py changed, reloading.
ERROR 2026-02-07 07:12:13,619 apps 71823 8310350016 Failed to import social_core: No module named 'social_core.backends.registry'. Make sure 'social_django' is installed.
INFO 2026-02-07 07:12:13,619 apps 71823 8310350016 ✅ Social authentication app initialized successfully
INFO 2026-02-07 07:12:13,624 autoreload 71823 8310350016 Watching for file changes with StatReloader
INFO 2026-02-07 07:12:18,005 autoreload 71823 8310350016 /Users/dhrubajyotiborah/Documents/Projects/hcs_sso_with_oidc/sso/urls.py changed, reloading.
ERROR 2026-02-07 07:12:18,641 apps 71841 8310350016 Failed to import social_core: No module named 'social_core.backends.registry'. Make sure 'social_django' is installed.
INFO 2026-02-07 07:12:18,641 apps 71841 8310350016 ✅ Social authentication app initialized successfully
INFO 2026-02-07 07:12:18,646 autoreload 71841 8310350016 Watching for file changes with StatReloader
INFO 2026-02-07 07:12:21,195 log 71841 6200242176 "GET /admin/login/ HTTP/1.1" 302 0
INFO 2026-02-07 07:12:22,659 log 71841 6200242176 "GET /admin/ HTTP/1.1" 200 13389
INFO 2026-02-07 07:12:22,706 log 71841 6200242176 "GET /static/admin/css/dashboard.css HTTP/1.1" 200 441
INFO 2026-02-07 07:12:22,729 log 71841 6200242176 "GET /static/admin/img/icon-changelink.svg HTTP/1.1" 200 978
INFO 2026-02-07 07:12:22,750 log 71841 6217068544 "GET /static/admin/img/icon-addlink.svg HTTP/1.1" 200 593
INFO 2026-02-07 07:12:35,337 log 71841 6217068544 "POST /admin/logout/ HTTP/1.1" 200 3475
INFO 2026-02-07 07:12:40,530 log 71841 6217068544 "GET /admin/ HTTP/1.1" 302 0
INFO 2026-02-07 07:12:41,417 log 71841 6217068544 "GET /admin/login/?next=/admin/ HTTP/1.1" 200 4080
INFO 2026-02-07 07:12:54,149 log 71841 6217068544 "POST /admin/login/?next=/admin/ HTTP/1.1" 302 0
INFO 2026-02-07 07:12:55,553 log 71841 6217068544 "GET /admin/ HTTP/1.1" 200 13389
INFO 2026-02-07 07:13:16,231 log 71841 6217068544 "GET /admin/oauth2_provider/application/ HTTP/1.1" 200 15642
INFO 2026-02-07 07:13:16,313 log 71841 6250721280 "GET /static/admin/css/changelists.css HTTP/1.1" 200 7498
INFO 2026-02-07 07:13:16,315 log 71841 6284374016 "GET /static/admin/js/core.js HTTP/1.1" 200 6208
INFO 2026-02-07 07:13:16,316 log 71841 6267547648 "GET /static/admin/js/jquery.init.js HTTP/1.1" 200 347
INFO 2026-02-07 07:13:16,321 log 71841 6250721280 "GET /static/admin/js/admin/RelatedObjectLookups.js HTTP/1.1" 200 9777
INFO 2026-02-07 07:13:16,324 log 71841 6284374016 "GET /static/admin/js/prepopulate.js HTTP/1.1" 200 1531
INFO 2026-02-07 07:13:16,325 log 71841 6200242176 "GET /static/admin/js/vendor/jquery/jquery.js HTTP/1.1" 200 285314
INFO 2026-02-07 07:13:16,325 log 71841 6267547648 "GET /static/admin/js/urlify.js HTTP/1.1" 200 7887
INFO 2026-02-07 07:13:16,331 log 71841 6250721280 "GET /static/admin/js/actions.js HTTP/1.1" 200 8076
INFO 2026-02-07 07:13:16,337 log 71841 6267547648 "GET /static/admin/img/search.svg HTTP/1.1" 200 607
INFO 2026-02-07 07:13:16,337 log 71841 6233894912 "GET /static/admin/js/vendor/xregexp/xregexp.js HTTP/1.1" 200 325171
INFO 2026-02-07 07:13:16,342 log 71841 6233894912 "GET /static/admin/js/filters.js HTTP/1.1" 200 978
INFO 2026-02-07 07:13:17,519 log 71841 6217068544 "GET /admin/jsi18n/ HTTP/1.1" 200 3342
INFO 2026-02-07 07:13:17,546 log 71841 6233894912 "GET /static/admin/img/icon-viewlink.svg HTTP/1.1" 200 928
INFO 2026-02-07 07:13:17,547 log 71841 6217068544 "GET /static/admin/img/tooltag-add.svg HTTP/1.1" 200 593
INFO 2026-02-07 07:13:27,168 log 71841 6217068544 "GET /admin/oauth2_provider/application/add/ HTTP/1.1" 200 24672
INFO 2026-02-07 07:13:27,195 log 71841 6233894912 "GET /static/admin/js/prepopulate_init.js HTTP/1.1" 200 586
INFO 2026-02-07 07:13:27,196 log 71841 6267547648 "GET /static/admin/css/forms.css HTTP/1.1" 200 8817
INFO 2026-02-07 07:13:27,225 log 71841 6267547648 "GET /static/admin/js/change_form.js HTTP/1.1" 200 606
INFO 2026-02-07 07:13:27,225 log 71841 6233894912 "GET /static/admin/css/widgets.css HTTP/1.1" 200 11811
INFO 2026-02-07 07:13:28,439 log 71841 6217068544 "GET /admin/jsi18n/ HTTP/1.1" 200 3342
INFO 2026-02-07 08:37:41,198 autoreload 71841 8310350016 /Users/dhrubajyotiborah/Documents/Projects/hcs_sso_with_oidc/sso/urls.py changed, reloading.
ERROR 2026-02-07 08:37:42,162 apps 79916 8310350016 Failed to import social_core: No module named 'social_core.backends.registry'. Make sure 'social_django' is installed.
INFO 2026-02-07 08:37:42,162 apps 79916 8310350016 ✅ Social authentication app initialized successfully
INFO 2026-02-07 08:37:42,170 autoreload 79916 8310350016 Watching for file changes with StatReloader
INFO 2026-02-07 08:37:43,407 autoreload 79916 8310350016 /Users/dhrubajyotiborah/Documents/Projects/hcs_sso_with_oidc/apps/oidc/urls.py changed, reloading.
ERROR 2026-02-07 08:37:43,882 apps 79926 8310350016 Failed to import social_core: No module named 'social_core.backends.registry'. Make sure 'social_django' is installed.
INFO 2026-02-07 08:37:43,882 apps 79926 8310350016 ✅ Social authentication app initialized successfully
INFO 2026-02-07 08:37:43,888 autoreload 79926 8310350016 Watching for file changes with StatReloader
INFO 2026-02-07 08:37:47,244 autoreload 79926 8310350016 /Users/dhrubajyotiborah/Documents/Projects/hcs_sso_with_oidc/sso/settings.py changed, reloading.
ERROR 2026-02-07 08:37:47,725 apps 79947 8310350016 Failed to import social_core: No module named 'social_core.backends.registry'. Make sure 'social_django' is installed.
INFO 2026-02-07 08:37:47,725 apps 79947 8310350016 ✅ Social authentication app initialized successfully
INFO 2026-02-07 08:37:47,738 autoreload 79947 8310350016 Watching for file changes with StatReloader
INFO 2026-02-07 08:38:20,604 autoreload 79947 8310350016 /Users/dhrubajyotiborah/Documents/Projects/hcs_sso_with_oidc/sso/settings.py changed, reloading.
ERROR 2026-02-07 08:38:21,322 apps 80285 8310350016 Failed to import social_core: No module named 'social_core.backends.registry'. Make sure 'social_django' is installed.
INFO 2026-02-07 08:38:21,322 apps 80285 8310350016 ✅ Social authentication app initialized successfully
INFO 2026-02-07 08:38:21,327 autoreload 80285 8310350016 Watching for file changes with StatReloader
INFO 2026-02-07 09:53:34,978 autoreload 80285 8310350016 /Users/dhrubajyotiborah/Documents/Projects/hcs_sso_with_oidc/sso/settings.py changed, reloading.
ERROR 2026-02-07 09:53:36,146 apps 99444 8310350016 Failed to import social_core: No module named 'social_core.backends.registry'. Make sure 'social_django' is installed.
INFO 2026-02-07 09:53:36,146 apps 99444 8310350016 ✅ Social authentication app initialized successfully
INFO 2026-02-07 09:53:36,154 autoreload 99444 8310350016 Watching for file changes with StatReloader
INFO 2026-02-07 10:02:02,182 log 99444 6194819072 "GET /o/.well-known/openid-configuration HTTP/1.1" 200 762
WARNING 2026-02-07 10:02:03,207 log 99444 6194819072 Not Found: /favicon.ico
WARNING 2026-02-07 10:02:03,208 log 99444 6194819072 "GET /favicon.ico HTTP/1.1" 404 4026
INFO 2026-02-07 10:45:39,371 log 99444 6194819072 "GET /o/authorize/ HTTP/1.1" 302 0
WARNING 2026-02-07 10:45:40,176 log 99444 6194819072 Not Found: /accounts/login/
WARNING 2026-02-07 10:45:40,177 log 99444 6194819072 "GET /accounts/login/?next=/o/authorize/ HTTP/1.1" 404 4060
INFO 2026-02-07 10:46:43,156 log 99444 6194819072 "GET /o/authorize/ HTTP/1.1" 302 0
WARNING 2026-02-07 10:46:43,961 log 99444 6194819072 Not Found: /accounts/login/
WARNING 2026-02-07 10:46:43,963 log 99444 6194819072 "GET /accounts/login/?next=/o/authorize/ HTTP/1.1" 404 4060
INFO 2026-02-07 10:47:28,146 log 99444 6194819072 "GET /o/.well-known/openid-configuration HTTP/1.1" 200 762
INFO 2026-02-07 10:57:54,038 log 99444 6194819072 "POST /admin/oauth2_provider/application/add/ HTTP/1.1" 302 0
INFO 2026-02-07 10:57:55,968 basehttp 99444 6194819072 - Broken pipe from ('127.0.0.1', 50169)
INFO 2026-02-07 10:57:57,407 log 99444 6211645440 "POST /admin/oauth2_provider/application/add/ HTTP/1.1" 200 25259
INFO 2026-02-07 10:57:58,669 log 99444 6211645440 "GET /admin/jsi18n/ HTTP/1.1" 200 3342
INFO 2026-02-07 10:57:58,699 log 99444 6211645440 "GET /static/admin/img/icon-yes.svg HTTP/1.1" 200 558
INFO 2026-02-07 11:04:09,564 log 99444 6194819072 "GET /o/authorize/?response_type=code&client_id=tWPNEYKsqD0Qe2MHBkEqMamn3Jezyp7qNzKnPgdU&state=random123&scope=openid%20profile%20email&redirect_uri=https%3A%2F%2Foauth.pstmn.io%2Fv1%2Fbrowser-callback&code_challenge=v9SF4effAQ0W7Fb_d4ZOQ36rA5WqT2R2f6-ESIy2i3o&code_challenge_method=S256 HTTP/1.1" 302 0
WARNING 2026-02-07 11:04:10,432 log 99444 6194819072 Not Found: /accounts/login/
WARNING 2026-02-07 11:04:10,433 log 99444 6194819072 "GET /accounts/login/?next=/o/authorize/%3Fresponse_type%3Dcode%26client_id%3DtWPNEYKsqD0Qe2MHBkEqMamn3Jezyp7qNzKnPgdU%26state%3Drandom123%26scope%3Dopenid%2520profile%2520email%26redirect_uri%3Dhttps%253A%252F%252Foauth.pstmn.io%252Fv1%252Fbrowser-callback%26code_challenge%3Dv9SF4effAQ0W7Fb_d4ZOQ36rA5WqT2R2f6-ESIy2i3o%26code_challenge_method%3DS256 HTTP/1.1" 404 4371
INFO 2026-02-07 11:04:28,378 log 99444 6194819072 "GET /o/authorize/?response_type=code&client_id=tWPNEYKsqD0Qe2MHBkEqMamn3Jezyp7qNzKnPgdU&state=random123&scope=openid%20profile%20email&redirect_uri=https%3A%2F%2Foauth.pstmn.io%2Fv1%2Fbrowser-callback&code_challenge=QfChmofhEuVcpVBIqEve3NtwzO30DJjJHa4ZB7nZ_ac&code_challenge_method=S256 HTTP/1.1" 302 0
WARNING 2026-02-07 11:04:29,167 log 99444 6194819072 Not Found: /accounts/login/
WARNING 2026-02-07 11:04:29,169 log 99444 6194819072 "GET /accounts/login/?next=/o/authorize/%3Fresponse_type%3Dcode%26client_id%3DtWPNEYKsqD0Qe2MHBkEqMamn3Jezyp7qNzKnPgdU%26state%3Drandom123%26scope%3Dopenid%2520profile%2520email%26redirect_uri%3Dhttps%253A%252F%252Foauth.pstmn.io%252Fv1%252Fbrowser-callback%26code_challenge%3DQfChmofhEuVcpVBIqEve3NtwzO30DJjJHa4ZB7nZ_ac%26code_challenge_method%3DS256 HTTP/1.1" 404 4371
INFO 2026-02-07 11:06:40,008 autoreload 99444 8310350016 /Users/dhrubajyotiborah/Documents/Projects/hcs_sso_with_oidc/sso/urls.py changed, reloading.
ERROR 2026-02-07 11:06:41,037 apps 16884 8310350016 Failed to import social_core: No module named 'social_core.backends.registry'. Make sure 'social_django' is installed.
INFO 2026-02-07 11:06:41,037 apps 16884 8310350016 ✅ Social authentication app initialized successfully
INFO 2026-02-07 11:06:41,045 autoreload 16884 8310350016 Watching for file changes with StatReloader
INFO 2026-02-07 11:06:52,946 log 16884 6161510400 "GET /o/authorize/?response_type=code&client_id=tWPNEYKsqD0Qe2MHBkEqMamn3Jezyp7qNzKnPgdU&state=random123&scope=openid%20profile%20email&redirect_uri=https%3A%2F%2Foauth.pstmn.io%2Fv1%2Fbrowser-callback&code_challenge=s7QfcknXFg3fcvdUJ_H__mFs8I8XEMc5wKMNXHUxslw&code_challenge_method=S256 HTTP/1.1" 302 0
ERROR 2026-02-07 11:06:53,571 log 16884 6161510400 Internal Server Error: /accounts/login/
Traceback (most recent call last):
  File "/Users/dhrubajyotiborah/Documents/Projects/hcs_sso_with_oidc/venv/lib/python3.12/site-packages/django/core/handlers/exception.py", line 55, in inner
    response = get_response(request)
               ^^^^^^^^^^^^^^^^^^^^^
  File "/Users/dhrubajyotiborah/Documents/Projects/hcs_sso_with_oidc/venv/lib/python3.12/site-packages/django/core/handlers/base.py", line 221, in _get_response
    response = response.render()
               ^^^^^^^^^^^^^^^^^
  File "/Users/dhrubajyotiborah/Documents/Projects/hcs_sso_with_oidc/venv/lib/python3.12/site-packages/django/template/response.py", line 114, in render
    self.content = self.rendered_content
                   ^^^^^^^^^^^^^^^^^^^^^
  File "/Users/dhrubajyotiborah/Documents/Projects/hcs_sso_with_oidc/venv/lib/python3.12/site-packages/django/template/response.py", line 90, in rendered_content
    template = self.resolve_template(self.template_name)
               ^^^^^^^^^^^^^^^^^^^^^^^^^^^^^^^^^^^^^^^^^
  File "/Users/dhrubajyotiborah/Documents/Projects/hcs_sso_with_oidc/venv/lib/python3.12/site-packages/django/template/response.py", line 72, in resolve_template
    return select_template(template, using=self.using)
           ^^^^^^^^^^^^^^^^^^^^^^^^^^^^^^^^^^^^^^^^^^^
  File "/Users/dhrubajyotiborah/Documents/Projects/hcs_sso_with_oidc/venv/lib/python3.12/site-packages/django/template/loader.py", line 47, in select_template
    raise TemplateDoesNotExist(", ".join(template_name_list), chain=chain)
django.template.exceptions.TemplateDoesNotExist: registration/login.html
ERROR 2026-02-07 11:06:54,199 log 16884 6161510400 "GET /accounts/login/?next=/o/authorize/%3Fresponse_type%3Dcode%26client_id%3DtWPNEYKsqD0Qe2MHBkEqMamn3Jezyp7qNzKnPgdU%26state%3Drandom123%26scope%3Dopenid%2520profile%2520email%26redirect_uri%3Dhttps%253A%252F%252Foauth.pstmn.io%252Fv1%252Fbrowser-callback%26code_challenge%3Ds7QfcknXFg3fcvdUJ_H__mFs8I8XEMc5wKMNXHUxslw%26code_challenge_method%3DS256 HTTP/1.1" 500 97463
INFO 2026-02-07 11:10:39,676 log 16884 6161510400 "GET /accounts/login/?next=/o/authorize/%3Fresponse_type%3Dcode%26client_id%3DtWPNEYKsqD0Qe2MHBkEqMamn3Jezyp7qNzKnPgdU%26state%3Drandom123%26scope%3Dopenid%2520profile%2520email%26redirect_uri%3Dhttps%253A%252F%252Foauth.pstmn.io%252Fv1%252Fbrowser-callback%26code_challenge%3Dv9SF4effAQ0W7Fb_d4ZOQ36rA5WqT2R2f6-ESIy2i3o%26code_challenge_method%3DS256 HTTP/1.1" 200 700
INFO 2026-02-07 11:10:56,517 log 16884 6161510400 "POST /accounts/login/?next=/o/authorize/%3Fresponse_type%3Dcode%26client_id%3DtWPNEYKsqD0Qe2MHBkEqMamn3Jezyp7qNzKnPgdU%26state%3Drandom123%26scope%3Dopenid%2520profile%2520email%26redirect_uri%3Dhttps%253A%252F%252Foauth.pstmn.io%252Fv1%252Fbrowser-callback%26code_challenge%3Dv9SF4effAQ0W7Fb_d4ZOQ36rA5WqT2R2f6-ESIy2i3o%26code_challenge_method%3DS256 HTTP/1.1" 302 0
WARNING 2026-02-07 11:10:57,343 log 16884 6178336768 Forbidden (CSRF token from POST incorrect.): /accounts/login/
WARNING 2026-02-07 11:10:57,714 log 16884 6178336768 "POST /accounts/login/?next=/o/authorize/%3Fresponse_type%3Dcode%26client_id%3DtWPNEYKsqD0Qe2MHBkEqMamn3Jezyp7qNzKnPgdU%26state%3Drandom123%26scope%3Dopenid%2520profile%2520email%26redirect_uri%3Dhttps%253A%252F%252Foauth.pstmn.io%252Fv1%252Fbrowser-callback%26code_challenge%3Dv9SF4effAQ0W7Fb_d4ZOQ36rA5WqT2R2f6-ESIy2i3o%26code_challenge_method%3DS256 HTTP/1.1" 403 2503
WARNING 2026-02-07 11:10:58,035 log 16884 6161510400 Bad Request: /o/authorize/
INFO 2026-02-07 11:10:58,037 basehttp 16884 6161510400 - Broken pipe from ('127.0.0.1', 50444)
INFO 2026-02-07 11:11:08,731 log 16884 6178336768 "GET /o/authorize/?response_type=code&client_id=tWPNEYKsqD0Qe2MHBkEqMamn3Jezyp7qNzKnPgdU&state=random123&scope=openid%20profile%20email&redirect_uri=https%3A%2F%2Foauth.pstmn.io%2Fv1%2Fbrowser-callback&code_challenge=LKAbLuFCT8oRcTAXrzAhWah54nsV42Z7CX8HlzRrl20&code_challenge_method=S256 HTTP/1.1" 302 0
INFO 2026-02-07 11:11:09,634 log 16884 6178336768 "GET /accounts/login/?next=/o/authorize/%3Fresponse_type%3Dcode%26client_id%3DtWPNEYKsqD0Qe2MHBkEqMamn3Jezyp7qNzKnPgdU%26state%3Drandom123%26scope%3Dopenid%2520profile%2520email%26redirect_uri%3Dhttps%253A%252F%252Foauth.pstmn.io%252Fv1%252Fbrowser-callback%26code_challenge%3DLKAbLuFCT8oRcTAXrzAhWah54nsV42Z7CX8HlzRrl20%26code_challenge_method%3DS256 HTTP/1.1" 200 700
INFO 2026-02-07 11:11:24,491 log 16884 6178336768 "POST /accounts/login/?next=/o/authorize/%3Fresponse_type%3Dcode%26client_id%3DtWPNEYKsqD0Qe2MHBkEqMamn3Jezyp7qNzKnPgdU%26state%3Drandom123%26scope%3Dopenid%2520profile%2520email%26redirect_uri%3Dhttps%253A%252F%252Foauth.pstmn.io%252Fv1%252Fbrowser-callback%26code_challenge%3DLKAbLuFCT8oRcTAXrzAhWah54nsV42Z7CX8HlzRrl20%26code_challenge_method%3DS256 HTTP/1.1" 302 0
WARNING 2026-02-07 11:11:25,929 log 16884 6178336768 Bad Request: /o/authorize/
WARNING 2026-02-07 11:11:25,930 log 16884 6178336768 "GET /o/authorize/?response_type=code&client_id=tWPNEYKsqD0Qe2MHBkEqMamn3Jezyp7qNzKnPgdU&state=random123&scope=openid%20profile%20email&redirect_uri=https%3A%2F%2Foauth.pstmn.io%2Fv1%2Fbrowser-callback&code_challenge=LKAbLuFCT8oRcTAXrzAhWah54nsV42Z7CX8HlzRrl20&code_challenge_method=S256 HTTP/1.1" 400 1328
INFO 2026-02-07 11:14:29,004 log 16884 6161510400 "GET /admin/oauth2_provider/application/ HTTP/1.1" 200 17731
INFO 2026-02-07 11:14:29,007 basehttp 16884 6161510400 - Broken pipe from ('127.0.0.1', 50553)
INFO 2026-02-07 11:14:30,376 log 16884 6195163136 "GET /admin/oauth2_provider/application/ HTTP/1.1" 200 17731
INFO 2026-02-07 11:14:31,681 log 16884 6195163136 "GET /admin/jsi18n/ HTTP/1.1" 200 3342
INFO 2026-02-07 11:14:36,758 log 16884 6195163136 "GET /admin/oauth2_provider/application/1/change/ HTTP/1.1" 200 25123
INFO 2026-02-07 11:14:37,969 log 16884 6195163136 "GET /admin/jsi18n/ HTTP/1.1" 200 3342
INFO 2026-02-07 11:14:37,994 log 16884 6195163136 "GET /static/admin/img/tooltag-arrowright.svg HTTP/1.1" 200 569
INFO 2026-02-07 11:15:02,704 log 16884 6195163136 "POST /admin/oauth2_provider/application/1/change/ HTTP/1.1" 302 0
INFO 2026-02-07 11:15:04,621 log 16884 6195163136 "GET /admin/oauth2_provider/application/ HTTP/1.1" 200 17984
INFO 2026-02-07 11:15:05,874 log 16884 6195163136 "GET /admin/jsi18n/ HTTP/1.1" 200 3342
INFO 2026-02-07 11:15:18,663 log 16884 6178336768 "GET /o/authorize/?response_type=code&client_id=tWPNEYKsqD0Qe2MHBkEqMamn3Jezyp7qNzKnPgdU&state=random123&scope=openid%20profile%20email&redirect_uri=https%3A%2F%2Foauth.pstmn.io%2Fv1%2Fbrowser-callback&code_challenge=Xcr3OGRNcmNh2uiPvihxBYM0Nk7kcrLw-gVQJkAiAcg&code_challenge_method=S256 HTTP/1.1" 302 0
INFO 2026-02-07 11:15:19,458 log 16884 6178336768 "GET /accounts/login/?next=/o/authorize/%3Fresponse_type%3Dcode%26client_id%3DtWPNEYKsqD0Qe2MHBkEqMamn3Jezyp7qNzKnPgdU%26state%3Drandom123%26scope%3Dopenid%2520profile%2520email%26redirect_uri%3Dhttps%253A%252F%252Foauth.pstmn.io%252Fv1%252Fbrowser-callback%26code_challenge%3DXcr3OGRNcmNh2uiPvihxBYM0Nk7kcrLw-gVQJkAiAcg%26code_challenge_method%3DS256 HTTP/1.1" 200 700
INFO 2026-02-07 11:15:33,068 log 16884 6178336768 "POST /accounts/login/?next=/o/authorize/%3Fresponse_type%3Dcode%26client_id%3DtWPNEYKsqD0Qe2MHBkEqMamn3Jezyp7qNzKnPgdU%26state%3Drandom123%26scope%3Dopenid%2520profile%2520email%26redirect_uri%3Dhttps%253A%252F%252Foauth.pstmn.io%252Fv1%252Fbrowser-callback%26code_challenge%3DXcr3OGRNcmNh2uiPvihxBYM0Nk7kcrLw-gVQJkAiAcg%26code_challenge_method%3DS256 HTTP/1.1" 302 0
INFO 2026-02-07 11:15:34,709 log 16884 6178336768 "GET /o/authorize/?response_type=code&client_id=tWPNEYKsqD0Qe2MHBkEqMamn3Jezyp7qNzKnPgdU&state=random123&scope=openid%20profile%20email&redirect_uri=https%3A%2F%2Foauth.pstmn.io%2Fv1%2Fbrowser-callback&code_challenge=Xcr3OGRNcmNh2uiPvihxBYM0Nk7kcrLw-gVQJkAiAcg&code_challenge_method=S256 HTTP/1.1" 200 3800
INFO 2026-02-07 11:15:41,347 log 16884 6178336768 "POST /o/authorize/?response_type=code&client_id=tWPNEYKsqD0Qe2MHBkEqMamn3Jezyp7qNzKnPgdU&state=random123&scope=openid%20profile%20email&redirect_uri=https%3A%2F%2Foauth.pstmn.io%2Fv1%2Fbrowser-callback&code_challenge=Xcr3OGRNcmNh2uiPvihxBYM0Nk7kcrLw-gVQJkAiAcg&code_challenge_method=S256 HTTP/1.1" 302 0
INFO 2026-02-07 11:16:49,812 log 16884 6161510400 "GET /o/authorize/?response_type=code&client_id=tWPNEYKsqD0Qe2MHBkEqMamn3Jezyp7qNzKnPgdU&state=random123&scope=openid%20profile%20email&redirect_uri=https%3A%2F%2Foauth.pstmn.io%2Fv1%2Fbrowser-callback&code_challenge=um8dBI3KtwpMfMHO6-gJ2vgSN2mgNoG0bYrcLt2xYdY&code_challenge_method=S256 HTTP/1.1" 302 0
INFO 2026-02-07 11:16:50,608 log 16884 6161510400 "GET /accounts/login/?next=/o/authorize/%3Fresponse_type%3Dcode%26client_id%3DtWPNEYKsqD0Qe2MHBkEqMamn3Jezyp7qNzKnPgdU%26state%3Drandom123%26scope%3Dopenid%2520profile%2520email%26redirect_uri%3Dhttps%253A%252F%252Foauth.pstmn.io%252Fv1%252Fbrowser-callback%26code_challenge%3Dum8dBI3KtwpMfMHO6-gJ2vgSN2mgNoG0bYrcLt2xYdY%26code_challenge_method%3DS256 HTTP/1.1" 200 700
INFO 2026-02-07 11:17:02,926 log 16884 6161510400 "POST /accounts/login/?next=/o/authorize/%3Fresponse_type%3Dcode%26client_id%3DtWPNEYKsqD0Qe2MHBkEqMamn3Jezyp7qNzKnPgdU%26state%3Drandom123%26scope%3Dopenid%2520profile%2520email%26redirect_uri%3Dhttps%253A%252F%252Foauth.pstmn.io%252Fv1%252Fbrowser-callback%26code_challenge%3Dum8dBI3KtwpMfMHO6-gJ2vgSN2mgNoG0bYrcLt2xYdY%26code_challenge_method%3DS256 HTTP/1.1" 302 0
INFO 2026-02-07 11:17:04,651 log 16884 6161510400 "GET /o/authorize/?response_type=code&client_id=tWPNEYKsqD0Qe2MHBkEqMamn3Jezyp7qNzKnPgdU&state=random123&scope=openid%20profile%20email&redirect_uri=https%3A%2F%2Foauth.pstmn.io%2Fv1%2Fbrowser-callback&code_challenge=um8dBI3KtwpMfMHO6-gJ2vgSN2mgNoG0bYrcLt2xYdY&code_challenge_method=S256 HTTP/1.1" 200 3800
INFO 2026-02-07 11:17:14,513 log 16884 6161510400 "POST /o/authorize/?response_type=code&client_id=tWPNEYKsqD0Qe2MHBkEqMamn3Jezyp7qNzKnPgdU&state=random123&scope=openid%20profile%20email&redirect_uri=https%3A%2F%2Foauth.pstmn.io%2Fv1%2Fbrowser-callback&code_challenge=um8dBI3KtwpMfMHO6-gJ2vgSN2mgNoG0bYrcLt2xYdY&code_challenge_method=S256 HTTP/1.1" 302 0
INFO 2026-02-09 05:28:56,479 log 16884 6162083840 "GET /o/authorize/?response_type=code&client_id=tWPNEYKsqD0Qe2MHBkEqMamn3Jezyp7qNzKnPgdU&state=random123&scope=openid%20profile%20email&redirect_uri=https%3A%2F%2Foauth.pstmn.io%2Fv1%2Fbrowser-callback&code_challenge=MgNPpm9pR-jfgv3sM74dZPBBi5cCt1idtKAS37m4tnU&code_challenge_method=S256 HTTP/1.1" 302 0
INFO 2026-02-09 05:28:57,711 log 16884 6162083840 "GET /accounts/login/?next=/o/authorize/%3Fresponse_type%3Dcode%26client_id%3DtWPNEYKsqD0Qe2MHBkEqMamn3Jezyp7qNzKnPgdU%26state%3Drandom123%26scope%3Dopenid%2520profile%2520email%26redirect_uri%3Dhttps%253A%252F%252Foauth.pstmn.io%252Fv1%252Fbrowser-callback%26code_challenge%3DMgNPpm9pR-jfgv3sM74dZPBBi5cCt1idtKAS37m4tnU%26code_challenge_method%3DS256 HTTP/1.1" 200 12377
WARNING 2026-02-09 05:29:18,577 log 16884 6162083840 Not Found: /
WARNING 2026-02-09 05:29:18,580 log 16884 6162083840 "GET / HTTP/1.1" 404 4073
INFO 2026-02-09 05:29:25,497 log 16884 6162083840 "GET /accounts/login/ HTTP/1.1" 200 12377
INFO 2026-02-09 05:29:28,381 log 16884 6162083840 "GET /accounts/login/ HTTP/1.1" 200 12377
INFO 2026-02-09 05:29:31,415 basehttp 16884 6162083840 - Broken pipe from ('127.0.0.1', 56553)
INFO 2026-02-09 05:29:32,010 log 16884 6325039104 "GET /accounts/login/ HTTP/1.1" 200 12377
WARNING 2026-02-09 05:29:35,797 log 16884 6325039104 Not Found: /.well-known/appspecific/com.chrome.devtools.json
WARNING 2026-02-09 05:29:35,798 log 16884 6325039104 "GET /.well-known/appspecific/com.chrome.devtools.json HTTP/1.1" 404 4326
INFO 2026-02-09 05:29:43,712 log 16884 6325039104 "GET /accounts/login/ HTTP/1.1" 200 12377
WARNING 2026-02-09 05:29:44,813 log 16884 6325039104 Not Found: /.well-known/appspecific/com.chrome.devtools.json
WARNING 2026-02-09 05:29:44,813 log 16884 6325039104 "GET /.well-known/appspecific/com.chrome.devtools.json HTTP/1.1" 404 4326
INFO 2026-02-09 05:30:06,722 log 16884 6325039104 "GET /accounts/login/ HTTP/1.1" 200 12377
WARNING 2026-02-09 05:30:07,949 log 16884 6325039104 Not Found: /.well-known/appspecific/com.chrome.devtools.json
WARNING 2026-02-09 05:30:07,950 log 16884 6325039104 "GET /.well-known/appspecific/com.chrome.devtools.json HTTP/1.1" 404 4326
INFO 2026-02-09 05:30:13,520 log 16884 6325039104 "GET /accounts/login/ HTTP/1.1" 200 12377
WARNING 2026-02-09 05:30:14,722 log 16884 6325039104 Not Found: /.well-known/appspecific/com.chrome.devtools.json
WARNING 2026-02-09 05:30:14,723 log 16884 6325039104 "GET /.well-known/appspecific/com.chrome.devtools.json HTTP/1.1" 404 4326
INFO 2026-02-09 05:30:15,796 log 16884 6341865472 "GET /accounts/login/ HTTP/1.1" 200 12377
WARNING 2026-02-09 05:30:17,050 log 16884 6341865472 Not Found: /.well-known/appspecific/com.chrome.devtools.json
WARNING 2026-02-09 05:30:17,051 log 16884 6341865472 "GET /.well-known/appspecific/com.chrome.devtools.json HTTP/1.1" 404 4326
INFO 2026-02-09 05:30:17,738 log 16884 6325039104 "GET /accounts/login/ HTTP/1.1" 200 12377
WARNING 2026-02-09 05:30:18,782 log 16884 6325039104 Not Found: /.well-known/appspecific/com.chrome.devtools.json
WARNING 2026-02-09 05:30:18,784 log 16884 6325039104 "GET /.well-known/appspecific/com.chrome.devtools.json HTTP/1.1" 404 4326
INFO 2026-02-09 05:30:19,155 log 16884 6341865472 "GET /accounts/login/ HTTP/1.1" 200 12377
WARNING 2026-02-09 05:30:20,299 log 16884 6341865472 Not Found: /.well-known/appspecific/com.chrome.devtools.json
WARNING 2026-02-09 05:30:20,300 log 16884 6341865472 "GET /.well-known/appspecific/com.chrome.devtools.json HTTP/1.1" 404 4326
INFO 2026-02-09 05:30:21,682 log 16884 6341865472 "GET /accounts/login/ HTTP/1.1" 200 12377
WARNING 2026-02-09 05:30:22,729 log 16884 6341865472 Not Found: /.well-known/appspecific/com.chrome.devtools.json
WARNING 2026-02-09 05:30:22,731 log 16884 6341865472 "GET /.well-known/appspecific/com.chrome.devtools.json HTTP/1.1" 404 4326
WARNING 2026-02-09 05:34:09,099 log 16884 6341865472 Not Found: /accounts/google/login/
WARNING 2026-02-09 05:34:09,103 log 16884 6341865472 "GET /accounts/google/login/ HTTP/1.1" 404 6332
WARNING 2026-02-09 05:34:10,466 log 16884 6341865472 Not Found: /.well-known/appspecific/com.chrome.devtools.json
WARNING 2026-02-09 05:34:10,469 log 16884 6341865472 "GET /.well-known/appspecific/com.chrome.devtools.json HTTP/1.1" 404 4326
WARNING 2026-02-09 05:34:14,171 log 16884 6341865472 Not Found: /.well-known/appspecific/com.chrome.devtools.json
WARNING 2026-02-09 05:34:14,173 log 16884 6341865472 "GET /.well-known/appspecific/com.chrome.devtools.json HTTP/1.1" 404 4326
WARNING 2026-02-09 05:34:15,522 log 16884 6341865472 Not Found: /.well-known/appspecific/com.chrome.devtools.json
WARNING 2026-02-09 05:34:15,524 log 16884 6341865472 "GET /.well-known/appspecific/com.chrome.devtools.json HTTP/1.1" 404 4326
INFO 2026-02-09 05:34:16,220 log 16884 6325039104 "GET /accounts/login/ HTTP/1.1" 200 12377
WARNING 2026-02-09 05:34:17,458 log 16884 6325039104 Not Found: /.well-known/appspecific/com.chrome.devtools.json
WARNING 2026-02-09 05:34:17,459 log 16884 6325039104 "GET /.well-known/appspecific/com.chrome.devtools.json HTTP/1.1" 404 4326
INFO 2026-02-09 05:34:18,544 log 16884 6325039104 "GET /accounts/login/ HTTP/1.1" 200 12377
WARNING 2026-02-09 05:34:19,892 log 16884 6325039104 Not Found: /.well-known/appspecific/com.chrome.devtools.json
WARNING 2026-02-09 05:34:19,892 log 16884 6325039104 "GET /.well-known/appspecific/com.chrome.devtools.json HTTP/1.1" 404 4326
INFO 2026-02-09 05:42:31,873 log 16884 6162083840 "GET /accounts/login/ HTTP/1.1" 200 12377
WARNING 2026-02-09 05:42:32,745 log 16884 6162083840 Not Found: /.well-known/appspecific/com.chrome.devtools.json
WARNING 2026-02-09 05:42:32,747 log 16884 6162083840 "GET /.well-known/appspecific/com.chrome.devtools.json HTTP/1.1" 404 4326
INFO 2026-02-09 05:46:10,248 log 16884 6162083840 "GET /o/authorize/?response_type=code&client_id=tWPNEYKsqD0Qe2MHBkEqMamn3Jezyp7qNzKnPgdU&state=random123&scope=openid%20profile%20email&redirect_uri=https%3A%2F%2Foauth.pstmn.io%2Fv1%2Fbrowser-callback&code_challenge=LKAbLuFCT8oRcTAXrzAhWah54nsV42Z7CX8HlzRrl20&code_challenge_method=S256 HTTP/1.1" 302 0
INFO 2026-02-09 05:46:11,092 log 16884 6162083840 "GET /accounts/login/?next=/o/authorize/%3Fresponse_type%3Dcode%26client_id%3DtWPNEYKsqD0Qe2MHBkEqMamn3Jezyp7qNzKnPgdU%26state%3Drandom123%26scope%3Dopenid%2520profile%2520email%26redirect_uri%3Dhttps%253A%252F%252Foauth.pstmn.io%252Fv1%252Fbrowser-callback%26code_challenge%3DLKAbLuFCT8oRcTAXrzAhWah54nsV42Z7CX8HlzRrl20%26code_challenge_method%3DS256 HTTP/1.1" 200 700
INFO 2026-02-09 05:46:26,069 log 16884 6341865472 "GET /admin/oauth2_provider/application/ HTTP/1.1" 302 0
INFO 2026-02-09 05:46:26,961 log 16884 6341865472 "GET /admin/login/?next=/admin/oauth2_provider/application/ HTTP/1.1" 200 4136
INFO 2026-02-09 05:46:27,011 log 16884 6375518208 "GET /static/admin/js/theme.js HTTP/1.1" 200 1653
INFO 2026-02-09 05:46:27,012 log 16884 6392344576 "GET /static/admin/js/nav_sidebar.js HTTP/1.1" 200 3063
INFO 2026-02-09 09:49:23,553 autoreload 16884 8310350016 /Users/dhrubajyotiborah/Documents/Projects/hcs_sso_with_oidc/sso/settings.py changed, reloading.
ERROR 2026-02-09 09:49:25,335 apps 54147 8310350016 Failed to import social_core: No module named 'social_core.backends.registry'. Make sure 'social_django' is installed.
INFO 2026-02-09 09:49:25,335 apps 54147 8310350016 ✅ Social authentication app initialized successfully
INFO 2026-02-09 09:49:25,342 autoreload 54147 8310350016 Watching for file changes with StatReloader
INFO 2026-02-09 09:50:01,474 autoreload 54147 8310350016 /Users/dhrubajyotiborah/Documents/Projects/hcs_sso_with_oidc/sso/settings.py changed, reloading.
ERROR 2026-02-09 09:50:02,181 apps 54580 8310350016 Failed to import social_core: No module named 'social_core.backends.registry'. Make sure 'social_django' is installed.
INFO 2026-02-09 09:50:02,181 apps 54580 8310350016 ✅ Social authentication app initialized successfully
INFO 2026-02-09 09:50:02,189 autoreload 54580 8310350016 Watching for file changes with StatReloader
INFO 2026-02-09 10:41:25,225 autoreload 54580 8310350016 /Users/dhrubajyotiborah/Documents/Projects/hcs_sso_with_oidc/sso/settings.py changed, reloading.
ERROR 2026-02-09 10:41:26,082 apps 87477 8310350016 Failed to import social_core: No module named 'social_core.backends.registry'. Make sure 'social_django' is installed.
INFO 2026-02-09 10:41:26,082 apps 87477 8310350016 ✅ Social authentication app initialized successfully
INFO 2026-02-09 10:41:26,090 autoreload 87477 8310350016 Watching for file changes with StatReloader
INFO 2026-02-09 10:44:58,919 autoreload 87477 8310350016 /Users/dhrubajyotiborah/Documents/Projects/hcs_sso_with_oidc/sso/settings.py changed, reloading.
ERROR 2026-02-09 10:44:59,639 apps 89754 8310350016 Failed to import social_core: No module named 'social_core.backends.registry'. Make sure 'social_django' is installed.
INFO 2026-02-09 10:44:59,639 apps 89754 8310350016 ✅ Social authentication app initialized successfully
INFO 2026-02-09 10:44:59,646 autoreload 89754 8310350016 Watching for file changes with StatReloader
INFO 2026-02-09 10:46:13,523 autoreload 89754 8310350016 /Users/dhrubajyotiborah/Documents/Projects/hcs_sso_with_oidc/sso/settings.py changed, reloading.
ERROR 2026-02-09 10:46:14,255 apps 90558 8310350016 Failed to import social_core: No module named 'social_core.backends.registry'. Make sure 'social_django' is installed.
INFO 2026-02-09 10:46:14,255 apps 90558 8310350016 ✅ Social authentication app initialized successfully
INFO 2026-02-09 10:46:14,263 autoreload 90558 8310350016 Watching for file changes with StatReloader
INFO 2026-02-09 10:50:46,467 autoreload 90558 8310350016 /Users/dhrubajyotiborah/Documents/Projects/hcs_sso_with_oidc/sso/settings.py changed, reloading.
ERROR 2026-02-09 10:50:47,232 apps 93438 8310350016 Failed to import social_core: No module named 'social_core.backends.registry'. Make sure 'social_django' is installed.
INFO 2026-02-09 10:50:47,232 apps 93438 8310350016 ✅ Social authentication app initialized successfully
INFO 2026-02-09 10:50:47,240 autoreload 93438 8310350016 Watching for file changes with StatReloader
INFO 2026-02-09 11:03:37,202 autoreload 93438 8310350016 /Users/dhrubajyotiborah/Documents/Projects/hcs_sso_with_oidc/sso/settings.py changed, reloading.
ERROR 2026-02-09 11:03:38,079 apps 2410 8310350016 Failed to import social_core: No module named 'social_core.backends.registry'. Make sure 'social_django' is installed.
INFO 2026-02-09 11:03:38,079 apps 2410 8310350016 ✅ Social authentication app initialized successfully
INFO 2026-02-09 11:03:38,086 autoreload 2410 8310350016 Watching for file changes with StatReloader
INFO 2026-02-09 11:03:55,114 autoreload 2410 8310350016 /Users/dhrubajyotiborah/Documents/Projects/hcs_sso_with_oidc/sso/settings.py changed, reloading.
ERROR 2026-02-09 11:03:55,762 apps 2613 8310350016 Failed to import social_core: No module named 'social_core.backends.registry'. Make sure 'social_django' is installed.
INFO 2026-02-09 11:03:55,762 apps 2613 8310350016 ✅ Social authentication app initialized successfully
INFO 2026-02-09 11:03:55,768 autoreload 2613 8310350016 Watching for file changes with StatReloader
INFO 2026-02-09 11:09:51,564 autoreload 2613 8310350016 /Users/dhrubajyotiborah/Documents/Projects/hcs_sso_with_oidc/sso/settings.py changed, reloading.
ERROR 2026-02-09 11:09:52,278 apps 7435 8310350016 Failed to import social_core: No module named 'social_core.backends.registry'. Make sure 'social_django' is installed.
INFO 2026-02-09 11:09:52,278 apps 7435 8310350016 ✅ Social authentication app initialized successfully
INFO 2026-02-09 11:09:52,286 autoreload 7435 8310350016 Watching for file changes with StatReloader
ERROR 2026-02-10 06:55:06,680 apps 84400 8380670144 Failed to import social_core: No module named 'social_core.backends.registry'. Make sure 'social_django' is installed.
INFO 2026-02-10 06:55:06,681 apps 84400 8380670144 ✅ Social authentication app initialized successfully
ERROR 2026-02-10 06:55:07,062 apps 84436 8380670144 Failed to import social_core: No module named 'social_core.backends.registry'. Make sure 'social_django' is installed.
INFO 2026-02-10 06:55:07,062 apps 84436 8380670144 ✅ Social authentication app initialized successfully
INFO 2026-02-10 06:55:07,066 autoreload 84436 8380670144 Watching for file changes with StatReloader
ERROR 2026-02-10 06:58:11,491 apps 88005 8380670144 Failed to import social_core: No module named 'social_core.backends.registry'. Make sure 'social_django' is installed.
INFO 2026-02-10 06:58:11,491 apps 88005 8380670144 ✅ Social authentication app initialized successfully
ERROR 2026-02-10 06:58:11,860 apps 88029 8380670144 Failed to import social_core: No module named 'social_core.backends.registry'. Make sure 'social_django' is installed.
INFO 2026-02-10 06:58:11,860 apps 88029 8380670144 ✅ Social authentication app initialized successfully
INFO 2026-02-10 06:58:11,864 autoreload 88029 8380670144 Watching for file changes with StatReloader
ERROR 2026-02-10 07:00:01,991 apps 89168 8380670144 Failed to import social_core: No module named 'social_core.backends.registry'. Make sure 'social_django' is installed.
INFO 2026-02-10 07:00:01,992 apps 89168 8380670144 ✅ Social authentication app initialized successfully
ERROR 2026-02-10 07:00:02,394 apps 89190 8380670144 Failed to import social_core: No module named 'social_core.backends.registry'. Make sure 'social_django' is installed.
INFO 2026-02-10 07:00:02,394 apps 89190 8380670144 ✅ Social authentication app initialized successfully
INFO 2026-02-10 07:00:02,398 autoreload 89190 8380670144 Watching for file changes with StatReloader
INFO 2026-02-10 07:12:37,931 autoreload 88029 8380670144 /Users/dhrubajyotiborah/Documents/Projects/hcs_sso_with_oidc/apps/social/apps.py changed, reloading.
ERROR 2026-02-10 07:12:38,852 apps 97065 8380670144 Failed to import social_core: cannot import name 'CustomOIDCBackend' from 'apps.social.backends' (/Users/dhrubajyotiborah/Documents/Projects/hcs_sso_with_oidc/apps/social/backends.py). Make sure 'social_django' is installed.
INFO 2026-02-10 07:12:38,858 autoreload 97065 8380670144 Watching for file changes with StatReloader
INFO 2026-02-10 07:15:18,179 autoreload 97065 8380670144 /Users/dhrubajyotiborah/Documents/Projects/hcs_sso_with_oidc/sso/settings.py changed, reloading.
ERROR 2026-02-10 07:15:18,933 apps 98731 8380670144 Failed to import social_core: cannot import name 'CustomOIDCBackend' from 'apps.social.backends' (/Users/dhrubajyotiborah/Documents/Projects/hcs_sso_with_oidc/apps/social/backends.py). Make sure 'social_django' is installed.
INFO 2026-02-10 07:15:18,937 autoreload 98731 8380670144 Watching for file changes with StatReloader
INFO 2026-02-10 07:16:16,233 autoreload 98731 8380670144 /Users/dhrubajyotiborah/Documents/Projects/hcs_sso_with_oidc/apps/social/apps.py changed, reloading.
ERROR 2026-02-10 07:16:17,015 apps 99335 8380670144 Failed to register custom backends: argument of type 'module' is not iterable
INFO 2026-02-10 07:16:17,021 autoreload 99335 8380670144 Watching for file changes with StatReloader
INFO 2026-02-10 07:16:29,479 autoreload 99335 8380670144 /Users/dhrubajyotiborah/Documents/Projects/hcs_sso_with_oidc/apps/social/apps.py changed, reloading.
ERROR 2026-02-10 07:16:30,241 apps 99492 8380670144 Failed to register custom backends: argument of type 'module' is not iterable
INFO 2026-02-10 07:16:30,245 autoreload 99492 8380670144 Watching for file changes with StatReloader
ERROR 2026-02-10 07:16:33,088 apps 99522 8380670144 Failed to register custom backends: argument of type 'module' is not iterable
ERROR 2026-02-10 07:16:33,459 apps 99523 8380670144 Failed to register custom backends: argument of type 'module' is not iterable
INFO 2026-02-10 07:16:33,461 autoreload 99523 8380670144 Watching for file changes with StatReloader
INFO 2026-02-10 07:18:31,720 autoreload 99492 8380670144 /Users/dhrubajyotiborah/Documents/Projects/hcs_sso_with_oidc/apps/social/apps.py changed, reloading.
INFO 2026-02-10 07:18:31,842 autoreload 99523 8380670144 /Users/dhrubajyotiborah/Documents/Projects/hcs_sso_with_oidc/apps/social/apps.py changed, reloading.
ERROR 2026-02-10 07:18:32,558 apps 1082 8380670144 Failed to register custom backends: argument of type 'module' is not iterable
ERROR 2026-02-10 07:18:32,558 apps 1081 8380670144 Failed to register custom backends: argument of type 'module' is not iterable
INFO 2026-02-10 07:18:32,559 apps 1082 8380670144 Enabled providers: Google, Facebook
INFO 2026-02-10 07:18:32,559 apps 1081 8380670144 Enabled providers: Google, Facebook
INFO 2026-02-10 07:18:32,559 apps 1082 8380670144 ✅ Social authentication app initialized successfully
INFO 2026-02-10 07:18:32,559 apps 1081 8380670144 ✅ Social authentication app initialized successfully
INFO 2026-02-10 07:18:32,567 autoreload 1081 8380670144 Watching for file changes with StatReloader
INFO 2026-02-10 07:18:32,567 autoreload 1082 8380670144 Watching for file changes with StatReloader
INFO 2026-02-10 07:19:16,908 log 1082 6172110848 "GET /admin/ HTTP/1.1" 301 0
INFO 2026-02-10 07:19:16,909 log 1082 6205763584 code 400, message Bad request version ('\xd1yQ\\x98\xf6\xa7\\x08\xf6\\x96\\x8d')
ERROR 2026-02-10 07:19:16,909 log 1082 6205763584 You're accessing the development server over HTTPS, but it only supports HTTP.
INFO 2026-02-10 07:19:16,911 log 1082 6172110848 code 400, message Bad request version ('\\x1a\\x1a\\x13\\x01\\x13\\x02\\x13\\x03\xc0+\xc0/\xc0,\xc00\xcc\xa9\xcc\xa8\xc0\\x13\xc0\\x14\\x00\\x9c\\x00\\x9d\\x00/\\x005\\x01\\x00\\x06\xa5\xaa\xaa\\x00\\x00\\x00\\x05\\x00\\x05\\x01\\x00\\x00\\x00\\x00\\x00+\\x00\\x07\\x06\\x8a\\x8a\\x03\\x04\\x03\\x03\\x00\\x17\\x00\\x00\\x00#\\x00\\x00\\x00\\x1b\\x00\\x03\\x02\\x00\\x02\\x00')
ERROR 2026-02-10 07:19:16,911 log 1082 6172110848 You're accessing the development server over HTTPS, but it only supports HTTP.
INFO 2026-02-10 07:19:29,210 log 1082 6172110848 code 400, message Bad request version ('+5\\x0e\xb5\xa9')
ERROR 2026-02-10 07:19:29,211 log 1082 6172110848 You're accessing the development server over HTTPS, but it only supports HTTP.
INFO 2026-02-10 07:19:29,213 log 1082 6172110848 code 400, message Bad request version ('localhost\\x00')
ERROR 2026-02-10 07:19:29,213 log 1082 6172110848 You're accessing the development server over HTTPS, but it only supports HTTP.
INFO 2026-02-10 07:19:29,214 log 1082 6172110848 code 400, message Bad request version ('E\\x8e\xf0\xa51\\x83')
ERROR 2026-02-10 07:19:29,214 log 1082 6172110848 You're accessing the development server over HTTPS, but it only supports HTTP.
INFO 2026-02-10 07:19:29,216 log 1082 6172110848 code 400, message Bad request version ('8]#<\\x17\\x98\\x86')
ERROR 2026-02-10 07:19:29,217 log 1082 6172110848 You're accessing the development server over HTTPS, but it only supports HTTP.
INFO 2026-02-10 07:19:31,277 log 1082 6172110848 code 400, message Bad request version ('\\x00\\x12\\x00\\x10\\x04\\x03\\x08\\x04\\x04\\x01\\x05\\x03\\x08\\x05\\x05\\x01\\x08\\x06\\x06\\x01\\x00-\\x00\\x02\\x01\\x01\\x003\\x04\xef\\x04\xed\xba\xba\\x00\\x01\\x00\\x11\xec\\x04\xc0R\xa4\\x10\xd0\\x10\xb7\\x19\\x06\\x93\\xad\xf1\xb1\xb1\xd6\xb5V&\\x0e')
ERROR 2026-02-10 07:19:31,278 log 1082 6172110848 You're accessing the development server over HTTPS, but it only supports HTTP.
INFO 2026-02-10 07:19:31,280 log 1082 6172110848 code 400, message Bad request version ('\xb0\xd5}_\\x90\xae\\x02\\x8b\xf6\xd9D\\x87\\x13\\x9cL')
ERROR 2026-02-10 07:19:31,280 log 1082 6172110848 You're accessing the development server over HTTPS, but it only supports HTTP.
INFO 2026-02-10 07:19:31,281 log 1082 6205763584 code 400, message Bad request syntax ('\\x16\\x03\\x01\\x06\xf2\\x01\\x00\\x06\xee\\x03\\x03m|P\xb4\\x0ejGSm\xd3')
ERROR 2026-02-10 07:19:31,281 log 1082 6205763584 You're accessing the development server over HTTPS, but it only supports HTTP.
INFO 2026-02-10 07:19:31,282 log 1082 6172110848 code 400, message Bad request version ('\\x1a\\x1a\\x13\\x01\\x13\\x02\\x13\\x03\xc0+\xc0/\xc0,\xc00\xcc\xa9\xcc\xa8\xc0\\x13\xc0\\x14\\x00\\x9c\\x00\\x9d\\x00/\\x005\\x01\\x00\\x06ejj\\x00\\x00\\x00')
ERROR 2026-02-10 07:19:31,282 log 1082 6172110848 You're accessing the development server over HTTPS, but it only supports HTTP.
INFO 2026-02-10 07:22:14,900 log 1082 6172110848 "GET / HTTP/1.1" 301 0
INFO 2026-02-10 07:22:14,904 log 1082 6205763584 code 400, message Bad request version ('qa\xda\xf3\xe6@Q0u\\x91tn\\x9eudyE\\x17\\x17T\xc6\\x02\xb3\xe6\xbb\\x8e^\xf6\xde\xeb\xe3$\\x00\\x90\\x99\\x10')
ERROR 2026-02-10 07:22:14,904 log 1082 6205763584 You're accessing the development server over HTTPS, but it only supports HTTP.
INFO 2026-02-10 07:22:14,906 log 1082 6172110848 code 400, message Bad request version ('yO')
ERROR 2026-02-10 07:22:14,906 log 1082 6172110848 You're accessing the development server over HTTPS, but it only supports HTTP.
INFO 2026-02-10 07:22:32,048 log 1082 6205763584 code 400, message Bad request version ('\\x00\\x02\\x01\\x00\\x00-\\x00\\x02\\x01\\x01D\xcd\\x00\\x05\\x00\\x03\\x02h2\\x00')
ERROR 2026-02-10 07:22:32,049 log 1082 6205763584 You're accessing the development server over HTTPS, but it only supports HTTP.
INFO 2026-02-10 07:22:32,050 log 1082 6205763584 code 400, message Bad request version ('jj\\x13\\x01\\x13\\x02\\x13\\x03\xc0+\xc0/\xc0,\xc00\xcc\xa9\xcc\xa8\xc0\\x13\xc0\\x14\\x00\\x9c\\x00\\x9d\\x00/\\x005\\x01\\x00\\x06e\xda\xda\\x00\\x00D\xcd\\x00\\x05\\x00\\x03\\x02h2\\x00-\\x00\\x02\\x01\\x01\xff\\x01\\x00\\x01\\x00\\x00\\x05\\x00\\x05\\x01\\x00\\x00\\x00\\x00\\x00')
ERROR 2026-02-10 07:22:32,050 log 1082 6205763584 You're accessing the development server over HTTPS, but it only supports HTTP.
INFO 2026-02-10 07:22:34,865 log 1082 6205763584 code 400, message Bad request version ('3\\x8cct^]\xaa\xaeQ\\x88\xc1\\x88@\xbf=G\xb3H')
INFO 2026-02-10 07:22:34,865 log 1082 6222589952 code 400, message Bad request version ('\\x9ee\xfd\\\\N>\xa2LeV\xfe\\x98\xcay')
ERROR 2026-02-10 07:22:34,870 log 1082 6222589952 You're accessing the development server over HTTPS, but it only supports HTTP.
ERROR 2026-02-10 07:22:34,870 log 1082 6205763584 You're accessing the development server over HTTPS, but it only supports HTTP.
INFO 2026-02-10 07:22:34,872 log 1082 6205763584 code 400, message Bad request version ('z\xde6\xaa\xd86\\x92\\x17\\x89\xa8\xf8s\\x89\\x97\xe1\xb9\\x023\\x1a3\xf0T`t"/\xfaB\\x86\xa6u\\x90\xd6S\xe3\xeb\xaa\xc1ap\xaa\xe801\\\\\xc33\xe1r\\x90eL\\x90\xc2\xb3\\x04\xfaM\xa2\xb3\xb7\xc3\xb7}\xd8\\x8cGU\\\\\\x7f\\x81\\x83\\x8cc\\x82')
INFO 2026-02-10 07:22:34,872 log 1082 6222589952 code 400, message Bad request version ('\\x00\\x90\xe4\\x016\xd1*\\x9a\xd6\\x98\\x0f\\x8d\\x93\xbaC\xc7q\xf0\\x19\\x92=\\\\\xdd\xde\xfc\xf8\xfac\\x8a\xc7\xef\xfbR\xe1')
ERROR 2026-02-10 07:22:34,872 log 1082 6205763584 You're accessing the development server over HTTPS, but it only supports HTTP.
ERROR 2026-02-10 07:22:34,872 log 1082 6222589952 You're accessing the development server over HTTPS, but it only supports HTTP.
ERROR 2026-02-10 07:23:50,733 apps 4531 8380670144 Failed to register custom backends: argument of type 'module' is not iterable
INFO 2026-02-10 07:23:50,733 apps 4531 8380670144 Enabled providers: Google, Facebook
INFO 2026-02-10 07:23:50,733 apps 4531 8380670144 ✅ Social authentication app initialized successfully
ERROR 2026-02-10 07:23:51,118 apps 4532 8380670144 Failed to register custom backends: argument of type 'module' is not iterable
INFO 2026-02-10 07:23:51,118 apps 4532 8380670144 Enabled providers: Google, Facebook
INFO 2026-02-10 07:23:51,118 apps 4532 8380670144 ✅ Social authentication app initialized successfully
INFO 2026-02-10 07:23:51,122 autoreload 4532 8380670144 Watching for file changes with StatReloader
INFO 2026-02-10 07:23:58,366 log 4532 6191542272 "GET / HTTP/1.1" 301 0
INFO 2026-02-10 07:23:58,396 log 4532 6191542272 code 400, message Bad request version ('\xfa\xfa\\x13\\x01\\x13\\x02\\x13\\x03\xc0+\xc0/\xc0,\xc00\xcc\xa9\xcc\xa8\xc0\\x13\xc0\\x14\\x00\\x9c\\x00\\x9d\\x00/\\x005\\x01\\x00\\x063\\x8a\\x8a\\x00\\x00\\x00\\x17\\x00\\x00D\xcd\\x00\\x05\\x00\\x03\\x02h2\\x00\\x12\\x00\\x00\\x00+\\x00\\x07\\x06\\x1a\\x1a\\x03\\x04\\x03\\x03\\x003\\x04\xef\\x04\xed')
ERROR 2026-02-10 07:23:58,397 log 4532 6191542272 You're accessing the development server over HTTPS, but it only supports HTTP.
INFO 2026-02-10 07:23:58,398 log 4532 6191542272 code 400, message Bad request version ('\\x06\\x9e\xa7\xe4\xa7\\x86g\xc1\\x7fR~\\x12\\x15|2\xd3\xbb\xc7\xe9Q\\x8d\xd9\xb3\\x12\xd2\\x94\xec\\x13\\x146\\x11\\x82\xdf\xc0\xb1mEc\xb2\xc8\\x97\xe7\\x9643:\xb9\\x8cfO')
ERROR 2026-02-10 07:23:58,398 log 4532 6191542272 You're accessing the development server over HTTPS, but it only supports HTTP.
INFO 2026-02-10 07:24:20,054 log 4532 6191542272 "GET / HTTP/1.1" 301 0
INFO 2026-02-10 07:24:20,068 log 4532 6191542272 code 400, message Bad request version ('\\x87\\x02\\x14\\\\\xbf\xf8\xa1\xd0\xb2\xb5GuT_\\x8b\\x86\xf1c%\xb0>\\x03\xefF\xd6\xa3T\xa1\xc4\xcawp\\x00"\\x13\\x01\\x13\\x03\\x13\\x02\xc0+\xc0/\xcc\xa9\xcc\xa8\xc0,\xc00\xc0')
ERROR 2026-02-10 07:24:20,068 log 4532 6191542272 You're accessing the development server over HTTPS, but it only supports HTTP.
INFO 2026-02-10 07:24:20,074 log 4532 6191542272 code 400, message Bad HTTP/0.9 request type ('\\x16\\x03\\x01\\x02t\\x01\\x00\\x02p\\x03\\x03]\\x8cC\xef\xc8Isi3\xd5fx\xf0\xf5\xb7ll\xc4\\x81g\xa2\xf9\xe5\xdf5\\x82Sc\\x90\\x93)\\x1b')
ERROR 2026-02-10 07:24:20,074 log 4532 6191542272 You're accessing the development server over HTTPS, but it only supports HTTP.
ERROR 2026-02-10 07:29:31,032 apps 8182 8380670144 Failed to register custom backends: argument of type 'module' is not iterable
INFO 2026-02-10 07:29:31,032 apps 8182 8380670144 Enabled providers: Google, Facebook
INFO 2026-02-10 07:29:31,032 apps 8182 8380670144 ✅ Social authentication app initialized successfully
ERROR 2026-02-10 07:29:31,448 apps 8207 8380670144 Failed to register custom backends: argument of type 'module' is not iterable
INFO 2026-02-10 07:29:31,449 apps 8207 8380670144 Enabled providers: Google, Facebook
INFO 2026-02-10 07:29:31,449 apps 8207 8380670144 ✅ Social authentication app initialized successfully
INFO 2026-02-10 07:29:31,454 autoreload 8207 8380670144 Watching for file changes with StatReloader
INFO 2026-02-10 07:29:41,805 log 8207 6202601472 code 400, message Bad request version (',\xe8\xe8\xa5\\x01\xee\xdf\xe0m\xf3\xb3\\x18\xb0\xbeW0\\x17\xee+);\xe3\xf6\\x14\xa7\\x9bX<5\xfd\xba\xa8\\x00')
INFO 2026-02-10 07:29:41,805 log 8207 6219427840 code 400, message Bad request version ('\\x02h2\\x08http/1.1\\x00')
ERROR 2026-02-10 07:29:41,806 log 8207 6202601472 You're accessing the development server over HTTPS, but it only supports HTTP.
ERROR 2026-02-10 07:29:41,807 log 8207 6219427840 You're accessing the development server over HTTPS, but it only supports HTTP.
INFO 2026-02-10 07:29:41,809 log 8207 6202601472 code 400, message Bad request version ("\\x042\xbeo\xa5K'bb#\\x04GT\\x93\\x90\xc2\\x94\xa3`\xaf\xef\\x02i\xd054&v\xd2/\xb7\\x81\\x95;u\\x1bf\xf8H;\xee")
ERROR 2026-02-10 07:29:41,809 log 8207 6202601472 You're accessing the development server over HTTPS, but it only supports HTTP.
INFO 2026-02-10 07:29:41,810 log 8207 6219427840 code 400, message Bad request version ('\xa7\xfd_\xdes*\\x9a\xce\\x96D\xd0\xcc\xac')
ERROR 2026-02-10 07:29:41,810 log 8207 6219427840 You're accessing the development server over HTTPS, but it only supports HTTP.
INFO 2026-02-10 07:29:44,121 log 8207 6202601472 code 400, message Bad request version ('\\x00\\x02\\x01\\x00\\x00\\x05\\x00\\x05\\x01\\x00\\x00\\x00\\x00\\x00\\x17\\x00\\x00\\x00')
ERROR 2026-02-10 07:29:44,121 log 8207 6202601472 You're accessing the development server over HTTPS, but it only supports HTTP.
INFO 2026-02-10 07:29:44,122 log 8207 6219427840 code 400, message Bad request version ('zz\\x13\\x01\\x13\\x02\\x13\\x03\xc0+\xc0/\xc0,\xc00\xcc\xa9\xcc\xa8\xc0\\x13\xc0\\x14\\x00\\x9c\\x00\\x9d\\x00/\\x005\\x01\\x00\\x06Ejj\\x00\\x00\\x00\\x12\\x00\\x00\\x00')
ERROR 2026-02-10 07:29:44,122 log 8207 6219427840 You're accessing the development server over HTTPS, but it only supports HTTP.
INFO 2026-02-10 07:29:44,123 log 8207 6202601472 code 400, message Bad request version ('\xacD')
ERROR 2026-02-10 07:29:44,123 log 8207 6202601472 You're accessing the development server over HTTPS, but it only supports HTTP.
INFO 2026-02-10 07:29:44,123 log 8207 6202601472 code 400, message Bad request version ('En{\xb9\xae\xc5I\\x89\\x93\xfaX\xa2\xe0\\x93')
ERROR 2026-02-10 07:29:44,124 log 8207 6202601472 You're accessing the development server over HTTPS, but it only supports HTTP.
INFO 2026-02-10 07:29:44,273 log 8207 6202601472 code 400, message Bad request version ('localhost\\x00\\x1b\\x00\\x03\\x02\\x00\\x02\\x00')
ERROR 2026-02-10 07:29:44,273 log 8207 6202601472 You're accessing the development server over HTTPS, but it only supports HTTP.
INFO 2026-02-10 07:29:44,274 log 8207 6219427840 code 400, message Bad request version ('G3\\x10')
ERROR 2026-02-10 07:29:44,274 log 8207 6219427840 You're accessing the development server over HTTPS, but it only supports HTTP.
INFO 2026-02-10 07:29:44,275 log 8207 6202601472 code 400, message Bad request version ('\xca\xca\\x13\\x01\\x13\\x02\\x13\\x03\xc0+\xc0/\xc0,\xc00\xcc\xa9\xcc\xa8\xc0\\x13\xc0\\x14\\x00\\x9c\\x00\\x9d\\x00/\\x005\\x01\\x00\\x06E::\\x00\\x00\\x00#\\x00\\x00\\x003\\x04\xef\\x04\xed\\x9a\\x9a\\x00\\x01\\x00\\x11\xec\\x04\xc0\\x9ecf\\x00')
ERROR 2026-02-10 07:29:44,275 log 8207 6202601472 You're accessing the development server over HTTPS, but it only supports HTTP.
INFO 2026-02-10 07:29:44,275 log 8207 6202601472 code 400, message Bad request version ('\\x06\\x91~\xcc')
ERROR 2026-02-10 07:29:44,276 log 8207 6202601472 You're accessing the development server over HTTPS, but it only supports HTTP.
INFO 2026-02-10 07:29:44,685 log 8207 6202601472 code 400, message Bad request version ('\\x00\\x12\\x00\\x10\\x04\\x03\\x08\\x04\\x04\\x01\\x05\\x03\\x08\\x05\\x05\\x01\\x08\\x06\\x06\\x01\\x00+\\x00\\x07\\x06\xfa\xfa\\x03\\x04\\x03\\x03\\x00\\x12\\x00\\x00\\x00')
ERROR 2026-02-10 07:29:44,685 log 8207 6202601472 You're accessing the development server over HTTPS, but it only supports HTTP.
INFO 2026-02-10 07:29:44,686 log 8207 6219427840 code 400, message Bad HTTP/0.9 request type ('\\x16\\x03\\x01\\x06\xf2\\x01\\x00\\x06\xee\\x03\\x03L\\x15\xb3\xcc\xae\\x82JS\\x13\\x17\xbb\xf2!L8\xd1j\xbd\xec\xf1N\xf08\xf9W~\\x92T\xd3R\\x00\xde')
INFO 2026-02-10 07:29:44,687 log 8207 6202601472 code 400, message Bad request syntax ('\\x16\\x03\\x01\\x06\xf2\\x01\\x00\\x06\xee\\x03\\x03\xb6\xa3t\xf3\xc8\xab\xee\\x9eH\xe6\xa1\xc9\xa5\\x99\xe7:1')
ERROR 2026-02-10 07:29:44,687 log 8207 6219427840 You're accessing the development server over HTTPS, but it only supports HTTP.
ERROR 2026-02-10 07:29:44,687 log 8207 6202601472 You're accessing the development server over HTTPS, but it only supports HTTP.
INFO 2026-02-10 07:29:44,688 log 8207 6202601472 code 400, message Bad request version ('\\x8f`\\x04\\x88\xa6\\x9e\\x12\\x0eV')
ERROR 2026-02-10 07:29:44,688 log 8207 6202601472 You're accessing the development server over HTTPS, but it only supports HTTP.
INFO 2026-02-10 07:29:44,823 log 8207 6202601472 code 400, message Bad request version ('~t\\x82^\xbf\xb0q\xe4A\\x84;\xd5\\x9c"Y\\'\\x03p\xc8b\\x145#')
ERROR 2026-02-10 07:29:44,824 log 8207 6202601472 You're accessing the development server over HTTPS, but it only supports HTTP.
INFO 2026-02-10 07:29:44,824 log 8207 6202601472 code 400, message Bad request version ('\\x00\\x02\\x01\\x00\\x00')
ERROR 2026-02-10 07:29:44,825 log 8207 6202601472 You're accessing the development server over HTTPS, but it only supports HTTP.
INFO 2026-02-10 07:29:44,825 log 8207 6219427840 code 400, message Bad request version ('\xaa\xaa\\x13\\x01\\x13\\x02\\x13\\x03\xc0+\xc0/\xc0,\xc00\xcc\xa9\xcc\xa8\xc0\\x13\xc0\\x14\\x00\\x9c\\x00\\x9d\\x00/\\x005\\x01\\x00\\x06e')
ERROR 2026-02-10 07:29:44,825 log 8207 6219427840 You're accessing the development server over HTTPS, but it only supports HTTP.
INFO 2026-02-10 07:29:44,826 log 8207 6202601472 code 400, message Bad request version ('\\x02h2\\x08http/1.1\\x003\\x04\xef\\x04\xed\\x8a\\x8a\\x00\\x01\\x00\\x11\xec\\x04\xc0\xc3y\\x80\xce\xda*\\x15\xea\\x06\xcc\\x9cS,\xf3\\x88Z9\\x8b\\xad\\x980\xf0\xaaQ\xb2\xb6O\xf0\\x92\xa2T\xf7\\x0e\xea;W]\xfb1\xc5\\x8c\\x90\xa1\xf1XUdl\\x99\\x033Q\xc2*Q\xd8\\x07\xa5\xec\\x19\\x1bE=\xabZ\xc14')
ERROR 2026-02-10 07:29:44,826 log 8207 6202601472 You're accessing the development server over HTTPS, but it only supports HTTP.
INFO 2026-02-10 07:30:07,901 autoreload 8207 8380670144 /Users/dhrubajyotiborah/Documents/Projects/hcs_sso_with_oidc/sso/settings.py changed, reloading.
ERROR 2026-02-10 07:30:08,758 apps 8642 8380670144 Failed to register custom backends: argument of type 'module' is not iterable
INFO 2026-02-10 07:30:08,758 apps 8642 8380670144 Enabled providers: Google, Facebook
INFO 2026-02-10 07:30:08,758 apps 8642 8380670144 ✅ Social authentication app initialized successfully
INFO 2026-02-10 07:30:08,766 autoreload 8642 8380670144 Watching for file changes with StatReloader
INFO 2026-02-10 07:30:20,775 log 8642 6228537344 code 400, message Bad request version ('\xcf]\xf9\xca\xabtR\\x95\xeb=\\x8d|\xfb\\x82q<')
ERROR 2026-02-10 07:30:20,776 log 8642 6228537344 You're accessing the development server over HTTPS, but it only supports HTTP.
INFO 2026-02-10 07:30:20,782 log 8642 6228537344 code 400, message Bad request version ('W\\x87h\xf7\xdah\xa7\\x1b\xa6\\x11\xd5\\x9f\\x03\xa6\xc4\\x07\\x12O\\\\\xb9\xcc<S\\x92\\x8d6\xc6\xc7\\x86\\x8dX\xc4\xa9\xe4\\x98@\\x9f\xa3\\x82\xfa28da{4\xb0z\xe4\xf9\\x89\xdf\\x0529\\x86R\xb5\xd1!\xef+Mj\\x8a0Y\xa2R\\x9e\xe129\\x02.Z<\\x96\\\\i\\x87o\xb9\\x9dr\xb1\\x89\xbf\\x9c\xcd\xd8*RI\xc1\\x9f\xc7\xf7Ik\\x92')
ERROR 2026-02-10 07:30:20,782 log 8642 6228537344 You're accessing the development server over HTTPS, but it only supports HTTP.
ERROR 2026-02-10 08:43:51,092 apps 23651 8380670144 Failed to register custom backends: argument of type 'module' is not iterable
INFO 2026-02-10 08:43:51,092 apps 23651 8380670144 Enabled providers: Google, Facebook
INFO 2026-02-10 08:43:51,092 apps 23651 8380670144 ✅ Social authentication app initialized successfully
ERROR 2026-02-10 08:43:51,580 apps 23675 8380670144 Failed to register custom backends: argument of type 'module' is not iterable
INFO 2026-02-10 08:43:51,580 apps 23675 8380670144 Enabled providers: Google, Facebook
INFO 2026-02-10 08:43:51,580 apps 23675 8380670144 ✅ Social authentication app initialized successfully
INFO 2026-02-10 08:43:51,586 autoreload 23675 8380670144 Watching for file changes with StatReloader
ERROR 2026-02-10 08:44:27,083 apps 24027 8380670144 Failed to register custom backends: argument of type 'module' is not iterable
INFO 2026-02-10 08:44:27,083 apps 24027 8380670144 Enabled providers: Google, Facebook
INFO 2026-02-10 08:44:27,084 apps 24027 8380670144 ✅ Social authentication app initialized successfully
ERROR 2026-02-10 08:44:27,586 apps 24028 8380670144 Failed to register custom backends: argument of type 'module' is not iterable
INFO 2026-02-10 08:44:27,586 apps 24028 8380670144 Enabled providers: Google, Facebook
INFO 2026-02-10 08:44:27,586 apps 24028 8380670144 ✅ Social authentication app initialized successfully
INFO 2026-02-10 08:44:27,592 autoreload 24028 8380670144 Watching for file changes with StatReloader
ERROR 2026-02-10 08:49:04,757 apps 26900 8380670144 Failed to register custom backends: argument of type 'module' is not iterable
INFO 2026-02-10 08:49:04,757 apps 26900 8380670144 Enabled providers: Google, Facebook
INFO 2026-02-10 08:49:04,757 apps 26900 8380670144 ✅ Social authentication app initialized successfully
ERROR 2026-02-10 08:49:05,213 apps 26922 8380670144 Failed to register custom backends: argument of type 'module' is not iterable
INFO 2026-02-10 08:49:05,213 apps 26922 8380670144 Enabled providers: Google, Facebook
INFO 2026-02-10 08:49:05,213 apps 26922 8380670144 ✅ Social authentication app initialized successfully
INFO 2026-02-10 08:49:05,218 autoreload 26922 8380670144 Watching for file changes with StatReloader
ERROR 2026-02-10 08:50:45,366 apps 27968 8380670144 Failed to register custom backends: argument of type 'module' is not iterable
INFO 2026-02-10 08:50:45,366 apps 27968 8380670144 Enabled providers: Google, Facebook
INFO 2026-02-10 08:50:45,366 apps 27968 8380670144 ✅ Social authentication app initialized successfully
ERROR 2026-02-10 08:50:45,858 apps 27969 8380670144 Failed to register custom backends: argument of type 'module' is not iterable
INFO 2026-02-10 08:50:45,858 apps 27969 8380670144 Enabled providers: Google, Facebook
INFO 2026-02-10 08:50:45,858 apps 27969 8380670144 ✅ Social authentication app initialized successfully
INFO 2026-02-10 08:50:45,864 autoreload 27969 8380670144 Watching for file changes with StatReloader
ERROR 2026-02-10 08:54:27,545 apps 30228 8380670144 Failed to register custom backends: argument of type 'module' is not iterable
INFO 2026-02-10 08:54:27,546 apps 30228 8380670144 Enabled providers: Google, Facebook
INFO 2026-02-10 08:54:27,546 apps 30228 8380670144 ✅ Social authentication app initialized successfully
ERROR 2026-02-10 08:54:29,079 apps 30231 8380670144 Failed to register custom backends: argument of type 'module' is not iterable
INFO 2026-02-10 08:54:29,079 apps 30231 8380670144 Enabled providers: Google, Facebook
INFO 2026-02-10 08:54:29,079 apps 30231 8380670144 ✅ Social authentication app initialized successfully
INFO 2026-02-10 08:54:29,097 autoreload 30231 8380670144 Watching for file changes with StatReloader
INFO 2026-02-10 08:54:39,091 log 30231 6160527360 code 400, message Bad request version ('Bn\xd1\\x00')
INFO 2026-02-10 08:54:39,093 log 30231 6177353728 code 400, message Bad request version ('zz\\x13\\x01\\x13\\x02\\x13\\x03\xc0+\xc0/\xc0,\xc00\xcc\xa9\xcc\xa8\xc0\\x13\xc0\\x14\\x00\\x9c\\x00\\x9d\\x00/\\x005\\x01\\x00\\x06\\x93\\x1a\\x1a\\x00\\x00\\x00-\\x00\\x02\\x01\\x01\\x00')
ERROR 2026-02-10 08:54:39,094 log 30231 6160527360 You're accessing the development server over HTTPS, but it only supports HTTP.
ERROR 2026-02-10 08:54:39,094 log 30231 6177353728 You're accessing the development server over HTTPS, but it only supports HTTP.
INFO 2026-02-10 08:54:39,097 log 30231 6160527360 code 400, message Bad request version ('ZZ\\x13\\x01\\x13\\x02\\x13\\x03\xc0+\xc0/\xc0,\xc00\xcc\xa9\xcc\xa8\xc0\\x13\xc0\\x14\\x00\\x9c\\x00\\x9d\\x00/\\x005\\x01\\x00\\x063\\x9a\\x9a\\x00\\x00\\x00\\x1b\\x00\\x03\\x02\\x00\\x02\\x00')
ERROR 2026-02-10 08:54:39,097 log 30231 6160527360 You're accessing the development server over HTTPS, but it only supports HTTP.
INFO 2026-02-10 08:54:39,097 log 30231 6177353728 code 400, message Bad request version ('\xda\xa6\xae\\x10\\x17\\x81b\\x13')
ERROR 2026-02-10 08:54:39,097 log 30231 6177353728 You're accessing the development server over HTTPS, but it only supports HTTP.
INFO 2026-02-10 08:54:55,935 log 30231 6160527360 code 400, message Bad request version ("\\x00\\x02\\x01\\x00\\x00\\x12\\x00\\x00\\x00\\x17\\x00\\x00D\xcd\\x00\\x05\\x00\\x03\\x02h2\\x003\\x04\xef\\x04\xed\xda\xda\\x00\\x01\\x00\\x11\xec\\x04\xc0\xab\xaa\xc0\\x1a\xe3'\xe9\xb4i\xe8r\\x9c")
ERROR 2026-02-10 08:54:55,941 log 30231 6160527360 You're accessing the development server over HTTPS, but it only supports HTTP.
INFO 2026-02-10 08:54:55,946 log 30231 6160527360 code 400, message Bad request version ('\xe9\xe3U([d;=0\\x1a\xd7&K;2\xef\xb1\xee\\x87\xd0\\x12\xd0P\xa9\\x8a\xcb\xff$x`\\x81^&)')
ERROR 2026-02-10 08:54:55,946 log 30231 6160527360 You're accessing the development server over HTTPS, but it only supports HTTP.
INFO 2026-02-10 08:55:55,458 log 30231 6160527360 code 400, message Bad request version ('\\x16\xd2\\x96\xe2\xcf_\xc4o\xda~\xb6I\xa7;\\x88-\xe6QH\xd2?\\x01#\\x9e\xfe\xa3\\x92\\x07')
INFO 2026-02-10 08:55:55,461 log 30231 6194180096 code 400, message Bad request version ('Iz$Kg\xf2\xf9\xe8\xb6s\xce\\x911\\x9b')
ERROR 2026-02-10 08:55:55,461 log 30231 6160527360 You're accessing the development server over HTTPS, but it only supports HTTP.
ERROR 2026-02-10 08:55:55,461 log 30231 6194180096 You're accessing the development server over HTTPS, but it only supports HTTP.
INFO 2026-02-10 08:55:55,465 log 30231 6160527360 code 400, message Bad request version ('JJ\\x13\\x01\\x13\\x02\\x13\\x03\xc0+\xc0/\xc0,\xc00\xcc\xa9\xcc\xa8\xc0\\x13\xc0\\x14\\x00\\x9c\\x00\\x9d\\x00/\\x005\\x01\\x00\\x06s\xca\xca\\x00\\x00\\x00')
INFO 2026-02-10 08:55:55,465 log 30231 6194180096 code 400, message Bad HTTP/0.9 request type ('\\x16\\x03\\x01\\x07\\x00\\x01\\x00\\x06\xfc\\x03\\x03\xaa%_U\xcb0}\\x9aQz\xe1X\\x947\xa5\\xadK:V*\xcf\\x00\xe2\xa8\xc0\\x89\\x87\\x8a\xac\\x89T&')
ERROR 2026-02-10 08:55:55,465 log 30231 6160527360 You're accessing the development server over HTTPS, but it only supports HTTP.
ERROR 2026-02-10 08:55:55,465 log 30231 6194180096 You're accessing the development server over HTTPS, but it only supports HTTP.
WARNING 2026-02-10 08:56:29,729 log 30231 6160527360 Not Found: /
WARNING 2026-02-10 08:56:29,731 log 30231 6160527360 "GET / HTTP/1.1" 404 4073
WARNING 2026-02-10 08:56:30,848 log 30231 6160527360 Not Found: /favicon.ico
WARNING 2026-02-10 08:56:30,849 log 30231 6160527360 "GET /favicon.ico HTTP/1.1" 404 4178
WARNING 2026-02-10 08:56:39,025 log 30231 6160527360 Not Found: /admin
WARNING 2026-02-10 08:56:39,026 log 30231 6160527360 "GET /admin HTTP/1.1" 404 4154
INFO 2026-02-10 08:56:45,306 log 30231 6160527360 "GET /admin/ HTTP/1.1" 302 0
INFO 2026-02-10 08:56:46,542 log 30231 6160527360 "GET /admin/login/?next=/admin/ HTTP/1.1" 200 4080
INFO 2026-02-10 08:56:46,575 log 30231 6177353728 "GET /static/admin/css/dark_mode.css HTTP/1.1" 200 3538
INFO 2026-02-10 08:56:46,576 log 30231 6194180096 "GET /static/admin/js/theme.js HTTP/1.1" 200 1653
INFO 2026-02-10 08:56:46,576 log 30231 6211006464 "GET /static/admin/css/nav_sidebar.css HTTP/1.1" 200 2810
INFO 2026-02-10 08:56:46,576 log 30231 6227832832 "GET /static/admin/js/nav_sidebar.js HTTP/1.1" 200 3063
INFO 2026-02-10 08:56:46,577 log 30231 6244659200 "GET /static/admin/css/login.css HTTP/1.1" 200 951
INFO 2026-02-10 08:56:46,579 log 30231 6160527360 "GET /static/admin/css/base.css HTTP/1.1" 200 23100
INFO 2026-02-10 08:56:46,579 log 30231 6177353728 "GET /static/admin/css/responsive.css HTTP/1.1" 200 16273
INFO 2026-02-10 08:57:07,725 log 30231 6160527360 "POST /admin/login/?next=/admin/ HTTP/1.1" 302 0
INFO 2026-02-10 08:57:09,301 log 30231 6160527360 "GET /admin/ HTTP/1.1" 200 14221
INFO 2026-02-10 08:57:09,343 log 30231 6177353728 "GET /static/admin/css/dashboard.css HTTP/1.1" 200 441
INFO 2026-02-10 08:57:09,348 log 30231 6227832832 "GET /static/admin/img/icon-changelink.svg HTTP/1.1" 200 978
INFO 2026-02-10 08:57:09,349 log 30231 6177353728 "GET /static/admin/img/icon-addlink.svg HTTP/1.1" 200 593
INFO 2026-02-10 09:04:34,455 autoreload 30231 8380670144 /Users/dhrubajyotiborah/Documents/Projects/hcs_sso_with_oidc/sso/settings.py changed, reloading.
ERROR 2026-02-10 09:08:03,752 apps 38790 8380670144 Failed to register custom backends: argument of type 'module' is not iterable
INFO 2026-02-10 09:08:03,752 apps 38790 8380670144 Enabled providers: Google, Facebook
INFO 2026-02-10 09:08:03,752 apps 38790 8380670144 ✅ Social authentication app initialized successfully
ERROR 2026-02-10 09:08:04,169 apps 38815 8380670144 Failed to register custom backends: argument of type 'module' is not iterable
INFO 2026-02-10 09:08:04,169 apps 38815 8380670144 Enabled providers: Google, Facebook
INFO 2026-02-10 09:08:04,169 apps 38815 8380670144 ✅ Social authentication app initialized successfully
INFO 2026-02-10 09:08:04,174 autoreload 38815 8380670144 Watching for file changes with StatReloader
INFO 2026-02-10 09:08:13,261 log 38815 6233026560 code 400, message Bad request version ('\xbd7\xb5$\xa8\\x08DW\xf4<\\x05\xd1\xc9\\x08\xba\xc9\xa9(w\xdc\\x04\\x13s\\x8b\\x16I\\x06v\xae\xf7!9|u+\xf5u1\\x01\\x99-9~sdt\xb2J.s\xdcx\xb3\\x08<\xe9&\\x9e!\xeb')
ERROR 2026-02-10 09:08:13,261 log 38815 6233026560 You're accessing the development server over HTTPS, but it only supports HTTP.
INFO 2026-02-10 09:08:13,262 log 38815 6233026560 code 400, message Bad request version ('ZZ\\x13\\x01\\x13\\x02\\x13\\x03\xc0+\xc0/\xc0,\xc00\xcc\xa9\xcc\xa8\xc0\\x13\xc0\\x14\\x00\\x9c\\x00\\x9d\\x00/\\x005\\x01\\x00\\x063')
ERROR 2026-02-10 09:08:13,262 log 38815 6233026560 You're accessing the development server over HTTPS, but it only supports HTTP.
ERROR 2026-02-10 09:32:38,740 apps 54748 8380670144 Failed to register custom backends: argument of type 'module' is not iterable
INFO 2026-02-10 09:32:38,740 apps 54748 8380670144 Enabled providers: Google, Facebook
INFO 2026-02-10 09:32:38,740 apps 54748 8380670144 ✅ Social authentication app initialized successfully
ERROR 2026-02-10 09:32:39,160 apps 54750 8380670144 Failed to register custom backends: argument of type 'module' is not iterable
INFO 2026-02-10 09:32:39,160 apps 54750 8380670144 Enabled providers: Google, Facebook
INFO 2026-02-10 09:32:39,160 apps 54750 8380670144 ✅ Social authentication app initialized successfully
INFO 2026-02-10 09:32:39,165 autoreload 54750 8380670144 Watching for file changes with StatReloader
WARNING 2026-02-10 09:32:48,927 log 54750 6129414144 Not Found: /
WARNING 2026-02-10 09:32:48,928 log 54750 6129414144 "GET / HTTP/1.1" 404 4073
WARNING 2026-02-10 09:32:49,047 log 54750 6129414144 Not Found: /favicon.ico
WARNING 2026-02-10 09:32:49,048 log 54750 6129414144 "GET /favicon.ico HTTP/1.1" 404 4178
WARNING 2026-02-10 09:32:54,336 log 54750 6129414144 Not Found: /admin
WARNING 2026-02-10 09:32:54,337 log 54750 6129414144 "GET /admin HTTP/1.1" 404 4154
INFO 2026-02-10 09:33:00,344 log 54750 6129414144 "GET /admin/ HTTP/1.1" 302 0
INFO 2026-02-10 09:33:00,446 log 54750 6129414144 "GET /admin/login/?next=/admin/ HTTP/1.1" 200 4080
INFO 2026-02-10 09:33:00,462 log 54750 6146240512 "GET /static/admin/css/dark_mode.css HTTP/1.1" 200 3538
INFO 2026-02-10 09:33:00,463 log 54750 6163066880 "GET /static/admin/css/nav_sidebar.css HTTP/1.1" 200 2810
INFO 2026-02-10 09:33:00,463 log 54750 6179893248 "GET /static/admin/css/login.css HTTP/1.1" 200 951
INFO 2026-02-10 09:33:00,463 log 54750 6213545984 "GET /static/admin/js/theme.js HTTP/1.1" 200 1653
INFO 2026-02-10 09:33:00,465 log 54750 6196719616 "GET /static/admin/css/responsive.css HTTP/1.1" 200 16273
INFO 2026-02-10 09:33:00,466 log 54750 6129414144 "GET /static/admin/css/base.css HTTP/1.1" 200 23100
INFO 2026-02-10 09:33:00,471 log 54750 6129414144 "GET /static/admin/js/nav_sidebar.js HTTP/1.1" 200 3063
INFO 2026-02-10 09:33:10,788 log 54750 6129414144 "POST /admin/login/?next=/admin/ HTTP/1.1" 200 4252
INFO 2026-02-10 09:34:21,193 log 54750 6129414144 "POST /admin/login/?next=/admin/ HTTP/1.1" 302 0
INFO 2026-02-10 09:34:21,262 log 54750 6129414144 "GET /admin/ HTTP/1.1" 200 13389
INFO 2026-02-10 09:34:21,282 log 54750 6129414144 "GET /static/admin/css/dashboard.css HTTP/1.1" 200 441
INFO 2026-02-10 09:34:21,289 log 54750 6196719616 "GET /static/admin/img/icon-changelink.svg HTTP/1.1" 200 978
INFO 2026-02-10 09:34:21,290 log 54750 6129414144 "GET /static/admin/img/icon-addlink.svg HTTP/1.1" 200 593
INFO 2026-02-10 09:34:26,962 log 54750 6129414144 "GET /admin/oauth2_provider/application/ HTTP/1.1" 200 15642
INFO 2026-02-10 09:34:26,984 log 54750 6129414144 "GET /static/admin/css/changelists.css HTTP/1.1" 200 7498
INFO 2026-02-10 09:34:26,986 log 54750 6179893248 "GET /static/admin/js/jquery.init.js HTTP/1.1" 200 347
INFO 2026-02-10 09:34:26,988 log 54750 6163066880 "GET /static/admin/js/core.js HTTP/1.1" 200 6208
INFO 2026-02-10 09:34:26,990 log 54750 6179893248 "GET /static/admin/js/urlify.js HTTP/1.1" 200 7887
INFO 2026-02-10 09:34:26,991 log 54750 6146240512 "GET /static/admin/js/admin/RelatedObjectLookups.js HTTP/1.1" 200 9777
INFO 2026-02-10 09:34:26,993 log 54750 6163066880 "GET /static/admin/js/prepopulate.js HTTP/1.1" 200 1531
INFO 2026-02-10 09:34:26,993 log 54750 6129414144 "GET /static/admin/js/actions.js HTTP/1.1" 200 8076
INFO 2026-02-10 09:34:26,995 log 54750 6146240512 "GET /static/admin/img/search.svg HTTP/1.1" 200 607
INFO 2026-02-10 09:34:27,024 log 54750 6196719616 "GET /admin/jsi18n/ HTTP/1.1" 200 3342
INFO 2026-02-10 09:34:27,037 log 54750 6213545984 "GET /static/admin/js/vendor/jquery/jquery.js HTTP/1.1" 200 285314
INFO 2026-02-10 09:34:27,044 log 54750 6213545984 "GET /static/admin/js/filters.js HTTP/1.1" 200 978
INFO 2026-02-10 09:34:27,046 log 54750 6179893248 "GET /static/admin/js/vendor/xregexp/xregexp.js HTTP/1.1" 200 325171
INFO 2026-02-10 09:34:27,058 log 54750 6213545984 "GET /static/admin/img/icon-viewlink.svg HTTP/1.1" 200 928
INFO 2026-02-10 09:34:27,059 log 54750 6179893248 "GET /static/admin/img/tooltag-add.svg HTTP/1.1" 200 593
INFO 2026-02-10 09:34:29,906 log 54750 6179893248 "GET /admin/oauth2_provider/application/add/ HTTP/1.1" 200 24672
INFO 2026-02-10 09:34:29,927 log 54750 6196719616 "GET /static/admin/js/prepopulate_init.js HTTP/1.1" 200 586
INFO 2026-02-10 09:34:29,928 log 54750 6179893248 "GET /static/admin/css/forms.css HTTP/1.1" 200 8817
INFO 2026-02-10 09:34:29,935 log 54750 6179893248 "GET /static/admin/js/change_form.js HTTP/1.1" 200 606
INFO 2026-02-10 09:34:29,936 log 54750 6196719616 "GET /static/admin/css/widgets.css HTTP/1.1" 200 11811
INFO 2026-02-10 09:34:29,954 log 54750 6213545984 "GET /admin/jsi18n/ HTTP/1.1" 200 3342
INFO 2026-02-10 09:40:40,502 log 54750 6129414144 "POST /admin/oauth2_provider/application/add/ HTTP/1.1" 200 24960
INFO 2026-02-10 09:40:40,555 log 54750 6129414144 "GET /admin/jsi18n/ HTTP/1.1" 200 3342
INFO 2026-02-10 09:41:13,590 log 54750 6129414144 "POST /admin/oauth2_provider/application/add/ HTTP/1.1" 302 0
INFO 2026-02-10 09:41:13,675 log 54750 6129414144 "GET /admin/oauth2_provider/application/ HTTP/1.1" 200 17982
INFO 2026-02-10 09:41:13,727 log 54750 6129414144 "GET /admin/jsi18n/ HTTP/1.1" 200 3342
INFO 2026-02-10 09:41:13,737 log 54750 6129414144 "GET /static/admin/img/icon-yes.svg HTTP/1.1" 200 558
WARNING 2026-02-10 09:44:54,636 log 54750 6129414144 Not Found: /
WARNING 2026-02-10 09:44:54,637 log 54750 6129414144 "GET / HTTP/1.1" 404 4073
WARNING 2026-02-10 09:44:54,729 log 54750 6129414144 Not Found: /favicon.ico
WARNING 2026-02-10 09:44:54,731 log 54750 6129414144 "GET /favicon.ico HTTP/1.1" 404 4178
WARNING 2026-02-10 09:45:01,187 log 54750 6129414144 Not Found: /admin
WARNING 2026-02-10 09:45:01,187 log 54750 6129414144 "GET /admin HTTP/1.1" 404 4154
INFO 2026-02-10 09:45:04,379 log 54750 6129414144 "GET /admin/ HTTP/1.1" 302 0
INFO 2026-02-10 09:45:04,411 log 54750 6129414144 "GET /admin/login/?next=/admin/ HTTP/1.1" 200 4080
INFO 2026-02-10 09:45:04,430 log 54750 6179893248 "GET /static/admin/css/login.css HTTP/1.1" 200 951
INFO 2026-02-10 09:45:04,431 log 54750 6146240512 "GET /static/admin/css/dark_mode.css HTTP/1.1" 200 3538
INFO 2026-02-10 09:45:04,431 log 54750 6163066880 "GET /static/admin/css/nav_sidebar.css HTTP/1.1" 200 2810
INFO 2026-02-10 09:45:04,432 log 54750 6213545984 "GET /static/admin/js/theme.js HTTP/1.1" 200 1653
INFO 2026-02-10 09:45:04,433 log 54750 6196719616 "GET /static/admin/css/responsive.css HTTP/1.1" 200 16273
INFO 2026-02-10 09:45:04,434 log 54750 6129414144 "GET /static/admin/css/base.css HTTP/1.1" 200 23100
INFO 2026-02-10 09:45:04,440 log 54750 6129414144 "GET /static/admin/js/nav_sidebar.js HTTP/1.1" 200 3063
INFO 2026-02-10 09:45:11,893 log 54750 6129414144 "POST /admin/login/?next=/admin/ HTTP/1.1" 302 0
INFO 2026-02-10 09:45:11,928 log 54750 6129414144 "GET /admin/ HTTP/1.1" 200 13819
INFO 2026-02-10 09:45:11,963 log 54750 6129414144 "GET /static/admin/css/dashboard.css HTTP/1.1" 200 441
INFO 2026-02-10 09:45:11,970 log 54750 6129414144 "GET /static/admin/img/icon-addlink.svg HTTP/1.1" 200 593
INFO 2026-02-10 09:45:11,971 log 54750 6196719616 "GET /static/admin/img/icon-changelink.svg HTTP/1.1" 200 978
INFO 2026-02-10 09:45:17,038 log 54750 6196719616 "GET /admin/oauth2_provider/application/ HTTP/1.1" 200 17731
INFO 2026-02-10 09:45:17,066 log 54750 6163066880 "GET /static/admin/js/jquery.init.js HTTP/1.1" 200 347
INFO 2026-02-10 09:45:17,066 log 54750 6196719616 "GET /static/admin/css/changelists.css HTTP/1.1" 200 7498
INFO 2026-02-10 09:45:17,069 log 54750 6146240512 "GET /static/admin/js/core.js HTTP/1.1" 200 6208
INFO 2026-02-10 09:45:17,071 log 54750 6179893248 "GET /static/admin/js/admin/RelatedObjectLookups.js HTTP/1.1" 200 9777
INFO 2026-02-10 09:45:17,073 log 54750 6196719616 "GET /static/admin/js/urlify.js HTTP/1.1" 200 7887
INFO 2026-02-10 09:45:17,074 log 54750 6146240512 "GET /static/admin/js/prepopulate.js HTTP/1.1" 200 1531
INFO 2026-02-10 09:45:17,075 log 54750 6196719616 "GET /static/admin/img/search.svg HTTP/1.1" 200 607
INFO 2026-02-10 09:45:17,076 log 54750 6163066880 "GET /static/admin/js/actions.js HTTP/1.1" 200 8076
INFO 2026-02-10 09:45:17,103 log 54750 6129414144 "GET /admin/jsi18n/ HTTP/1.1" 200 3342
INFO 2026-02-10 09:45:17,117 log 54750 6213545984 "GET /static/admin/js/vendor/jquery/jquery.js HTTP/1.1" 200 285314
INFO 2026-02-10 09:45:17,118 log 54750 6179893248 "GET /static/admin/js/vendor/xregexp/xregexp.js HTTP/1.1" 200 325171
INFO 2026-02-10 09:45:17,122 log 54750 6213545984 "GET /static/admin/js/filters.js HTTP/1.1" 200 978
INFO 2026-02-10 09:45:17,132 log 54750 6213545984 "GET /static/admin/img/tooltag-add.svg HTTP/1.1" 200 593
INFO 2026-02-10 09:45:17,133 log 54750 6179893248 "GET /static/admin/img/icon-viewlink.svg HTTP/1.1" 200 928
INFO 2026-02-10 09:45:20,214 log 54750 6179893248 "GET /admin/oauth2_provider/application/1/change/ HTTP/1.1" 200 25131
INFO 2026-02-10 09:45:20,235 log 54750 6129414144 "GET /static/admin/js/prepopulate_init.js HTTP/1.1" 200 586
INFO 2026-02-10 09:45:20,236 log 54750 6179893248 "GET /static/admin/css/forms.css HTTP/1.1" 200 8817
INFO 2026-02-10 09:45:20,243 log 54750 6179893248 "GET /static/admin/js/change_form.js HTTP/1.1" 200 606
INFO 2026-02-10 09:45:20,245 log 54750 6129414144 "GET /static/admin/css/widgets.css HTTP/1.1" 200 11811
INFO 2026-02-10 09:45:20,262 log 54750 6213545984 "GET /admin/jsi18n/ HTTP/1.1" 200 3342
INFO 2026-02-10 09:45:20,274 log 54750 6213545984 "GET /static/admin/img/tooltag-arrowright.svg HTTP/1.1" 200 569
INFO 2026-02-10 09:58:43,856 log 54750 6129414144 "GET /admin/oauth2_provider/application/1/change/ HTTP/1.1" 200 25131
INFO 2026-02-10 09:58:43,928 log 54750 6129414144 "GET /admin/jsi18n/ HTTP/1.1" 200 3342
INFO 2026-02-10 09:58:43,940 log 54750 6129414144 "GET /static/admin/img/tooltag-arrowright.svg HTTP/1.1" 200 569
WARNING 2026-02-10 10:01:44,082 log 54750 6146240512 Not Found: /.well-known/openid-configuration
WARNING 2026-02-10 10:01:44,083 log 54750 6146240512 "GET /.well-known/openid-configuration HTTP/1.1" 404 4262
ERROR 2026-02-10 10:01:55,617 log 54750 6146240512 Internal Server Error: /.well-known/openid-configuration/
Traceback (most recent call last):
  File "/Users/dhrubajyotiborah/Documents/Projects/hcs_sso_with_oidc/venv/lib/python3.12/site-packages/django/core/handlers/exception.py", line 55, in inner
    response = get_response(request)
               ^^^^^^^^^^^^^^^^^^^^^
  File "/Users/dhrubajyotiborah/Documents/Projects/hcs_sso_with_oidc/venv/lib/python3.12/site-packages/django/core/handlers/base.py", line 198, in _get_response
    response = wrapped_callback(request, *callback_args, **callback_kwargs)
               ^^^^^^^^^^^^^^^^^^^^^^^^^^^^^^^^^^^^^^^^^^^^^^^^^^^^^^^^^^^^
  File "/Users/dhrubajyotiborah/Documents/Projects/hcs_sso_with_oidc/venv/lib/python3.12/site-packages/django/views/decorators/csrf.py", line 65, in _view_wrapper
    return view_func(request, *args, **kwargs)
           ^^^^^^^^^^^^^^^^^^^^^^^^^^^^^^^^^^^
  File "/Users/dhrubajyotiborah/Documents/Projects/hcs_sso_with_oidc/venv/lib/python3.12/site-packages/django/views/generic/base.py", line 106, in view
    return self.dispatch(request, *args, **kwargs)
           ^^^^^^^^^^^^^^^^^^^^^^^^^^^^^^^^^^^^^^^
  File "/Users/dhrubajyotiborah/Documents/Projects/hcs_sso_with_oidc/venv/lib/python3.12/site-packages/rest_framework/views.py", line 515, in dispatch
    response = self.handle_exception(exc)
               ^^^^^^^^^^^^^^^^^^^^^^^^^^
  File "/Users/dhrubajyotiborah/Documents/Projects/hcs_sso_with_oidc/venv/lib/python3.12/site-packages/rest_framework/views.py", line 475, in handle_exception
    self.raise_uncaught_exception(exc)
  File "/Users/dhrubajyotiborah/Documents/Projects/hcs_sso_with_oidc/venv/lib/python3.12/site-packages/rest_framework/views.py", line 486, in raise_uncaught_exception
    raise exc
  File "/Users/dhrubajyotiborah/Documents/Projects/hcs_sso_with_oidc/venv/lib/python3.12/site-packages/rest_framework/views.py", line 512, in dispatch
    response = handler(request, *args, **kwargs)
               ^^^^^^^^^^^^^^^^^^^^^^^^^^^^^^^^^
  File "/Users/dhrubajyotiborah/Documents/Projects/hcs_sso_with_oidc/apps/oidc/views/discovery.py", line 137, in get
    return redirect('oidc-provider-info')
           ^^^^^^^^^^^^^^^^^^^^^^^^^^^^^^
  File "/Users/dhrubajyotiborah/Documents/Projects/hcs_sso_with_oidc/venv/lib/python3.12/site-packages/django/shortcuts.py", line 51, in redirect
    resolve_url(to, *args, **kwargs),
    ^^^^^^^^^^^^^^^^^^^^^^^^^^^^^^^^
  File "/Users/dhrubajyotiborah/Documents/Projects/hcs_sso_with_oidc/venv/lib/python3.12/site-packages/django/shortcuts.py", line 184, in resolve_url
    return reverse(to, args=args, kwargs=kwargs)
           ^^^^^^^^^^^^^^^^^^^^^^^^^^^^^^^^^^^^^
  File "/Users/dhrubajyotiborah/Documents/Projects/hcs_sso_with_oidc/venv/lib/python3.12/site-packages/django/urls/base.py", line 98, in reverse
    resolved_url = resolver._reverse_with_prefix(view, prefix, *args, **kwargs)
                   ^^^^^^^^^^^^^^^^^^^^^^^^^^^^^^^^^^^^^^^^^^^^^^^^^^^^^^^^^^^^
  File "/Users/dhrubajyotiborah/Documents/Projects/hcs_sso_with_oidc/venv/lib/python3.12/site-packages/django/urls/resolvers.py", line 842, in _reverse_with_prefix
    raise NoReverseMatch(msg)
django.urls.exceptions.NoReverseMatch: Reverse for 'oidc-provider-info' not found. 'oidc-provider-info' is not a valid view function or pattern name.
ERROR 2026-02-10 10:01:55,639 log 54750 6146240512 "GET /.well-known/openid-configuration/ HTTP/1.1" 500 125157
WARNING 2026-02-10 10:02:14,529 log 54750 6146240512 Not Found: /.well-known/openid-configuration
WARNING 2026-02-10 10:02:14,530 log 54750 6146240512 "GET /.well-known/openid-configuration HTTP/1.1" 404 4262
ERROR 2026-02-10 10:02:30,805 log 54750 6146240512 Internal Server Error: /.well-known/openid-configuration/
Traceback (most recent call last):
  File "/Users/dhrubajyotiborah/Documents/Projects/hcs_sso_with_oidc/venv/lib/python3.12/site-packages/django/core/handlers/exception.py", line 55, in inner
    response = get_response(request)
               ^^^^^^^^^^^^^^^^^^^^^
  File "/Users/dhrubajyotiborah/Documents/Projects/hcs_sso_with_oidc/venv/lib/python3.12/site-packages/django/core/handlers/base.py", line 198, in _get_response
    response = wrapped_callback(request, *callback_args, **callback_kwargs)
               ^^^^^^^^^^^^^^^^^^^^^^^^^^^^^^^^^^^^^^^^^^^^^^^^^^^^^^^^^^^^
  File "/Users/dhrubajyotiborah/Documents/Projects/hcs_sso_with_oidc/venv/lib/python3.12/site-packages/django/views/decorators/csrf.py", line 65, in _view_wrapper
    return view_func(request, *args, **kwargs)
           ^^^^^^^^^^^^^^^^^^^^^^^^^^^^^^^^^^^
  File "/Users/dhrubajyotiborah/Documents/Projects/hcs_sso_with_oidc/venv/lib/python3.12/site-packages/django/views/generic/base.py", line 106, in view
    return self.dispatch(request, *args, **kwargs)
           ^^^^^^^^^^^^^^^^^^^^^^^^^^^^^^^^^^^^^^^
  File "/Users/dhrubajyotiborah/Documents/Projects/hcs_sso_with_oidc/venv/lib/python3.12/site-packages/rest_framework/views.py", line 515, in dispatch
    response = self.handle_exception(exc)
               ^^^^^^^^^^^^^^^^^^^^^^^^^^
  File "/Users/dhrubajyotiborah/Documents/Projects/hcs_sso_with_oidc/venv/lib/python3.12/site-packages/rest_framework/views.py", line 475, in handle_exception
    self.raise_uncaught_exception(exc)
  File "/Users/dhrubajyotiborah/Documents/Projects/hcs_sso_with_oidc/venv/lib/python3.12/site-packages/rest_framework/views.py", line 486, in raise_uncaught_exception
    raise exc
  File "/Users/dhrubajyotiborah/Documents/Projects/hcs_sso_with_oidc/venv/lib/python3.12/site-packages/rest_framework/views.py", line 512, in dispatch
    response = handler(request, *args, **kwargs)
               ^^^^^^^^^^^^^^^^^^^^^^^^^^^^^^^^^
  File "/Users/dhrubajyotiborah/Documents/Projects/hcs_sso_with_oidc/apps/oidc/views/discovery.py", line 137, in get
    return redirect('oidc-provider-info')
           ^^^^^^^^^^^^^^^^^^^^^^^^^^^^^^
  File "/Users/dhrubajyotiborah/Documents/Projects/hcs_sso_with_oidc/venv/lib/python3.12/site-packages/django/shortcuts.py", line 51, in redirect
    resolve_url(to, *args, **kwargs),
    ^^^^^^^^^^^^^^^^^^^^^^^^^^^^^^^^
  File "/Users/dhrubajyotiborah/Documents/Projects/hcs_sso_with_oidc/venv/lib/python3.12/site-packages/django/shortcuts.py", line 184, in resolve_url
    return reverse(to, args=args, kwargs=kwargs)
           ^^^^^^^^^^^^^^^^^^^^^^^^^^^^^^^^^^^^^
  File "/Users/dhrubajyotiborah/Documents/Projects/hcs_sso_with_oidc/venv/lib/python3.12/site-packages/django/urls/base.py", line 98, in reverse
    resolved_url = resolver._reverse_with_prefix(view, prefix, *args, **kwargs)
                   ^^^^^^^^^^^^^^^^^^^^^^^^^^^^^^^^^^^^^^^^^^^^^^^^^^^^^^^^^^^^
  File "/Users/dhrubajyotiborah/Documents/Projects/hcs_sso_with_oidc/venv/lib/python3.12/site-packages/django/urls/resolvers.py", line 842, in _reverse_with_prefix
    raise NoReverseMatch(msg)
django.urls.exceptions.NoReverseMatch: Reverse for 'oidc-provider-info' not found. 'oidc-provider-info' is not a valid view function or pattern name.
ERROR 2026-02-10 10:02:30,836 log 54750 6146240512 "GET /.well-known/openid-configuration/ HTTP/1.1" 500 125157
WARNING 2026-02-10 10:03:06,224 log 54750 6146240512 Not Found: /.well-known/openid-configuration
WARNING 2026-02-10 10:03:06,225 log 54750 6146240512 "GET /.well-known/openid-configuration HTTP/1.1" 404 4262
ERROR 2026-02-10 10:03:16,007 log 54750 6146240512 Internal Server Error: /.well-known/openid-configuration/
Traceback (most recent call last):
  File "/Users/dhrubajyotiborah/Documents/Projects/hcs_sso_with_oidc/venv/lib/python3.12/site-packages/django/core/handlers/exception.py", line 55, in inner
    response = get_response(request)
               ^^^^^^^^^^^^^^^^^^^^^
  File "/Users/dhrubajyotiborah/Documents/Projects/hcs_sso_with_oidc/venv/lib/python3.12/site-packages/django/core/handlers/base.py", line 198, in _get_response
    response = wrapped_callback(request, *callback_args, **callback_kwargs)
               ^^^^^^^^^^^^^^^^^^^^^^^^^^^^^^^^^^^^^^^^^^^^^^^^^^^^^^^^^^^^
  File "/Users/dhrubajyotiborah/Documents/Projects/hcs_sso_with_oidc/venv/lib/python3.12/site-packages/django/views/decorators/csrf.py", line 65, in _view_wrapper
    return view_func(request, *args, **kwargs)
           ^^^^^^^^^^^^^^^^^^^^^^^^^^^^^^^^^^^
  File "/Users/dhrubajyotiborah/Documents/Projects/hcs_sso_with_oidc/venv/lib/python3.12/site-packages/django/views/generic/base.py", line 106, in view
    return self.dispatch(request, *args, **kwargs)
           ^^^^^^^^^^^^^^^^^^^^^^^^^^^^^^^^^^^^^^^
  File "/Users/dhrubajyotiborah/Documents/Projects/hcs_sso_with_oidc/venv/lib/python3.12/site-packages/rest_framework/views.py", line 515, in dispatch
    response = self.handle_exception(exc)
               ^^^^^^^^^^^^^^^^^^^^^^^^^^
  File "/Users/dhrubajyotiborah/Documents/Projects/hcs_sso_with_oidc/venv/lib/python3.12/site-packages/rest_framework/views.py", line 475, in handle_exception
    self.raise_uncaught_exception(exc)
  File "/Users/dhrubajyotiborah/Documents/Projects/hcs_sso_with_oidc/venv/lib/python3.12/site-packages/rest_framework/views.py", line 486, in raise_uncaught_exception
    raise exc
  File "/Users/dhrubajyotiborah/Documents/Projects/hcs_sso_with_oidc/venv/lib/python3.12/site-packages/rest_framework/views.py", line 512, in dispatch
    response = handler(request, *args, **kwargs)
               ^^^^^^^^^^^^^^^^^^^^^^^^^^^^^^^^^
  File "/Users/dhrubajyotiborah/Documents/Projects/hcs_sso_with_oidc/apps/oidc/views/discovery.py", line 137, in get
    return redirect('oidc-provider-info')
           ^^^^^^^^^^^^^^^^^^^^^^^^^^^^^^
  File "/Users/dhrubajyotiborah/Documents/Projects/hcs_sso_with_oidc/venv/lib/python3.12/site-packages/django/shortcuts.py", line 51, in redirect
    resolve_url(to, *args, **kwargs),
    ^^^^^^^^^^^^^^^^^^^^^^^^^^^^^^^^
  File "/Users/dhrubajyotiborah/Documents/Projects/hcs_sso_with_oidc/venv/lib/python3.12/site-packages/django/shortcuts.py", line 184, in resolve_url
    return reverse(to, args=args, kwargs=kwargs)
           ^^^^^^^^^^^^^^^^^^^^^^^^^^^^^^^^^^^^^
  File "/Users/dhrubajyotiborah/Documents/Projects/hcs_sso_with_oidc/venv/lib/python3.12/site-packages/django/urls/base.py", line 98, in reverse
    resolved_url = resolver._reverse_with_prefix(view, prefix, *args, **kwargs)
                   ^^^^^^^^^^^^^^^^^^^^^^^^^^^^^^^^^^^^^^^^^^^^^^^^^^^^^^^^^^^^
  File "/Users/dhrubajyotiborah/Documents/Projects/hcs_sso_with_oidc/venv/lib/python3.12/site-packages/django/urls/resolvers.py", line 842, in _reverse_with_prefix
    raise NoReverseMatch(msg)
django.urls.exceptions.NoReverseMatch: Reverse for 'oidc-provider-info' not found. 'oidc-provider-info' is not a valid view function or pattern name.
ERROR 2026-02-10 10:03:16,030 log 54750 6146240512 "GET /.well-known/openid-configuration/ HTTP/1.1" 500 125157
WARNING 2026-02-10 10:03:20,176 log 54750 6146240512 Not Found: /.well-known/openid-configuration/name='oidc-well-known'
WARNING 2026-02-10 10:03:20,177 log 54750 6146240512 "GET /.well-known/openid-configuration/name='oidc-well-known' HTTP/1.1" 404 4396
WARNING 2026-02-10 10:04:54,205 log 54750 6146240512 Not Found: /.well-known/openid-configuration
WARNING 2026-02-10 10:04:54,206 log 54750 6146240512 "GET /.well-known/openid-configuration HTTP/1.1" 404 4262
ERROR 2026-02-10 10:08:36,134 log 54750 6146240512 Internal Server Error: /.well-known/openid-configuration/
Traceback (most recent call last):
  File "/Users/dhrubajyotiborah/Documents/Projects/hcs_sso_with_oidc/venv/lib/python3.12/site-packages/django/core/handlers/exception.py", line 55, in inner
    response = get_response(request)
               ^^^^^^^^^^^^^^^^^^^^^
  File "/Users/dhrubajyotiborah/Documents/Projects/hcs_sso_with_oidc/venv/lib/python3.12/site-packages/django/core/handlers/base.py", line 198, in _get_response
    response = wrapped_callback(request, *callback_args, **callback_kwargs)
               ^^^^^^^^^^^^^^^^^^^^^^^^^^^^^^^^^^^^^^^^^^^^^^^^^^^^^^^^^^^^
  File "/Users/dhrubajyotiborah/Documents/Projects/hcs_sso_with_oidc/venv/lib/python3.12/site-packages/django/views/decorators/csrf.py", line 65, in _view_wrapper
    return view_func(request, *args, **kwargs)
           ^^^^^^^^^^^^^^^^^^^^^^^^^^^^^^^^^^^
  File "/Users/dhrubajyotiborah/Documents/Projects/hcs_sso_with_oidc/venv/lib/python3.12/site-packages/django/views/generic/base.py", line 106, in view
    return self.dispatch(request, *args, **kwargs)
           ^^^^^^^^^^^^^^^^^^^^^^^^^^^^^^^^^^^^^^^
  File "/Users/dhrubajyotiborah/Documents/Projects/hcs_sso_with_oidc/venv/lib/python3.12/site-packages/rest_framework/views.py", line 515, in dispatch
    response = self.handle_exception(exc)
               ^^^^^^^^^^^^^^^^^^^^^^^^^^
  File "/Users/dhrubajyotiborah/Documents/Projects/hcs_sso_with_oidc/venv/lib/python3.12/site-packages/rest_framework/views.py", line 475, in handle_exception
    self.raise_uncaught_exception(exc)
  File "/Users/dhrubajyotiborah/Documents/Projects/hcs_sso_with_oidc/venv/lib/python3.12/site-packages/rest_framework/views.py", line 486, in raise_uncaught_exception
    raise exc
  File "/Users/dhrubajyotiborah/Documents/Projects/hcs_sso_with_oidc/venv/lib/python3.12/site-packages/rest_framework/views.py", line 512, in dispatch
    response = handler(request, *args, **kwargs)
               ^^^^^^^^^^^^^^^^^^^^^^^^^^^^^^^^^
  File "/Users/dhrubajyotiborah/Documents/Projects/hcs_sso_with_oidc/apps/oidc/views/discovery.py", line 137, in get
    return redirect('oidc-provider-info')
           ^^^^^^^^^^^^^^^^^^^^^^^^^^^^^^
  File "/Users/dhrubajyotiborah/Documents/Projects/hcs_sso_with_oidc/venv/lib/python3.12/site-packages/django/shortcuts.py", line 51, in redirect
    resolve_url(to, *args, **kwargs),
    ^^^^^^^^^^^^^^^^^^^^^^^^^^^^^^^^
  File "/Users/dhrubajyotiborah/Documents/Projects/hcs_sso_with_oidc/venv/lib/python3.12/site-packages/django/shortcuts.py", line 184, in resolve_url
    return reverse(to, args=args, kwargs=kwargs)
           ^^^^^^^^^^^^^^^^^^^^^^^^^^^^^^^^^^^^^
  File "/Users/dhrubajyotiborah/Documents/Projects/hcs_sso_with_oidc/venv/lib/python3.12/site-packages/django/urls/base.py", line 98, in reverse
    resolved_url = resolver._reverse_with_prefix(view, prefix, *args, **kwargs)
                   ^^^^^^^^^^^^^^^^^^^^^^^^^^^^^^^^^^^^^^^^^^^^^^^^^^^^^^^^^^^^
  File "/Users/dhrubajyotiborah/Documents/Projects/hcs_sso_with_oidc/venv/lib/python3.12/site-packages/django/urls/resolvers.py", line 842, in _reverse_with_prefix
    raise NoReverseMatch(msg)
django.urls.exceptions.NoReverseMatch: Reverse for 'oidc-provider-info' not found. 'oidc-provider-info' is not a valid view function or pattern name.
ERROR 2026-02-10 10:08:36,166 log 54750 6146240512 "GET /.well-known/openid-configuration/ HTTP/1.1" 500 125301
ERROR 2026-02-10 10:08:37,334 log 54750 6146240512 Internal Server Error: /.well-known/openid-configuration/
Traceback (most recent call last):
  File "/Users/dhrubajyotiborah/Documents/Projects/hcs_sso_with_oidc/venv/lib/python3.12/site-packages/django/core/handlers/exception.py", line 55, in inner
    response = get_response(request)
               ^^^^^^^^^^^^^^^^^^^^^
  File "/Users/dhrubajyotiborah/Documents/Projects/hcs_sso_with_oidc/venv/lib/python3.12/site-packages/django/core/handlers/base.py", line 198, in _get_response
    response = wrapped_callback(request, *callback_args, **callback_kwargs)
               ^^^^^^^^^^^^^^^^^^^^^^^^^^^^^^^^^^^^^^^^^^^^^^^^^^^^^^^^^^^^
  File "/Users/dhrubajyotiborah/Documents/Projects/hcs_sso_with_oidc/venv/lib/python3.12/site-packages/django/views/decorators/csrf.py", line 65, in _view_wrapper
    return view_func(request, *args, **kwargs)
           ^^^^^^^^^^^^^^^^^^^^^^^^^^^^^^^^^^^
  File "/Users/dhrubajyotiborah/Documents/Projects/hcs_sso_with_oidc/venv/lib/python3.12/site-packages/django/views/generic/base.py", line 106, in view
    return self.dispatch(request, *args, **kwargs)
           ^^^^^^^^^^^^^^^^^^^^^^^^^^^^^^^^^^^^^^^
  File "/Users/dhrubajyotiborah/Documents/Projects/hcs_sso_with_oidc/venv/lib/python3.12/site-packages/rest_framework/views.py", line 515, in dispatch
    response = self.handle_exception(exc)
               ^^^^^^^^^^^^^^^^^^^^^^^^^^
  File "/Users/dhrubajyotiborah/Documents/Projects/hcs_sso_with_oidc/venv/lib/python3.12/site-packages/rest_framework/views.py", line 475, in handle_exception
    self.raise_uncaught_exception(exc)
  File "/Users/dhrubajyotiborah/Documents/Projects/hcs_sso_with_oidc/venv/lib/python3.12/site-packages/rest_framework/views.py", line 486, in raise_uncaught_exception
    raise exc
  File "/Users/dhrubajyotiborah/Documents/Projects/hcs_sso_with_oidc/venv/lib/python3.12/site-packages/rest_framework/views.py", line 512, in dispatch
    response = handler(request, *args, **kwargs)
               ^^^^^^^^^^^^^^^^^^^^^^^^^^^^^^^^^
  File "/Users/dhrubajyotiborah/Documents/Projects/hcs_sso_with_oidc/apps/oidc/views/discovery.py", line 137, in get
    return redirect('oidc-provider-info')
           ^^^^^^^^^^^^^^^^^^^^^^^^^^^^^^
  File "/Users/dhrubajyotiborah/Documents/Projects/hcs_sso_with_oidc/venv/lib/python3.12/site-packages/django/shortcuts.py", line 51, in redirect
    resolve_url(to, *args, **kwargs),
    ^^^^^^^^^^^^^^^^^^^^^^^^^^^^^^^^
  File "/Users/dhrubajyotiborah/Documents/Projects/hcs_sso_with_oidc/venv/lib/python3.12/site-packages/django/shortcuts.py", line 184, in resolve_url
    return reverse(to, args=args, kwargs=kwargs)
           ^^^^^^^^^^^^^^^^^^^^^^^^^^^^^^^^^^^^^
  File "/Users/dhrubajyotiborah/Documents/Projects/hcs_sso_with_oidc/venv/lib/python3.12/site-packages/django/urls/base.py", line 98, in reverse
    resolved_url = resolver._reverse_with_prefix(view, prefix, *args, **kwargs)
                   ^^^^^^^^^^^^^^^^^^^^^^^^^^^^^^^^^^^^^^^^^^^^^^^^^^^^^^^^^^^^
  File "/Users/dhrubajyotiborah/Documents/Projects/hcs_sso_with_oidc/venv/lib/python3.12/site-packages/django/urls/resolvers.py", line 842, in _reverse_with_prefix
    raise NoReverseMatch(msg)
django.urls.exceptions.NoReverseMatch: Reverse for 'oidc-provider-info' not found. 'oidc-provider-info' is not a valid view function or pattern name.
ERROR 2026-02-10 10:08:37,354 log 54750 6146240512 "GET /.well-known/openid-configuration/ HTTP/1.1" 500 125157
WARNING 2026-02-10 10:08:41,453 log 54750 6146240512 Not Found: /.well-known/openid-configuration
WARNING 2026-02-10 10:08:41,453 log 54750 6146240512 "GET /.well-known/openid-configuration HTTP/1.1" 404 4262
ERROR 2026-02-10 10:08:56,712 log 54750 6146240512 Internal Server Error: /.well-known/openid-configuration/
Traceback (most recent call last):
  File "/Users/dhrubajyotiborah/Documents/Projects/hcs_sso_with_oidc/venv/lib/python3.12/site-packages/django/core/handlers/exception.py", line 55, in inner
    response = get_response(request)
               ^^^^^^^^^^^^^^^^^^^^^
  File "/Users/dhrubajyotiborah/Documents/Projects/hcs_sso_with_oidc/venv/lib/python3.12/site-packages/django/core/handlers/base.py", line 198, in _get_response
    response = wrapped_callback(request, *callback_args, **callback_kwargs)
               ^^^^^^^^^^^^^^^^^^^^^^^^^^^^^^^^^^^^^^^^^^^^^^^^^^^^^^^^^^^^
  File "/Users/dhrubajyotiborah/Documents/Projects/hcs_sso_with_oidc/venv/lib/python3.12/site-packages/django/views/decorators/csrf.py", line 65, in _view_wrapper
    return view_func(request, *args, **kwargs)
           ^^^^^^^^^^^^^^^^^^^^^^^^^^^^^^^^^^^
  File "/Users/dhrubajyotiborah/Documents/Projects/hcs_sso_with_oidc/venv/lib/python3.12/site-packages/django/views/generic/base.py", line 106, in view
    return self.dispatch(request, *args, **kwargs)
           ^^^^^^^^^^^^^^^^^^^^^^^^^^^^^^^^^^^^^^^
  File "/Users/dhrubajyotiborah/Documents/Projects/hcs_sso_with_oidc/venv/lib/python3.12/site-packages/rest_framework/views.py", line 515, in dispatch
    response = self.handle_exception(exc)
               ^^^^^^^^^^^^^^^^^^^^^^^^^^
  File "/Users/dhrubajyotiborah/Documents/Projects/hcs_sso_with_oidc/venv/lib/python3.12/site-packages/rest_framework/views.py", line 475, in handle_exception
    self.raise_uncaught_exception(exc)
  File "/Users/dhrubajyotiborah/Documents/Projects/hcs_sso_with_oidc/venv/lib/python3.12/site-packages/rest_framework/views.py", line 486, in raise_uncaught_exception
    raise exc
  File "/Users/dhrubajyotiborah/Documents/Projects/hcs_sso_with_oidc/venv/lib/python3.12/site-packages/rest_framework/views.py", line 512, in dispatch
    response = handler(request, *args, **kwargs)
               ^^^^^^^^^^^^^^^^^^^^^^^^^^^^^^^^^
  File "/Users/dhrubajyotiborah/Documents/Projects/hcs_sso_with_oidc/apps/oidc/views/discovery.py", line 137, in get
    return redirect('oidc-provider-info')
           ^^^^^^^^^^^^^^^^^^^^^^^^^^^^^^
  File "/Users/dhrubajyotiborah/Documents/Projects/hcs_sso_with_oidc/venv/lib/python3.12/site-packages/django/shortcuts.py", line 51, in redirect
    resolve_url(to, *args, **kwargs),
    ^^^^^^^^^^^^^^^^^^^^^^^^^^^^^^^^
  File "/Users/dhrubajyotiborah/Documents/Projects/hcs_sso_with_oidc/venv/lib/python3.12/site-packages/django/shortcuts.py", line 184, in resolve_url
    return reverse(to, args=args, kwargs=kwargs)
           ^^^^^^^^^^^^^^^^^^^^^^^^^^^^^^^^^^^^^
  File "/Users/dhrubajyotiborah/Documents/Projects/hcs_sso_with_oidc/venv/lib/python3.12/site-packages/django/urls/base.py", line 98, in reverse
    resolved_url = resolver._reverse_with_prefix(view, prefix, *args, **kwargs)
                   ^^^^^^^^^^^^^^^^^^^^^^^^^^^^^^^^^^^^^^^^^^^^^^^^^^^^^^^^^^^^
  File "/Users/dhrubajyotiborah/Documents/Projects/hcs_sso_with_oidc/venv/lib/python3.12/site-packages/django/urls/resolvers.py", line 842, in _reverse_with_prefix
    raise NoReverseMatch(msg)
django.urls.exceptions.NoReverseMatch: Reverse for 'oidc-provider-info' not found. 'oidc-provider-info' is not a valid view function or pattern name.
ERROR 2026-02-10 10:08:56,736 log 54750 6146240512 "GET /.well-known/openid-configuration/ HTTP/1.1" 500 125301
ERROR 2026-02-10 10:08:58,570 log 54750 6146240512 Internal Server Error: /.well-known/openid-configuration/
Traceback (most recent call last):
  File "/Users/dhrubajyotiborah/Documents/Projects/hcs_sso_with_oidc/venv/lib/python3.12/site-packages/django/core/handlers/exception.py", line 55, in inner
    response = get_response(request)
               ^^^^^^^^^^^^^^^^^^^^^
  File "/Users/dhrubajyotiborah/Documents/Projects/hcs_sso_with_oidc/venv/lib/python3.12/site-packages/django/core/handlers/base.py", line 198, in _get_response
    response = wrapped_callback(request, *callback_args, **callback_kwargs)
               ^^^^^^^^^^^^^^^^^^^^^^^^^^^^^^^^^^^^^^^^^^^^^^^^^^^^^^^^^^^^
  File "/Users/dhrubajyotiborah/Documents/Projects/hcs_sso_with_oidc/venv/lib/python3.12/site-packages/django/views/decorators/csrf.py", line 65, in _view_wrapper
    return view_func(request, *args, **kwargs)
           ^^^^^^^^^^^^^^^^^^^^^^^^^^^^^^^^^^^
  File "/Users/dhrubajyotiborah/Documents/Projects/hcs_sso_with_oidc/venv/lib/python3.12/site-packages/django/views/generic/base.py", line 106, in view
    return self.dispatch(request, *args, **kwargs)
           ^^^^^^^^^^^^^^^^^^^^^^^^^^^^^^^^^^^^^^^
  File "/Users/dhrubajyotiborah/Documents/Projects/hcs_sso_with_oidc/venv/lib/python3.12/site-packages/rest_framework/views.py", line 515, in dispatch
    response = self.handle_exception(exc)
               ^^^^^^^^^^^^^^^^^^^^^^^^^^
  File "/Users/dhrubajyotiborah/Documents/Projects/hcs_sso_with_oidc/venv/lib/python3.12/site-packages/rest_framework/views.py", line 475, in handle_exception
    self.raise_uncaught_exception(exc)
  File "/Users/dhrubajyotiborah/Documents/Projects/hcs_sso_with_oidc/venv/lib/python3.12/site-packages/rest_framework/views.py", line 486, in raise_uncaught_exception
    raise exc
  File "/Users/dhrubajyotiborah/Documents/Projects/hcs_sso_with_oidc/venv/lib/python3.12/site-packages/rest_framework/views.py", line 512, in dispatch
    response = handler(request, *args, **kwargs)
               ^^^^^^^^^^^^^^^^^^^^^^^^^^^^^^^^^
  File "/Users/dhrubajyotiborah/Documents/Projects/hcs_sso_with_oidc/apps/oidc/views/discovery.py", line 137, in get
    return redirect('oidc-provider-info')
           ^^^^^^^^^^^^^^^^^^^^^^^^^^^^^^
  File "/Users/dhrubajyotiborah/Documents/Projects/hcs_sso_with_oidc/venv/lib/python3.12/site-packages/django/shortcuts.py", line 51, in redirect
    resolve_url(to, *args, **kwargs),
    ^^^^^^^^^^^^^^^^^^^^^^^^^^^^^^^^
  File "/Users/dhrubajyotiborah/Documents/Projects/hcs_sso_with_oidc/venv/lib/python3.12/site-packages/django/shortcuts.py", line 184, in resolve_url
    return reverse(to, args=args, kwargs=kwargs)
           ^^^^^^^^^^^^^^^^^^^^^^^^^^^^^^^^^^^^^
  File "/Users/dhrubajyotiborah/Documents/Projects/hcs_sso_with_oidc/venv/lib/python3.12/site-packages/django/urls/base.py", line 98, in reverse
    resolved_url = resolver._reverse_with_prefix(view, prefix, *args, **kwargs)
                   ^^^^^^^^^^^^^^^^^^^^^^^^^^^^^^^^^^^^^^^^^^^^^^^^^^^^^^^^^^^^
  File "/Users/dhrubajyotiborah/Documents/Projects/hcs_sso_with_oidc/venv/lib/python3.12/site-packages/django/urls/resolvers.py", line 842, in _reverse_with_prefix
    raise NoReverseMatch(msg)
django.urls.exceptions.NoReverseMatch: Reverse for 'oidc-provider-info' not found. 'oidc-provider-info' is not a valid view function or pattern name.
ERROR 2026-02-10 10:08:58,592 log 54750 6146240512 "GET /.well-known/openid-configuration/ HTTP/1.1" 500 125157
INFO 2026-02-10 10:10:45,798 autoreload 54750 8380670144 /Users/dhrubajyotiborah/Documents/Projects/hcs_sso_with_oidc/apps/oidc/views/discovery.py changed, reloading.
ERROR 2026-02-10 10:10:46,791 apps 78963 8380670144 Failed to register custom backends: argument of type 'module' is not iterable
INFO 2026-02-10 10:10:46,791 apps 78963 8380670144 Enabled providers: Google, Facebook
INFO 2026-02-10 10:10:46,791 apps 78963 8380670144 ✅ Social authentication app initialized successfully
INFO 2026-02-10 10:10:46,799 autoreload 78963 8380670144 Watching for file changes with StatReloader
INFO 2026-02-10 10:11:49,957 autoreload 78963 8380670144 /Users/dhrubajyotiborah/Documents/Projects/hcs_sso_with_oidc/apps/oidc/views/discovery.py changed, reloading.
ERROR 2026-02-10 10:11:50,820 apps 79656 8380670144 Failed to register custom backends: argument of type 'module' is not iterable
INFO 2026-02-10 10:11:50,820 apps 79656 8380670144 Enabled providers: Google, Facebook
INFO 2026-02-10 10:11:50,820 apps 79656 8380670144 ✅ Social authentication app initialized successfully
INFO 2026-02-10 10:11:50,828 autoreload 79656 8380670144 Watching for file changes with StatReloader
INFO 2026-02-10 10:12:09,122 autoreload 79656 8380670144 /Users/dhrubajyotiborah/Documents/Projects/hcs_sso_with_oidc/apps/oidc/views/discovery.py changed, reloading.
ERROR 2026-02-10 10:12:09,851 apps 79866 8380670144 Failed to register custom backends: argument of type 'module' is not iterable
INFO 2026-02-10 10:12:09,851 apps 79866 8380670144 Enabled providers: Google, Facebook
INFO 2026-02-10 10:12:09,851 apps 79866 8380670144 ✅ Social authentication app initialized successfully
INFO 2026-02-10 10:12:09,860 autoreload 79866 8380670144 Watching for file changes with StatReloader
INFO 2026-02-10 10:12:27,544 log 79866 6195441664 "GET /.well-known/openid-configuration/ HTTP/1.1" 302 0
INFO 2026-02-10 10:12:27,621 log 79866 6195441664 "GET /api/oidc/provider-info/ HTTP/1.1" 200 9532
INFO 2026-02-10 10:12:27,648 log 79866 6212268032 "GET /static/rest_framework/css/bootstrap-tweaks.css HTTP/1.1" 200 3426
INFO 2026-02-10 10:12:27,649 log 79866 6229094400 "GET /static/rest_framework/css/prettify.css HTTP/1.1" 200 817
INFO 2026-02-10 10:12:27,655 log 79866 6245920768 "GET /static/rest_framework/css/default.css HTTP/1.1" 200 1152
INFO 2026-02-10 10:12:27,658 log 79866 6279573504 "GET /static/rest_framework/js/ajax-form.js HTTP/1.1" 200 3796
INFO 2026-02-10 10:12:27,661 log 79866 6229094400 "GET /static/rest_framework/js/csrf.js HTTP/1.1" 200 1793
INFO 2026-02-10 10:12:27,665 log 79866 6245920768 "GET /static/rest_framework/js/prettify-min.js HTTP/1.1" 200 13632
INFO 2026-02-10 10:12:27,665 log 79866 6279573504 "GET /static/rest_framework/js/default.js HTTP/1.1" 200 1268
INFO 2026-02-10 10:12:27,667 log 79866 6195441664 "GET /static/rest_framework/css/bootstrap.min.css HTTP/1.1" 200 121457
INFO 2026-02-10 10:12:27,669 log 79866 6229094400 "GET /static/rest_framework/js/load-ajax-form.js HTTP/1.1" 200 59
INFO 2026-02-10 10:12:27,672 log 79866 6229094400 "GET /static/rest_framework/img/grid.png HTTP/1.1" 200 1458
INFO 2026-02-10 10:12:27,674 log 79866 6212268032 "GET /static/rest_framework/js/bootstrap.min.js HTTP/1.1" 200 39680
INFO 2026-02-10 10:12:27,681 log 79866 6262747136 "GET /static/rest_framework/js/jquery-3.7.1.min.js HTTP/1.1" 200 87533
WARNING 2026-02-10 10:12:50,704 log 79866 6262747136 Not Found: /.well-known/openid-configuration
WARNING 2026-02-10 10:12:50,705 log 79866 6262747136 "GET /.well-known/openid-configuration HTTP/1.1" 404 4262
INFO 2026-02-10 10:12:54,305 log 79866 6262747136 "GET /.well-known/openid-configuration/ HTTP/1.1" 302 0
INFO 2026-02-10 10:12:54,355 log 79866 6262747136 "GET /api/oidc/provider-info/ HTTP/1.1" 200 9532
INFO 2026-02-10 10:13:56,690 autoreload 79866 8380670144 /Users/dhrubajyotiborah/Documents/Projects/hcs_sso_with_oidc/sso/urls.py changed, reloading.
ERROR 2026-02-10 10:13:57,434 apps 81028 8380670144 Failed to register custom backends: argument of type 'module' is not iterable
INFO 2026-02-10 10:13:57,435 apps 81028 8380670144 Enabled providers: Google, Facebook
INFO 2026-02-10 10:13:57,435 apps 81028 8380670144 ✅ Social authentication app initialized successfully
INFO 2026-02-10 10:13:57,442 autoreload 81028 8380670144 Watching for file changes with StatReloader
INFO 2026-02-10 10:14:02,140 log 81028 6168981504 "GET /api/oidc/provider-info/ HTTP/1.1" 200 9532
WARNING 2026-02-10 10:16:47,357 log 81028 6168981504 Not Found: /oauth/authorize
WARNING 2026-02-10 10:16:47,358 log 81028 6168981504 "GET /oauth/authorize?response_type=code&client_id=YOUR_CLIENT_ID&redirect_uri=http://localhost:3000/callback&scope=openid%20profile%20email&state=test123 HTTP/1.1" 404 4343
WARNING 2026-02-10 10:17:30,236 log 81028 6168981504 Bad Request: /o/authorize/
WARNING 2026-02-10 10:17:30,237 log 81028 6168981504 "GET /o/authorize/ HTTP/1.1" 400 1331
WARNING 2026-02-10 10:17:37,582 log 81028 6168981504 Bad Request: /o/authorize/
WARNING 2026-02-10 10:17:37,583 log 81028 6168981504 "GET /o/authorize/ HTTP/1.1" 400 1331
INFO 2026-02-10 10:19:52,126 log 81028 6168981504 "GET /o/authorize/?response_type=code&client_id=5kWtcsPK1TeThWvN7gktrTfOsoiVdaY9OMqXEIV0&redirect_uri=https://oauth.pstmn.io/v1/browser-callback&scope=openid%20profile%20email&state=test123 HTTP/1.1" 302 0
INFO 2026-02-10 10:23:58,340 log 81028 6168981504 "POST /admin/oauth2_provider/application/1/change/ HTTP/1.1" 302 0
INFO 2026-02-10 10:23:58,489 log 81028 6168981504 "GET /admin/oauth2_provider/application/ HTTP/1.1" 200 17984
INFO 2026-02-10 10:23:58,583 log 81028 6168981504 "GET /admin/jsi18n/ HTTP/1.1" 200 3342
INFO 2026-02-10 10:23:58,594 log 81028 6168981504 "GET /static/admin/img/icon-yes.svg HTTP/1.1" 200 558
INFO 2026-02-10 10:25:20,091 log 81028 6168981504 "GET /o/authorize/?response_type=code&client_id=5kWtcsPK1TeThWvN7gktrTfOsoiVdaY9OMqXEIV0&redirect_uri=http://localhost:3000/callback&scope=openid%20profile%20email&state=test123 HTTP/1.1" 302 0
INFO 2026-02-10 10:28:06,968 log 81028 6168981504 "GET /admin/oauth2_provider/application/1/change/ HTTP/1.1" 200 25119
INFO 2026-02-10 10:28:07,072 log 81028 6168981504 "GET /admin/jsi18n/ HTTP/1.1" 200 3342
INFO 2026-02-10 10:28:36,351 log 81028 6168981504 "GET /o/authorize/?response_type=code&client_id=5kWtcsPK1TeThWvN7gktrTfOsoiVdaY9OMqXEIV0&redirect_uri=http://localhost:3000/callback&scope=openid%20profile%20email&state=test123 HTTP/1.1" 302 0
INFO 2026-02-10 10:34:59,168 log 81028 6168408064 "POST /admin/oauth2_provider/application/1/change/ HTTP/1.1" 302 0
INFO 2026-02-10 10:34:59,229 log 81028 6168408064 "GET /admin/oauth2_provider/application/ HTTP/1.1" 200 17984
INFO 2026-02-10 10:34:59,312 log 81028 6168408064 "GET /admin/jsi18n/ HTTP/1.1" 200 3342
INFO 2026-02-10 10:35:08,675 log 81028 6202060800 "GET /o/authorize/?response_type=code&client_id=5kWtcsPK1TeThWvN7gktrTfOsoiVdaY9OMqXEIV0&state=random123&scope=read%20write&redirect_uri=https%3A%2F%2Foauth.pstmn.io%2Fv1%2Fcallback HTTP/1.1" 302 0
INFO 2026-02-10 10:36:04,761 log 81028 6202060800 "GET /o/authorize/?response_type=code&client_id=5kWtcsPK1TeThWvN7gktrTfOsoiVdaY9OMqXEIV0&state=random123&scope=read%20write&redirect_uri=https%3A%2F%2Foauth.pstmn.io%2Fv1%2Fcallback HTTP/1.1" 302 0
INFO 2026-02-10 10:38:13,538 log 81028 6202060800 "GET /o/authorize/?response_type=code&client_id=5kWtcsPK1TeThWvN7gktrTfOsoiVdaY9OMqXEIV0&state=random123&scope=read%20write&redirect_uri=https%3A%2F%2Foauth.pstmn.io%2Fv1%2Fcallback&code_challenge=8Cx_dUDfIEQRb5ax0aqnw-sz9AK_BJ3XHiONuixEMns&code_challenge_method=S256 HTTP/1.1" 200 3698
INFO 2026-02-10 10:38:15,525 log 81028 6202060800 "POST /o/authorize/?response_type=code&client_id=5kWtcsPK1TeThWvN7gktrTfOsoiVdaY9OMqXEIV0&state=random123&scope=read%20write&redirect_uri=https%3A%2F%2Foauth.pstmn.io%2Fv1%2Fcallback&code_challenge=8Cx_dUDfIEQRb5ax0aqnw-sz9AK_BJ3XHiONuixEMns&code_challenge_method=S256 HTTP/1.1" 302 0
INFO 2026-02-10 10:38:17,758 validators 81028 6218887168 Token issued for user 1 via local
INFO 2026-02-10 10:38:17,783 signals 81028 6218887168 Access token created for user 1 via client 5kWtcsPK1TeThWvN7gktrTfOsoiVdaY9OMqXEIV0
INFO 2026-02-10 10:38:17,846 log 81028 6218887168 "POST /o/token/ HTTP/1.1" 200 198
INFO 2026-02-10 10:44:13,325 log 81028 6168408064 "GET /o/authorize/?response_type=code&client_id=5kWtcsPK1TeThWvN7gktrTfOsoiVdaY9OMqXEIV0&state=random123&scope=read%20write&redirect_uri=https%3A%2F%2Foauth.pstmn.io%2Fv1%2Fcallback&code_challenge=lBvxsHkP_1v_Mwk4AWszYosZ8kSkp7H3mZh_56csAMA&code_challenge_method=S256 HTTP/1.1" 200 3698
INFO 2026-02-10 10:44:51,441 log 81028 6168408064 "POST /o/authorize/?response_type=code&client_id=5kWtcsPK1TeThWvN7gktrTfOsoiVdaY9OMqXEIV0&state=random123&scope=read%20write&redirect_uri=https%3A%2F%2Foauth.pstmn.io%2Fv1%2Fcallback&code_challenge=lBvxsHkP_1v_Mwk4AWszYosZ8kSkp7H3mZh_56csAMA&code_challenge_method=S256 HTTP/1.1" 302 0
WARNING 2026-02-10 10:44:53,989 log 81028 6202060800 Unauthorized: /o/token/
WARNING 2026-02-10 10:44:53,990 log 81028 6202060800 "POST /o/token/ HTTP/1.1" 401 27
INFO 2026-02-10 10:45:46,430 log 81028 6168408064 "GET /o/authorize/?response_type=code&client_id=5kWtcsPK1TeThWvN7gktrTfOsoiVdaY9OMqXEIV0&state=random123&scope=read%20write&redirect_uri=https%3A%2F%2Foauth.pstmn.io%2Fv1%2Fcallback&code_challenge=s9_bpKLPl0zGwsmEE2M0d84AuTwdm_2PQUOkQvYA5rU&code_challenge_method=S256 HTTP/1.1" 200 3698
INFO 2026-02-10 10:45:50,235 log 81028 6168408064 "POST /o/authorize/?response_type=code&client_id=5kWtcsPK1TeThWvN7gktrTfOsoiVdaY9OMqXEIV0&state=random123&scope=read%20write&redirect_uri=https%3A%2F%2Foauth.pstmn.io%2Fv1%2Fcallback&code_challenge=s9_bpKLPl0zGwsmEE2M0d84AuTwdm_2PQUOkQvYA5rU&code_challenge_method=S256 HTTP/1.1" 302 0
INFO 2026-02-10 10:45:52,246 validators 81028 6202060800 Token issued for user 1 via local
INFO 2026-02-10 10:45:52,252 signals 81028 6202060800 Access token created for user 1 via client 5kWtcsPK1TeThWvN7gktrTfOsoiVdaY9OMqXEIV0
INFO 2026-02-10 10:45:52,364 log 81028 6202060800 "POST /o/token/ HTTP/1.1" 200 198
WARNING 2026-02-10 10:49:03,566 log 81028 6185234432 Bad Request: /o/token/
WARNING 2026-02-10 10:49:03,568 log 81028 6185234432 "POST /o/token/ HTTP/1.1" 400 32
INFO 2026-02-10 10:51:46,850 log 81028 6168408064 "POST /admin/logout/ HTTP/1.1" 200 3475
WARNING 2026-02-10 10:56:16,114 log 81028 6235713536 Bad Request: /o/token/
WARNING 2026-02-10 10:56:16,114 log 81028 6235713536 "POST /o/token/ HTTP/1.1" 400 32
INFO 2026-02-10 10:56:31,915 log 81028 6252539904 "GET /o/authorize/?response_type=code&client_id=5kWtcsPK1TeThWvN7gktrTfOsoiVdaY9OMqXEIV0&state=random123&scope=read%20write&redirect_uri=https%3A%2F%2Foauth.pstmn.io%2Fv1%2Fcallback&code_challenge=jNYC6PuPW-wGZbxa6gAOjsoPQJhokNZ51E7dABa_I8w&code_challenge_method=S256 HTTP/1.1" 200 3698
INFO 2026-02-10 10:56:33,590 log 81028 6252539904 "POST /o/authorize/?response_type=code&client_id=5kWtcsPK1TeThWvN7gktrTfOsoiVdaY9OMqXEIV0&state=random123&scope=read%20write&redirect_uri=https%3A%2F%2Foauth.pstmn.io%2Fv1%2Fcallback&code_challenge=jNYC6PuPW-wGZbxa6gAOjsoPQJhokNZ51E7dABa_I8w&code_challenge_method=S256 HTTP/1.1" 302 0
INFO 2026-02-10 10:56:35,779 validators 81028 6235713536 Token issued for user 1 via local
INFO 2026-02-10 10:56:35,781 signals 81028 6235713536 Access token created for user 1 via client 5kWtcsPK1TeThWvN7gktrTfOsoiVdaY9OMqXEIV0
INFO 2026-02-10 10:56:35,803 log 81028 6235713536 "POST /o/token/ HTTP/1.1" 200 198
INFO 2026-02-10 10:58:48,565 log 81028 6252539904 "GET /o/authorize/?response_type=code&client_id=5kWtcsPK1TeThWvN7gktrTfOsoiVdaY9OMqXEIV0&state=random123&scope=read%20write&redirect_uri=https%3A%2F%2Foauth.pstmn.io%2Fv1%2Fcallback&code_challenge=pP0k3-Uj0oSxH4pEGXhaXVsWU4p-LoNnb9yhZDK4kvQ&code_challenge_method=S256 HTTP/1.1" 200 3698
INFO 2026-02-10 10:58:49,922 log 81028 6252539904 "POST /o/authorize/?response_type=code&client_id=5kWtcsPK1TeThWvN7gktrTfOsoiVdaY9OMqXEIV0&state=random123&scope=read%20write&redirect_uri=https%3A%2F%2Foauth.pstmn.io%2Fv1%2Fcallback&code_challenge=pP0k3-Uj0oSxH4pEGXhaXVsWU4p-LoNnb9yhZDK4kvQ&code_challenge_method=S256 HTTP/1.1" 302 0
INFO 2026-02-10 10:58:51,683 validators 81028 6269366272 Token issued for user 1 via local
INFO 2026-02-10 10:58:51,685 signals 81028 6269366272 Access token created for user 1 via client 5kWtcsPK1TeThWvN7gktrTfOsoiVdaY9OMqXEIV0
INFO 2026-02-10 10:58:51,725 log 81028 6269366272 "POST /o/token/ HTTP/1.1" 200 198
INFO 2026-02-10 11:01:04,893 log 81028 6252539904 "GET /o/authorize/?response_type=code&client_id=5kWtcsPK1TeThWvN7gktrTfOsoiVdaY9OMqXEIV0&state=random123&scope=read%20write&redirect_uri=https%3A%2F%2Foauth.pstmn.io%2Fv1%2Fcallback&code_challenge=P8livMv_z3Vl0b5uY9-miFYlolH5wnCm5h06xAj0qKI&code_challenge_method=S256 HTTP/1.1" 200 3698
INFO 2026-02-10 11:01:10,564 log 81028 6252539904 "POST /o/authorize/?response_type=code&client_id=5kWtcsPK1TeThWvN7gktrTfOsoiVdaY9OMqXEIV0&state=random123&scope=read%20write&redirect_uri=https%3A%2F%2Foauth.pstmn.io%2Fv1%2Fcallback&code_challenge=P8livMv_z3Vl0b5uY9-miFYlolH5wnCm5h06xAj0qKI&code_challenge_method=S256 HTTP/1.1" 302 0
INFO 2026-02-10 11:01:17,989 validators 81028 6286192640 Token issued for user 1 via local
INFO 2026-02-10 11:01:17,990 signals 81028 6286192640 Access token created for user 1 via client 5kWtcsPK1TeThWvN7gktrTfOsoiVdaY9OMqXEIV0
INFO 2026-02-10 11:01:18,019 log 81028 6286192640 "POST /o/token/ HTTP/1.1" 200 198
WARNING 2026-02-10 11:03:26,488 log 81028 6168408064 Forbidden (CSRF cookie not set.): /logout
WARNING 2026-02-10 11:03:26,517 log 81028 6168408064 "POST /logout HTTP/1.1" 403 2855
INFO 2026-02-10 11:04:01,898 log 81028 6252539904 "GET /.well-known/openid-configuration/ HTTP/1.1" 302 0
INFO 2026-02-10 11:04:01,937 log 81028 6252539904 "GET /api/oidc/provider-info/ HTTP/1.1" 200 9532
WARNING 2026-02-10 11:04:27,123 log 81028 6303019008 Forbidden (CSRF cookie not set.): /o/authorize/logout/
WARNING 2026-02-10 11:04:27,139 log 81028 6303019008 "POST /o/authorize/logout/ HTTP/1.1" 403 2855
WARNING 2026-02-10 11:08:37,175 log 81028 13035925504 Not Found: /o/authorize/logout/
WARNING 2026-02-10 11:08:37,177 log 81028 13035925504 "GET /o/authorize/logout/ HTTP/1.1" 404 9395
WARNING 2026-02-10 11:18:45,276 log 81028 6252539904 Not Found: /o/authorize/logout/
WARNING 2026-02-10 11:18:45,277 log 81028 6252539904 "GET /o/authorize/logout/ HTTP/1.1" 404 9395
WARNING 2026-02-10 11:18:54,419 log 81028 6252539904 Not Found: /o/authorize/logout
WARNING 2026-02-10 11:18:54,419 log 81028 6252539904 "GET /o/authorize/logout HTTP/1.1" 404 9392
WARNING 2026-02-10 11:19:12,373 log 81028 6252539904 Not Found: /o/authorize/logout/
WARNING 2026-02-10 11:19:12,376 log 81028 6252539904 "GET /o/authorize/logout/ HTTP/1.1" 404 9395
WARNING 2026-02-10 11:19:57,237 log 81028 6252539904 Not Found: /o/authorize/logout/
WARNING 2026-02-10 11:19:57,238 log 81028 6252539904 "GET /o/authorize/logout/ HTTP/1.1" 404 9395
WARNING 2026-02-10 11:20:03,517 log 81028 6252539904 Not Found: /o/checksession/
WARNING 2026-02-10 11:20:03,518 log 81028 6252539904 "GET /o/checksession/ HTTP/1.1" 404 9379
INFO 2026-02-10 11:20:51,489 autoreload 81028 8380670144 /Users/dhrubajyotiborah/Documents/Projects/hcs_sso_with_oidc/apps/oidc/views/discovery.py changed, reloading.
ERROR 2026-02-10 11:20:52,470 apps 23394 8380670144 Failed to register custom backends: argument of type 'module' is not iterable
INFO 2026-02-10 11:20:52,470 apps 23394 8380670144 Enabled providers: Google, Facebook
INFO 2026-02-10 11:20:52,470 apps 23394 8380670144 ✅ Social authentication app initialized successfully
INFO 2026-02-10 11:20:52,478 autoreload 23394 8380670144 Watching for file changes with StatReloader
INFO 2026-02-10 11:20:54,776 autoreload 23394 8380670144 /Users/dhrubajyotiborah/Documents/Projects/hcs_sso_with_oidc/apps/oidc/views/discovery.py changed, reloading.
ERROR 2026-02-10 11:20:55,236 apps 23424 8380670144 Failed to register custom backends: argument of type 'module' is not iterable
INFO 2026-02-10 11:20:55,236 apps 23424 8380670144 Enabled providers: Google, Facebook
INFO 2026-02-10 11:20:55,236 apps 23424 8380670144 ✅ Social authentication app initialized successfully
INFO 2026-02-10 11:20:55,240 autoreload 23424 8380670144 Watching for file changes with StatReloader
INFO 2026-02-10 11:20:57,518 autoreload 23424 8380670144 /Users/dhrubajyotiborah/Documents/Projects/hcs_sso_with_oidc/apps/oidc/views/discovery.py changed, reloading.
ERROR 2026-02-10 11:20:57,965 apps 23471 8380670144 Failed to register custom backends: argument of type 'module' is not iterable
INFO 2026-02-10 11:20:57,965 apps 23471 8380670144 Enabled providers: Google, Facebook
INFO 2026-02-10 11:20:57,965 apps 23471 8380670144 ✅ Social authentication app initialized successfully
INFO 2026-02-10 11:20:57,970 autoreload 23471 8380670144 Watching for file changes with StatReloader
INFO 2026-02-10 11:21:27,969 autoreload 23471 8380670144 /Users/dhrubajyotiborah/Documents/Projects/hcs_sso_with_oidc/apps/oidc/views/discovery.py changed, reloading.
ERROR 2026-02-10 11:21:28,834 apps 23788 8380670144 Failed to register custom backends: argument of type 'module' is not iterable
INFO 2026-02-10 11:21:28,834 apps 23788 8380670144 Enabled providers: Google, Facebook
INFO 2026-02-10 11:21:28,834 apps 23788 8380670144 ✅ Social authentication app initialized successfully
INFO 2026-02-10 11:21:28,841 autoreload 23788 8380670144 Watching for file changes with StatReloader
WARNING 2026-02-10 11:22:30,409 log 23788 6168260608 Not Found: /o/authorize/logout/
WARNING 2026-02-10 11:22:30,410 log 23788 6168260608 "GET /o/authorize/logout/ HTTP/1.1" 404 9395
WARNING 2026-02-10 11:22:33,908 log 23788 6168260608 Not Found: /o/authorize/logout/
WARNING 2026-02-10 11:22:33,909 log 23788 6168260608 "GET /o/authorize/logout/ HTTP/1.1" 404 9395
INFO 2026-02-10 11:23:26,529 log 23788 6168260608 "GET /api/oidc/provider-info/ HTTP/1.1" 200 8764
WARNING 2026-02-10 11:23:45,977 permissions 23788 6168260608 Missing client credentials from 127.0.0.1
WARNING 2026-02-10 11:23:45,978 permissions 23788 6168260608 Missing client credentials from 127.0.0.1
WARNING 2026-02-10 11:23:45,979 permissions 23788 6168260608 Missing client credentials from 127.0.0.1
WARNING 2026-02-10 11:23:45,979 permissions 23788 6168260608 Missing client credentials from 127.0.0.1
WARNING 2026-02-10 11:23:46,009 log 23788 6168260608 Forbidden: /api/oidc/revoke/
WARNING 2026-02-10 11:23:46,010 log 23788 6168260608 "GET /api/oidc/revoke/ HTTP/1.1" 403 3796
INFO 2026-02-10 11:23:56,384 log 23788 6168260608 "GET /o/authorize/?response_type=code&client_id=5kWtcsPK1TeThWvN7gktrTfOsoiVdaY9OMqXEIV0&state=random123&scope=read%20write&redirect_uri=https%3A%2F%2Foauth.pstmn.io%2Fv1%2Fcallback&code_challenge=4DdQvalmNWaQ7V7BtD8md9m9GzT4We7ybFMN5rUZrsE&code_challenge_method=S256 HTTP/1.1" 200 3698
INFO 2026-02-10 11:23:58,016 log 23788 6168260608 "POST /o/authorize/?response_type=code&client_id=5kWtcsPK1TeThWvN7gktrTfOsoiVdaY9OMqXEIV0&state=random123&scope=read%20write&redirect_uri=https%3A%2F%2Foauth.pstmn.io%2Fv1%2Fcallback&code_challenge=4DdQvalmNWaQ7V7BtD8md9m9GzT4We7ybFMN5rUZrsE&code_challenge_method=S256 HTTP/1.1" 302 0
INFO 2026-02-10 11:23:58,674 validators 23788 6201913344 Token issued for user 1 via local
INFO 2026-02-10 11:23:58,677 signals 23788 6201913344 Access token created for user 1 via client 5kWtcsPK1TeThWvN7gktrTfOsoiVdaY9OMqXEIV0
INFO 2026-02-10 11:23:58,720 log 23788 6201913344 "POST /o/token/ HTTP/1.1" 200 198
WARNING 2026-02-10 11:24:26,372 permissions 23788 6168260608 Missing client credentials from 127.0.0.1
WARNING 2026-02-10 11:24:26,373 permissions 23788 6168260608 Missing client credentials from 127.0.0.1
WARNING 2026-02-10 11:24:26,375 permissions 23788 6168260608 Missing client credentials from 127.0.0.1
WARNING 2026-02-10 11:24:26,375 permissions 23788 6168260608 Missing client credentials from 127.0.0.1
WARNING 2026-02-10 11:24:26,406 log 23788 6168260608 Forbidden: /api/oidc/revoke/
WARNING 2026-02-10 11:24:26,407 log 23788 6168260608 "GET /api/oidc/revoke/ HTTP/1.1" 403 3796
WARNING 2026-02-10 11:24:28,329 permissions 23788 6168260608 Missing client credentials from 127.0.0.1
WARNING 2026-02-10 11:24:28,329 permissions 23788 6168260608 Missing client credentials from 127.0.0.1
WARNING 2026-02-10 11:24:28,330 permissions 23788 6168260608 Missing client credentials from 127.0.0.1
WARNING 2026-02-10 11:24:28,330 permissions 23788 6168260608 Missing client credentials from 127.0.0.1
WARNING 2026-02-10 11:24:28,349 log 23788 6168260608 Forbidden: /api/oidc/revoke/
WARNING 2026-02-10 11:24:28,349 log 23788 6168260608 "GET /api/oidc/revoke/ HTTP/1.1" 403 3796
INFO 2026-02-10 11:26:47,400 autoreload 23788 8380670144 /Users/dhrubajyotiborah/Documents/Projects/hcs_sso_with_oidc/apps/oidc/views/token.py changed, reloading.
ERROR 2026-02-10 11:26:48,401 apps 27159 8380670144 Failed to register custom backends: argument of type 'module' is not iterable
INFO 2026-02-10 11:26:48,401 apps 27159 8380670144 Enabled providers: Google, Facebook
INFO 2026-02-10 11:26:48,401 apps 27159 8380670144 ✅ Social authentication app initialized successfully
INFO 2026-02-10 11:26:48,409 autoreload 27159 8380670144 Watching for file changes with StatReloader
INFO 2026-02-10 11:27:02,364 autoreload 27159 8380670144 /Users/dhrubajyotiborah/Documents/Projects/hcs_sso_with_oidc/apps/oidc/views/token.py changed, reloading.
ERROR 2026-02-10 11:27:03,112 apps 27326 8380670144 Failed to register custom backends: argument of type 'module' is not iterable
INFO 2026-02-10 11:27:03,112 apps 27326 8380670144 Enabled providers: Google, Facebook
INFO 2026-02-10 11:27:03,112 apps 27326 8380670144 ✅ Social authentication app initialized successfully
INFO 2026-02-10 11:27:03,120 autoreload 27326 8380670144 Watching for file changes with StatReloader
INFO 2026-02-10 11:29:24,150 permissions 27326 6130135040 Client 5kWtcsPK1TeThWvN7gktrTfOsoiVdaY9OMqXEIV0 authenticated from 127.0.0.1
WARNING 2026-02-10 11:29:24,181 log 27326 6130135040 Bad Request: /api/oidc/revoke/
WARNING 2026-02-10 11:29:24,182 log 27326 6130135040 "POST /api/oidc/revoke/ HTTP/1.1" 400 85
ERROR 2026-02-10 11:30:17,200 apps 29372 8380670144 Failed to register custom backends: argument of type 'module' is not iterable
INFO 2026-02-10 11:30:17,201 apps 29372 8380670144 Enabled providers: Google, Facebook
INFO 2026-02-10 11:30:17,201 apps 29372 8380670144 ✅ Social authentication app initialized successfully
ERROR 2026-02-10 11:30:17,583 apps 29373 8380670144 Failed to register custom backends: argument of type 'module' is not iterable
INFO 2026-02-10 11:30:17,583 apps 29373 8380670144 Enabled providers: Google, Facebook
INFO 2026-02-10 11:30:17,583 apps 29373 8380670144 ✅ Social authentication app initialized successfully
INFO 2026-02-10 11:30:17,587 autoreload 29373 8380670144 Watching for file changes with StatReloader
INFO 2026-02-10 11:30:47,946 log 29373 6132002816 "GET /o/authorize/?response_type=code&client_id=5kWtcsPK1TeThWvN7gktrTfOsoiVdaY9OMqXEIV0&state=random123&scope=read%20write&redirect_uri=https%3A%2F%2Foauth.pstmn.io%2Fv1%2Fcallback&code_challenge=x0UUB317AFvkblZhvVPQi_yo8lSC-8MxuznkVPAufEU&code_challenge_method=S256 HTTP/1.1" 200 3698
INFO 2026-02-10 11:30:54,731 log 29373 6132002816 "POST /o/authorize/?response_type=code&client_id=5kWtcsPK1TeThWvN7gktrTfOsoiVdaY9OMqXEIV0&state=random123&scope=read%20write&redirect_uri=https%3A%2F%2Foauth.pstmn.io%2Fv1%2Fcallback&code_challenge=x0UUB317AFvkblZhvVPQi_yo8lSC-8MxuznkVPAufEU&code_challenge_method=S256 HTTP/1.1" 302 0
INFO 2026-02-10 11:30:55,585 validators 29373 6165655552 Token issued for user 1 via local
INFO 2026-02-10 11:30:55,588 signals 29373 6165655552 Access token created for user 1 via client 5kWtcsPK1TeThWvN7gktrTfOsoiVdaY9OMqXEIV0
INFO 2026-02-10 11:30:55,631 log 29373 6165655552 "POST /o/token/ HTTP/1.1" 200 198
ERROR 2026-02-11 05:26:59,890 apps 30259 8318492864 Failed to register custom backends: argument of type 'module' is not iterable
INFO 2026-02-11 05:26:59,890 apps 30259 8318492864 Enabled providers: Google, Facebook
INFO 2026-02-11 05:26:59,890 apps 30259 8318492864 ✅ Social authentication app initialized successfully
ERROR 2026-02-11 05:27:00,317 apps 30296 8318492864 Failed to register custom backends: argument of type 'module' is not iterable
INFO 2026-02-11 05:27:00,317 apps 30296 8318492864 Enabled providers: Google, Facebook
INFO 2026-02-11 05:27:00,317 apps 30296 8318492864 ✅ Social authentication app initialized successfully
INFO 2026-02-11 05:27:00,322 autoreload 30296 8318492864 Watching for file changes with StatReloader
INFO 2026-02-11 05:27:10,540 log 30296 6159462400 "GET /o/authorize/?response_type=code&client_id=5kWtcsPK1TeThWvN7gktrTfOsoiVdaY9OMqXEIV0&state=random123&scope=read%20write&redirect_uri=https%3A%2F%2Foauth.pstmn.io%2Fv1%2Fcallback&code_challenge=TWyofQ8IhWfhn0GS8zlt3rfSz7i4DiXaWENUPAW2jOA&code_challenge_method=S256 HTTP/1.1" 302 0
INFO 2026-02-11 05:27:10,625 log 30296 6159462400 "GET /accounts/login/?next=/o/authorize/%3Fresponse_type%3Dcode%26client_id%3D5kWtcsPK1TeThWvN7gktrTfOsoiVdaY9OMqXEIV0%26state%3Drandom123%26scope%3Dread%2520write%26redirect_uri%3Dhttps%253A%252F%252Foauth.pstmn.io%252Fv1%252Fcallback%26code_challenge%3DTWyofQ8IhWfhn0GS8zlt3rfSz7i4DiXaWENUPAW2jOA%26code_challenge_method%3DS256 HTTP/1.1" 200 700
WARNING 2026-02-11 05:27:10,838 log 30296 6159462400 Not Found: /favicon.ico
WARNING 2026-02-11 05:27:10,839 log 30296 6159462400 "GET /favicon.ico HTTP/1.1" 404 4178
INFO 2026-02-11 05:27:32,182 log 30296 6159462400 "POST /accounts/login/?next=/o/authorize/%3Fresponse_type%3Dcode%26client_id%3D5kWtcsPK1TeThWvN7gktrTfOsoiVdaY9OMqXEIV0%26state%3Drandom123%26scope%3Dread%2520write%26redirect_uri%3Dhttps%253A%252F%252Foauth.pstmn.io%252Fv1%252Fcallback%26code_challenge%3DTWyofQ8IhWfhn0GS8zlt3rfSz7i4DiXaWENUPAW2jOA%26code_challenge_method%3DS256 HTTP/1.1" 302 0
INFO 2026-02-11 05:27:32,263 log 30296 6159462400 "GET /o/authorize/?response_type=code&client_id=5kWtcsPK1TeThWvN7gktrTfOsoiVdaY9OMqXEIV0&state=random123&scope=read%20write&redirect_uri=https%3A%2F%2Foauth.pstmn.io%2Fv1%2Fcallback&code_challenge=TWyofQ8IhWfhn0GS8zlt3rfSz7i4DiXaWENUPAW2jOA&code_challenge_method=S256 HTTP/1.1" 200 3698
INFO 2026-02-11 05:27:35,597 log 30296 6159462400 "POST /o/authorize/?response_type=code&client_id=5kWtcsPK1TeThWvN7gktrTfOsoiVdaY9OMqXEIV0&state=random123&scope=read%20write&redirect_uri=https%3A%2F%2Foauth.pstmn.io%2Fv1%2Fcallback&code_challenge=TWyofQ8IhWfhn0GS8zlt3rfSz7i4DiXaWENUPAW2jOA&code_challenge_method=S256 HTTP/1.1" 302 0
INFO 2026-02-11 05:27:36,496 validators 30296 6193115136 Token issued for user 1 via local
INFO 2026-02-11 05:27:36,503 signals 30296 6193115136 Access token created for user 1 via client 5kWtcsPK1TeThWvN7gktrTfOsoiVdaY9OMqXEIV0
INFO 2026-02-11 05:27:36,567 log 30296 6193115136 "POST /o/token/ HTTP/1.1" 200 198
INFO 2026-02-11 05:37:18,793 log 30296 6159462400 "GET /.well-known/openid-configuration/ HTTP/1.1" 302 0
INFO 2026-02-11 05:37:18,889 log 30296 6159462400 "GET /api/oidc/provider-info/ HTTP/1.1" 200 8764
INFO 2026-02-11 05:37:18,900 log 30296 6176288768 "GET /static/rest_framework/css/prettify.css HTTP/1.1" 304 0
INFO 2026-02-11 05:37:18,901 log 30296 6159462400 "GET /static/rest_framework/css/bootstrap-tweaks.css HTTP/1.1" 304 0
INFO 2026-02-11 05:37:18,902 log 30296 6209941504 "GET /static/rest_framework/css/bootstrap.min.css HTTP/1.1" 304 0
INFO 2026-02-11 05:37:18,911 log 30296 6176288768 "GET /static/rest_framework/js/jquery-3.7.1.min.js HTTP/1.1" 304 0
INFO 2026-02-11 05:37:18,911 log 30296 6159462400 "GET /static/rest_framework/js/ajax-form.js HTTP/1.1" 304 0
INFO 2026-02-11 05:37:18,912 log 30296 6209941504 "GET /static/rest_framework/css/default.css HTTP/1.1" 304 0
INFO 2026-02-11 05:37:18,915 log 30296 6159462400 "GET /static/rest_framework/js/bootstrap.min.js HTTP/1.1" 304 0
INFO 2026-02-11 05:37:18,915 log 30296 6209941504 "GET /static/rest_framework/js/csrf.js HTTP/1.1" 304 0
INFO 2026-02-11 05:37:18,917 log 30296 6159462400 "GET /static/rest_framework/js/prettify-min.js HTTP/1.1" 304 0
INFO 2026-02-11 05:37:18,922 log 30296 6159462400 "GET /static/rest_framework/js/load-ajax-form.js HTTP/1.1" 304 0
INFO 2026-02-11 05:37:18,923 log 30296 6209941504 "GET /static/rest_framework/js/default.js HTTP/1.1" 304 0
INFO 2026-02-11 05:37:18,928 log 30296 6209941504 "GET /static/rest_framework/img/grid.png HTTP/1.1" 304 0
WARNING 2026-02-11 05:37:22,999 log 30296 6209941504 Not Found: /api/users
WARNING 2026-02-11 05:37:22,999 log 30296 6209941504 "GET /api/users HTTP/1.1" 404 6452
WARNING 2026-02-11 05:37:29,151 log 30296 6209941504 Not Found: /api/users/login
WARNING 2026-02-11 05:37:29,153 log 30296 6209941504 "GET /api/users/login HTTP/1.1" 404 14826
WARNING 2026-02-11 05:37:33,224 log 30296 6209941504 Method Not Allowed: /api/users/login/
WARNING 2026-02-11 05:37:33,225 log 30296 6209941504 "GET /api/users/login/ HTTP/1.1" 405 40
INFO 2026-02-11 05:37:42,363 log 30296 6209941504 "GET /api/users/ HTTP/1.1" 200 5459
WARNING 2026-02-11 05:38:49,523 log 30296 6209941504 Not Found: /social
WARNING 2026-02-11 05:38:49,524 log 30296 6209941504 "GET /social HTTP/1.1" 404 4158
WARNING 2026-02-11 05:38:57,315 log 30296 6209941504 Not Found: /social/
WARNING 2026-02-11 05:38:57,316 log 30296 6209941504 "GET /social/ HTTP/1.1" 404 5195
WARNING 2026-02-11 05:39:03,860 log 30296 6209941504 Not Found: /social/login
WARNING 2026-02-11 05:39:03,861 log 30296 6209941504 "GET /social/login HTTP/1.1" 404 5216
WARNING 2026-02-11 05:39:08,403 log 30296 6209941504 Not Found: /social/login/
WARNING 2026-02-11 05:39:08,404 log 30296 6209941504 "GET /social/login/ HTTP/1.1" 404 5219
WARNING 2026-02-11 05:39:43,214 log 30296 6209941504 Not Found: /social/login/backend
WARNING 2026-02-11 05:39:43,216 log 30296 6209941504 "GET /social/login/backend?name=begin HTTP/1.1" 404 5259
WARNING 2026-02-11 05:40:00,777 log 30296 6209941504 Not Found: /social/login/
WARNING 2026-02-11 05:40:00,778 log 30296 6209941504 "GET /social/login/ HTTP/1.1" 404 5219
WARNING 2026-02-11 05:41:03,174 log 30296 6209941504 Not Found: /accounts/
WARNING 2026-02-11 05:41:03,175 log 30296 6209941504 "GET /accounts/ HTTP/1.1" 404 6280
WARNING 2026-02-11 05:41:09,983 log 30296 6209941504 Not Found: /accounts/login
WARNING 2026-02-11 05:41:09,984 log 30296 6209941504 "GET /accounts/login HTTP/1.1" 404 6301
INFO 2026-02-11 05:41:13,121 log 30296 6209941504 "GET /accounts/login/ HTTP/1.1" 200 700
WARNING 2026-02-11 05:41:34,003 log 30296 6209941504 Not Found: /accounts/
WARNING 2026-02-11 05:41:34,004 log 30296 6209941504 "GET /accounts/ HTTP/1.1" 404 6280
WARNING 2026-02-11 05:42:34,126 log 30296 6209941504 Bad Request: /o/authorize/
WARNING 2026-02-11 05:42:34,127 log 30296 6209941504 "GET /o/authorize/?response_type=code&client_id=5kWtcsPK1TeThWvN7gktrTfOsoiVdaY9OMqXEIV0&redirect_uri=https://oauth.pstmn.io/v1/browser-callback&scope=openid%20profile%20email&state=test123 HTTP/1.1" 400 1328
WARNING 2026-02-11 05:42:43,659 log 30296 6209941504 Not Found: /o/
WARNING 2026-02-11 05:42:43,659 log 30296 6209941504 "GET /o/ HTTP/1.1" 404 9327
INFO 2026-02-11 05:43:50,935 log 30296 6209941504 "GET /o/.well-known/jwks.json HTTP/1.1" 200 474
INFO 2026-02-11 05:44:58,290 log 30296 6209941504 "GET /o/.well-known/openid-configuration/ HTTP/1.1" 200 762
INFO 2026-02-11 05:48:47,746 autoreload 30296 8318492864 /Users/dhrubajyotiborah/Documents/Projects/hcs_sso_with_oidc/sso/urls.py changed, reloading.
ERROR 2026-02-11 05:48:48,594 apps 44478 8318492864 Failed to register custom backends: argument of type 'module' is not iterable
INFO 2026-02-11 05:48:48,594 apps 44478 8318492864 Enabled providers: Google, Facebook
INFO 2026-02-11 05:48:48,594 apps 44478 8318492864 ✅ Social authentication app initialized successfully
INFO 2026-02-11 05:48:48,600 autoreload 44478 8318492864 Watching for file changes with StatReloader
ERROR 2026-02-11 05:48:57,366 log 44478 6133723136 Internal Server Error: /
Traceback (most recent call last):
  File "/Users/dhrubajyotiborah/Documents/Projects/hcs_sso_with_oidc/venv/lib/python3.12/site-packages/django/core/handlers/exception.py", line 55, in inner
    response = get_response(request)
               ^^^^^^^^^^^^^^^^^^^^^
  File "/Users/dhrubajyotiborah/Documents/Projects/hcs_sso_with_oidc/venv/lib/python3.12/site-packages/django/core/handlers/base.py", line 221, in _get_response
    response = response.render()
               ^^^^^^^^^^^^^^^^^
  File "/Users/dhrubajyotiborah/Documents/Projects/hcs_sso_with_oidc/venv/lib/python3.12/site-packages/django/template/response.py", line 114, in render
    self.content = self.rendered_content
                   ^^^^^^^^^^^^^^^^^^^^^
  File "/Users/dhrubajyotiborah/Documents/Projects/hcs_sso_with_oidc/venv/lib/python3.12/site-packages/django/template/response.py", line 90, in rendered_content
    template = self.resolve_template(self.template_name)
               ^^^^^^^^^^^^^^^^^^^^^^^^^^^^^^^^^^^^^^^^^
  File "/Users/dhrubajyotiborah/Documents/Projects/hcs_sso_with_oidc/venv/lib/python3.12/site-packages/django/template/response.py", line 72, in resolve_template
    return select_template(template, using=self.using)
           ^^^^^^^^^^^^^^^^^^^^^^^^^^^^^^^^^^^^^^^^^^^
  File "/Users/dhrubajyotiborah/Documents/Projects/hcs_sso_with_oidc/venv/lib/python3.12/site-packages/django/template/loader.py", line 47, in select_template
    raise TemplateDoesNotExist(", ".join(template_name_list), chain=chain)
django.template.exceptions.TemplateDoesNotExist: index.html
ERROR 2026-02-11 05:48:57,402 log 44478 6133723136 "GET / HTTP/1.1" 500 96161
INFO 2026-02-11 05:50:34,276 autoreload 44478 8318492864 /Users/dhrubajyotiborah/Documents/Projects/hcs_sso_with_oidc/sso/urls.py changed, reloading.
ERROR 2026-02-11 05:50:35,009 apps 45616 8318492864 Failed to register custom backends: argument of type 'module' is not iterable
INFO 2026-02-11 05:50:35,009 apps 45616 8318492864 Enabled providers: Google, Facebook
INFO 2026-02-11 05:50:35,009 apps 45616 8318492864 ✅ Social authentication app initialized successfully
INFO 2026-02-11 05:50:35,018 autoreload 45616 8318492864 Watching for file changes with StatReloader
ERROR 2026-02-11 05:50:49,293 log 45616 6205698048 Internal Server Error: /
Traceback (most recent call last):
  File "/Users/dhrubajyotiborah/Documents/Projects/hcs_sso_with_oidc/venv/lib/python3.12/site-packages/django/core/handlers/exception.py", line 55, in inner
    response = get_response(request)
               ^^^^^^^^^^^^^^^^^^^^^
  File "/Users/dhrubajyotiborah/Documents/Projects/hcs_sso_with_oidc/venv/lib/python3.12/site-packages/django/core/handlers/base.py", line 221, in _get_response
    response = response.render()
               ^^^^^^^^^^^^^^^^^
  File "/Users/dhrubajyotiborah/Documents/Projects/hcs_sso_with_oidc/venv/lib/python3.12/site-packages/django/template/response.py", line 114, in render
    self.content = self.rendered_content
                   ^^^^^^^^^^^^^^^^^^^^^
  File "/Users/dhrubajyotiborah/Documents/Projects/hcs_sso_with_oidc/venv/lib/python3.12/site-packages/django/template/response.py", line 90, in rendered_content
    template = self.resolve_template(self.template_name)
               ^^^^^^^^^^^^^^^^^^^^^^^^^^^^^^^^^^^^^^^^^
  File "/Users/dhrubajyotiborah/Documents/Projects/hcs_sso_with_oidc/venv/lib/python3.12/site-packages/django/template/response.py", line 72, in resolve_template
    return select_template(template, using=self.using)
           ^^^^^^^^^^^^^^^^^^^^^^^^^^^^^^^^^^^^^^^^^^^
  File "/Users/dhrubajyotiborah/Documents/Projects/hcs_sso_with_oidc/venv/lib/python3.12/site-packages/django/template/loader.py", line 47, in select_template
    raise TemplateDoesNotExist(", ".join(template_name_list), chain=chain)
django.template.exceptions.TemplateDoesNotExist: sso/templates/index.html
ERROR 2026-02-11 05:50:49,318 log 45616 6205698048 "GET / HTTP/1.1" 500 96497
INFO 2026-02-11 05:51:13,654 autoreload 45616 8318492864 /Users/dhrubajyotiborah/Documents/Projects/hcs_sso_with_oidc/sso/urls.py changed, reloading.
ERROR 2026-02-11 05:51:14,353 apps 46056 8318492864 Failed to register custom backends: argument of type 'module' is not iterable
INFO 2026-02-11 05:51:14,353 apps 46056 8318492864 Enabled providers: Google, Facebook
INFO 2026-02-11 05:51:14,353 apps 46056 8318492864 ✅ Social authentication app initialized successfully
INFO 2026-02-11 05:51:14,362 autoreload 46056 8318492864 Watching for file changes with StatReloader
ERROR 2026-02-11 05:51:22,800 log 46056 6128201728 Internal Server Error: /
Traceback (most recent call last):
  File "/Users/dhrubajyotiborah/Documents/Projects/hcs_sso_with_oidc/venv/lib/python3.12/site-packages/django/core/handlers/exception.py", line 55, in inner
    response = get_response(request)
               ^^^^^^^^^^^^^^^^^^^^^
  File "/Users/dhrubajyotiborah/Documents/Projects/hcs_sso_with_oidc/venv/lib/python3.12/site-packages/django/core/handlers/base.py", line 221, in _get_response
    response = response.render()
               ^^^^^^^^^^^^^^^^^
  File "/Users/dhrubajyotiborah/Documents/Projects/hcs_sso_with_oidc/venv/lib/python3.12/site-packages/django/template/response.py", line 114, in render
    self.content = self.rendered_content
                   ^^^^^^^^^^^^^^^^^^^^^
  File "/Users/dhrubajyotiborah/Documents/Projects/hcs_sso_with_oidc/venv/lib/python3.12/site-packages/django/template/response.py", line 90, in rendered_content
    template = self.resolve_template(self.template_name)
               ^^^^^^^^^^^^^^^^^^^^^^^^^^^^^^^^^^^^^^^^^
  File "/Users/dhrubajyotiborah/Documents/Projects/hcs_sso_with_oidc/venv/lib/python3.12/site-packages/django/template/response.py", line 72, in resolve_template
    return select_template(template, using=self.using)
           ^^^^^^^^^^^^^^^^^^^^^^^^^^^^^^^^^^^^^^^^^^^
  File "/Users/dhrubajyotiborah/Documents/Projects/hcs_sso_with_oidc/venv/lib/python3.12/site-packages/django/template/loader.py", line 47, in select_template
    raise TemplateDoesNotExist(", ".join(template_name_list), chain=chain)
django.template.exceptions.TemplateDoesNotExist: /sso/templates/index.html
ERROR 2026-02-11 05:51:22,826 log 46056 6128201728 "GET / HTTP/1.1" 500 92689
INFO 2026-02-11 05:53:14,759 autoreload 46056 8318492864 /Users/dhrubajyotiborah/Documents/Projects/hcs_sso_with_oidc/sso/settings.py changed, reloading.
ERROR 2026-02-11 05:53:15,499 apps 47311 8318492864 Failed to register custom backends: argument of type 'module' is not iterable
INFO 2026-02-11 05:53:15,500 apps 47311 8318492864 Enabled providers: Google, Facebook
INFO 2026-02-11 05:53:15,500 apps 47311 8318492864 ✅ Social authentication app initialized successfully
INFO 2026-02-11 05:53:15,508 autoreload 47311 8318492864 Watching for file changes with StatReloader
INFO 2026-02-11 05:53:21,021 autoreload 47311 8318492864 /Users/dhrubajyotiborah/Documents/Projects/hcs_sso_with_oidc/sso/urls.py changed, reloading.
ERROR 2026-02-11 05:53:21,674 apps 47365 8318492864 Failed to register custom backends: argument of type 'module' is not iterable
INFO 2026-02-11 05:53:21,674 apps 47365 8318492864 Enabled providers: Google, Facebook
INFO 2026-02-11 05:53:21,674 apps 47365 8318492864 ✅ Social authentication app initialized successfully
INFO 2026-02-11 05:53:21,680 autoreload 47365 8318492864 Watching for file changes with StatReloader
INFO 2026-02-11 05:54:05,389 autoreload 47365 8318492864 /Users/dhrubajyotiborah/Documents/Projects/hcs_sso_with_oidc/sso/urls.py changed, reloading.
ERROR 2026-02-11 05:54:06,126 apps 47839 8318492864 Failed to register custom backends: argument of type 'module' is not iterable
INFO 2026-02-11 05:54:06,126 apps 47839 8318492864 Enabled providers: Google, Facebook
INFO 2026-02-11 05:54:06,126 apps 47839 8318492864 ✅ Social authentication app initialized successfully
INFO 2026-02-11 05:54:06,135 autoreload 47839 8318492864 Watching for file changes with StatReloader
INFO 2026-02-11 05:54:57,897 log 47839 6156840960 "GET / HTTP/1.1" 200 5346
WARNING 2026-02-11 05:55:23,320 log 47839 6156840960 Not Found: /api/health
WARNING 2026-02-11 05:55:23,321 log 47839 6156840960 "GET /api/health HTTP/1.1" 404 6612
ERROR 2026-02-11 05:55:40,873 log 47839 6156840960 Service Unavailable: /api/health/
ERROR 2026-02-11 05:55:40,873 log 47839 6156840960 "GET /api/health/ HTTP/1.1" 503 5613
WARNING 2026-02-11 05:56:09,285 log 47839 6156840960 Not Found: /admin
WARNING 2026-02-11 05:56:09,285 log 47839 6156840960 "GET /admin HTTP/1.1" 404 4310
INFO 2026-02-11 05:56:14,392 log 47839 6156840960 "GET /admin/ HTTP/1.1" 200 14623
INFO 2026-02-11 05:56:14,410 log 47839 6156840960 "GET /static/admin/css/dark_mode.css HTTP/1.1" 304 0
INFO 2026-02-11 05:56:14,411 log 47839 6173667328 "GET /static/admin/css/dashboard.css HTTP/1.1" 304 0
INFO 2026-02-11 05:56:14,411 log 47839 6190493696 "GET /static/admin/css/nav_sidebar.css HTTP/1.1" 304 0
INFO 2026-02-11 05:56:14,411 log 47839 6207320064 "GET /static/admin/css/responsive.css HTTP/1.1" 304 0
INFO 2026-02-11 05:56:14,414 log 47839 6224146432 "GET /static/admin/js/theme.js HTTP/1.1" 304 0
INFO 2026-02-11 05:56:14,414 log 47839 6240972800 "GET /static/admin/css/base.css HTTP/1.1" 304 0
INFO 2026-02-11 05:56:14,419 log 47839 6240972800 "GET /static/admin/js/nav_sidebar.js HTTP/1.1" 304 0
INFO 2026-02-11 05:56:14,426 log 47839 6224146432 "GET /static/admin/img/icon-addlink.svg HTTP/1.1" 304 0
INFO 2026-02-11 05:56:14,426 log 47839 6240972800 "GET /static/admin/img/icon-changelink.svg HTTP/1.1" 304 0
WARNING 2026-02-11 05:56:21,479 log 47839 6240972800 Not Found: /login
WARNING 2026-02-11 05:56:21,480 log 47839 6240972800 "GET /login HTTP/1.1" 404 4310
WARNING 2026-02-11 05:56:25,431 log 47839 6240972800 Not Found: /login/
WARNING 2026-02-11 05:56:25,432 log 47839 6240972800 "GET /login/ HTTP/1.1" 404 4313
INFO 2026-02-11 05:56:35,492 log 47839 6240972800 "GET /accounts/login/ HTTP/1.1" 200 700
WARNING 2026-02-11 05:56:47,636 log 47839 6240972800 Not Found: /.well-known/openid-configuration
WARNING 2026-02-11 05:56:47,637 log 47839 6240972800 "GET /.well-known/openid-configuration HTTP/1.1" 404 4418
INFO 2026-02-11 05:56:51,524 log 47839 6240972800 "GET /.well-known/openid-configuration/ HTTP/1.1" 302 0
INFO 2026-02-11 05:56:51,571 log 47839 6240972800 "GET /api/oidc/provider-info/ HTTP/1.1" 200 8764
INFO 2026-02-11 05:57:04,891 log 47839 6240972800 "GET /api/oidc/jwks/ HTTP/1.1" 200 6019
INFO 2026-02-11 05:57:14,623 log 47839 6240972800 "GET /o/applications/ HTTP/1.1" 200 1433
INFO 2026-02-11 05:57:20,327 log 47839 6240972800 "GET /o/applications/register/ HTTP/1.1" 200 7255
INFO 2026-02-11 06:01:16,077 log 47839 6156840960 "GET / HTTP/1.1" 200 5460
WARNING 2026-02-11 06:01:32,022 log 47839 6156840960 Not Found: /accounts/login
WARNING 2026-02-11 06:01:32,024 log 47839 6156840960 "GET /accounts/login HTTP/1.1" 404 6457
INFO 2026-02-11 06:01:49,708 log 47839 6156840960 "GET /accounts/login/ HTTP/1.1" 200 700
INFO 2026-02-11 06:01:54,283 log 47839 6156840960 "GET /admin/ HTTP/1.1" 200 14623
WARNING 2026-02-11 06:01:57,625 log 47839 6156840960 Not Found: /accounts/login
WARNING 2026-02-11 06:01:57,625 log 47839 6156840960 "GET /accounts/login HTTP/1.1" 404 6457
ERROR 2026-02-11 06:02:11,672 apps 53349 8318492864 Failed to register custom backends: argument of type 'module' is not iterable
INFO 2026-02-11 06:02:11,672 apps 53349 8318492864 Enabled providers: Google, Facebook
INFO 2026-02-11 06:02:11,672 apps 53349 8318492864 ✅ Social authentication app initialized successfully
ERROR 2026-02-11 06:02:12,088 apps 53350 8318492864 Failed to register custom backends: argument of type 'module' is not iterable
INFO 2026-02-11 06:02:12,088 apps 53350 8318492864 Enabled providers: Google, Facebook
INFO 2026-02-11 06:02:12,088 apps 53350 8318492864 ✅ Social authentication app initialized successfully
INFO 2026-02-11 06:02:12,092 autoreload 53350 8318492864 Watching for file changes with StatReloader
ERROR 2026-02-11 06:02:21,082 log 53350 6168932352 Service Unavailable: /api/health/
ERROR 2026-02-11 06:02:21,083 log 53350 6168932352 "GET /api/health/ HTTP/1.1" 503 5613
INFO 2026-02-11 06:02:25,024 log 53350 6168932352 "GET /admin/ HTTP/1.1" 200 14623
WARNING 2026-02-11 06:02:28,078 log 53350 6168932352 Not Found: /accounts/login
WARNING 2026-02-11 06:02:28,080 log 53350 6168932352 "GET /accounts/login HTTP/1.1" 404 6457
WARNING 2026-02-11 06:03:11,970 log 53350 6168932352 Not Found: /accounts/login
WARNING 2026-02-11 06:03:11,972 log 53350 6168932352 "GET /accounts/login HTTP/1.1" 404 6457
ERROR 2026-02-11 06:03:26,458 apps 54389 8318492864 Failed to register custom backends: argument of type 'module' is not iterable
INFO 2026-02-11 06:03:26,458 apps 54389 8318492864 Enabled providers: Google, Facebook
INFO 2026-02-11 06:03:26,458 apps 54389 8318492864 ✅ Social authentication app initialized successfully
ERROR 2026-02-11 06:03:26,853 apps 54391 8318492864 Failed to register custom backends: argument of type 'module' is not iterable
INFO 2026-02-11 06:03:26,853 apps 54391 8318492864 Enabled providers: Google, Facebook
INFO 2026-02-11 06:03:26,853 apps 54391 8318492864 ✅ Social authentication app initialized successfully
INFO 2026-02-11 06:03:26,859 autoreload 54391 8318492864 Watching for file changes with StatReloader
WARNING 2026-02-11 06:03:43,832 log 54391 6165917696 Not Found: /accounts/login
WARNING 2026-02-11 06:03:43,833 log 54391 6165917696 "GET /accounts/login HTTP/1.1" 404 6457
INFO 2026-02-11 06:04:32,801 autoreload 54391 8318492864 /Users/dhrubajyotiborah/Documents/Projects/hcs_sso_with_oidc/sso/urls.py changed, reloading.
ERROR 2026-02-11 06:04:33,592 apps 55135 8318492864 Failed to register custom backends: argument of type 'module' is not iterable
INFO 2026-02-11 06:04:33,592 apps 55135 8318492864 Enabled providers: Google, Facebook
INFO 2026-02-11 06:04:33,592 apps 55135 8318492864 ✅ Social authentication app initialized successfully
INFO 2026-02-11 06:04:33,603 autoreload 55135 8318492864 Watching for file changes with StatReloader
ERROR 2026-02-11 06:04:46,522 apps 55399 8318492864 Failed to register custom backends: argument of type 'module' is not iterable
INFO 2026-02-11 06:04:46,522 apps 55399 8318492864 Enabled providers: Google, Facebook
INFO 2026-02-11 06:04:46,522 apps 55399 8318492864 ✅ Social authentication app initialized successfully
ERROR 2026-02-11 06:04:46,944 apps 55400 8318492864 Failed to register custom backends: argument of type 'module' is not iterable
INFO 2026-02-11 06:04:46,944 apps 55400 8318492864 Enabled providers: Google, Facebook
INFO 2026-02-11 06:04:46,944 apps 55400 8318492864 ✅ Social authentication app initialized successfully
INFO 2026-02-11 06:04:46,949 autoreload 55400 8318492864 Watching for file changes with StatReloader
INFO 2026-02-11 06:04:53,432 log 55400 6132002816 "GET / HTTP/1.1" 200 5461
INFO 2026-02-11 06:04:55,062 log 55400 6132002816 "GET / HTTP/1.1" 200 5461
INFO 2026-02-11 06:04:55,222 log 55400 6132002816 "GET / HTTP/1.1" 200 5461
INFO 2026-02-11 06:04:55,389 log 55400 6132002816 "GET / HTTP/1.1" 200 5461
INFO 2026-02-11 06:04:55,519 log 55400 6132002816 "GET / HTTP/1.1" 200 5461
INFO 2026-02-11 06:04:59,717 log 55400 6132002816 "GET /accounts/login/ HTTP/1.1" 200 700
INFO 2026-02-11 06:05:02,992 log 55400 6132002816 "GET /admin/ HTTP/1.1" 200 14623
ERROR 2026-02-11 06:05:05,636 log 55400 6132002816 Service Unavailable: /api/health/
ERROR 2026-02-11 06:05:05,637 log 55400 6132002816 "GET /api/health/ HTTP/1.1" 503 5613
ERROR 2026-02-11 06:05:22,109 log 55400 6132002816 Service Unavailable: /api/health/
ERROR 2026-02-11 06:05:22,110 log 55400 6132002816 "GET /api/health/ HTTP/1.1" 503 5613
INFO 2026-02-11 06:05:58,055 log 55400 6132002816 "GET /accounts/login/ HTTP/1.1" 200 700
INFO 2026-02-11 06:06:17,497 autoreload 55400 8318492864 /Users/dhrubajyotiborah/Documents/Projects/hcs_sso_with_oidc/sso/urls.py changed, reloading.
ERROR 2026-02-11 06:06:18,286 apps 56451 8318492864 Failed to register custom backends: argument of type 'module' is not iterable
INFO 2026-02-11 06:06:18,286 apps 56451 8318492864 Enabled providers: Google, Facebook
INFO 2026-02-11 06:06:18,286 apps 56451 8318492864 ✅ Social authentication app initialized successfully
INFO 2026-02-11 06:06:18,293 autoreload 56451 8318492864 Watching for file changes with StatReloader
INFO 2026-02-11 06:06:41,777 autoreload 56451 8318492864 /Users/dhrubajyotiborah/Documents/Projects/hcs_sso_with_oidc/sso/urls.py changed, reloading.
ERROR 2026-02-11 06:06:42,527 apps 56733 8318492864 Failed to register custom backends: argument of type 'module' is not iterable
INFO 2026-02-11 06:06:42,528 apps 56733 8318492864 Enabled providers: Google, Facebook
INFO 2026-02-11 06:06:42,528 apps 56733 8318492864 ✅ Social authentication app initialized successfully
INFO 2026-02-11 06:06:42,535 autoreload 56733 8318492864 Watching for file changes with StatReloader
INFO 2026-02-11 06:06:46,108 log 56733 6136557568 "GET / HTTP/1.1" 200 5452
INFO 2026-02-11 06:06:46,647 log 56733 6136557568 "GET / HTTP/1.1" 200 5452
INFO 2026-02-11 06:06:46,787 log 56733 6136557568 "GET / HTTP/1.1" 200 5452
INFO 2026-02-11 06:06:46,973 log 56733 6136557568 "GET / HTTP/1.1" 200 5452
INFO 2026-02-11 06:06:49,756 log 56733 6136557568 "GET /login/ HTTP/1.1" 200 12373
INFO 2026-02-11 06:07:13,220 log 56733 6136557568 "GET / HTTP/1.1" 200 5452
INFO 2026-02-11 06:07:15,342 log 56733 6136557568 "GET /login/ HTTP/1.1" 200 12373
WARNING 2026-02-11 06:07:19,421 log 56733 6136557568 Not Found: /accounts/github/login/
WARNING 2026-02-11 06:07:19,422 log 56733 6136557568 "GET /accounts/github/login/ HTTP/1.1" 404 6651
INFO 2026-02-11 06:10:07,572 log 56733 6136557568 "GET /login/ HTTP/1.1" 200 12355
INFO 2026-02-11 06:10:14,756 log 56733 6136557568 "GET /accounts/login/ HTTP/1.1" 200 700
INFO 2026-02-11 06:10:17,927 log 56733 6136557568 "GET /accounts/login/ HTTP/1.1" 200 700
INFO 2026-02-11 06:12:09,303 log 56733 6136557568 "GET /accounts/login/ HTTP/1.1" 200 700
INFO 2026-02-11 06:12:17,328 log 56733 6136557568 "POST /accounts/login/ HTTP/1.1" 302 0
WARNING 2026-02-11 06:12:17,364 log 56733 6136557568 Not Found: /accounts/profile/
WARNING 2026-02-11 06:12:17,364 log 56733 6136557568 "GET /accounts/profile/ HTTP/1.1" 404 6631
INFO 2026-02-11 06:13:02,521 autoreload 56733 8318492864 /Users/dhrubajyotiborah/Documents/Projects/hcs_sso_with_oidc/sso/urls.py changed, reloading.
ERROR 2026-02-11 06:13:03,309 apps 60885 8318492864 Failed to register custom backends: argument of type 'module' is not iterable
INFO 2026-02-11 06:13:03,309 apps 60885 8318492864 Enabled providers: Google, Facebook
INFO 2026-02-11 06:13:03,309 apps 60885 8318492864 ✅ Social authentication app initialized successfully
INFO 2026-02-11 06:13:03,315 autoreload 60885 8318492864 Watching for file changes with StatReloader
INFO 2026-02-11 06:14:31,411 autoreload 60885 8318492864 /Users/dhrubajyotiborah/Documents/Projects/hcs_sso_with_oidc/sso/urls.py changed, reloading.
ERROR 2026-02-11 06:14:32,082 apps 61847 8318492864 Failed to register custom backends: argument of type 'module' is not iterable
INFO 2026-02-11 06:14:32,082 apps 61847 8318492864 Enabled providers: Google, Facebook
INFO 2026-02-11 06:14:32,082 apps 61847 8318492864 ✅ Social authentication app initialized successfully
INFO 2026-02-11 06:14:32,089 autoreload 61847 8318492864 Watching for file changes with StatReloader
INFO 2026-02-11 06:14:37,257 log 61847 6167965696 "GET /accounts/profile/ HTTP/1.1" 200 16064
INFO 2026-02-11 06:14:37,831 log 61847 6167965696 "GET /api/users/profile/ HTTP/1.1" 200 3736
WARNING 2026-02-11 06:15:03,097 log 61847 6167965696 Not Found: /accounts/password/change/
WARNING 2026-02-11 06:15:03,099 log 61847 6167965696 "GET /accounts/password/change/ HTTP/1.1" 404 6839
WARNING 2026-02-11 06:15:53,334 log 61847 6167965696 Not Found: /logout
WARNING 2026-02-11 06:15:53,335 log 61847 6167965696 "GET /logout HTTP/1.1" 404 4653
INFO 2026-02-11 06:16:19,080 log 61847 6167965696 "GET / HTTP/1.1" 200 5452
INFO 2026-02-11 06:16:23,813 log 61847 6167965696 "GET /login/ HTTP/1.1" 200 12355
INFO 2026-02-11 06:16:25,959 log 61847 6167965696 "GET /accounts/login/ HTTP/1.1" 200 700
INFO 2026-02-11 06:16:33,417 log 61847 6167965696 "POST /accounts/login/ HTTP/1.1" 302 0
INFO 2026-02-11 06:16:33,448 log 61847 6167965696 "GET /accounts/profile/ HTTP/1.1" 200 16064
INFO 2026-02-11 06:16:33,609 log 61847 6167965696 "GET /api/users/profile/ HTTP/1.1" 200 3736
INFO 2026-02-11 06:17:35,073 log 61847 6167965696 "GET / HTTP/1.1" 200 5452
INFO 2026-02-11 06:17:38,018 log 61847 6167965696 "GET /admin/ HTTP/1.1" 200 14623
INFO 2026-02-11 06:17:40,262 log 61847 6167965696 "POST /admin/logout/ HTTP/1.1" 200 3475
INFO 2026-02-11 06:17:42,406 log 61847 6167965696 "GET /admin/ HTTP/1.1" 302 0
INFO 2026-02-11 06:17:42,459 log 61847 6167965696 "GET /admin/login/?next=/admin/ HTTP/1.1" 200 4080
INFO 2026-02-11 06:17:42,479 log 61847 6167965696 "GET /static/admin/css/login.css HTTP/1.1" 304 0
INFO 2026-02-11 06:17:48,450 log 61847 6167965696 "GET / HTTP/1.1" 200 5452
INFO 2026-02-11 06:17:50,481 log 61847 6167965696 "GET /login/ HTTP/1.1" 200 12355
WARNING 2026-02-11 06:17:57,219 log 61847 6167965696 Not Found: /accounts/google/login/
WARNING 2026-02-11 06:17:57,220 log 61847 6167965696 "GET /accounts/google/login/ HTTP/1.1" 404 6827
INFO 2026-02-11 06:27:59,235 log 61847 6167965696 "GET / HTTP/1.1" 200 5452
INFO 2026-02-11 06:30:05,477 log 61847 6167965696 "GET /login/ HTTP/1.1" 200 12355
INFO 2026-02-11 06:30:06,878 log 61847 6167965696 "GET /accounts/login/ HTTP/1.1" 200 700
INFO 2026-02-11 06:30:15,018 log 61847 6167965696 "POST /accounts/login/ HTTP/1.1" 302 0
INFO 2026-02-11 06:30:15,054 log 61847 6167965696 "GET /accounts/profile/ HTTP/1.1" 200 16064
INFO 2026-02-11 06:30:15,283 log 61847 6167965696 "GET /api/users/profile/ HTTP/1.1" 200 3736
INFO 2026-02-11 06:30:27,401 log 61847 6167965696 "GET /o/authorize/?response_type=code&client_id=5kWtcsPK1TeThWvN7gktrTfOsoiVdaY9OMqXEIV0&state=random123&scope=read%20write&redirect_uri=https%3A%2F%2Foauth.pstmn.io%2Fv1%2Fcallback&code_challenge=evPBW9eVBWuId2sIxlkaLK30SkmOOgeVC7eYAobf-co&code_challenge_method=S256 HTTP/1.1" 200 3698
INFO 2026-02-11 06:30:30,197 log 61847 6167965696 "POST /o/authorize/?response_type=code&client_id=5kWtcsPK1TeThWvN7gktrTfOsoiVdaY9OMqXEIV0&state=random123&scope=read%20write&redirect_uri=https%3A%2F%2Foauth.pstmn.io%2Fv1%2Fcallback&code_challenge=evPBW9eVBWuId2sIxlkaLK30SkmOOgeVC7eYAobf-co&code_challenge_method=S256 HTTP/1.1" 302 0
INFO 2026-02-11 06:30:31,003 validators 61847 6201618432 Token issued for user 1 via local
INFO 2026-02-11 06:30:31,009 signals 61847 6201618432 Access token created for user 1 via client 5kWtcsPK1TeThWvN7gktrTfOsoiVdaY9OMqXEIV0
INFO 2026-02-11 06:30:31,085 log 61847 6201618432 "POST /o/token/ HTTP/1.1" 200 198
INFO 2026-02-11 06:31:09,846 autoreload 61847 8318492864 /Users/dhrubajyotiborah/Documents/Projects/hcs_sso_with_oidc/apps/users/urls.py changed, reloading.
ERROR 2026-02-11 06:31:10,846 apps 72641 8318492864 Failed to register custom backends: argument of type 'module' is not iterable
INFO 2026-02-11 06:31:10,846 apps 72641 8318492864 Enabled providers: Google, Facebook
INFO 2026-02-11 06:31:10,846 apps 72641 8318492864 ✅ Social authentication app initialized successfully
INFO 2026-02-11 06:31:10,854 autoreload 72641 8318492864 Watching for file changes with StatReloader
WARNING 2026-02-11 06:43:36,211 log 72641 6135099392 Not Found: /logout
WARNING 2026-02-11 06:43:36,212 log 72641 6135099392 "GET /logout HTTP/1.1" 404 4653
INFO 2026-02-11 06:43:42,339 log 72641 6135099392 "GET /accounts/profile/ HTTP/1.1" 200 16064
INFO 2026-02-11 06:43:42,580 log 72641 6135099392 "GET /api/users/profile/ HTTP/1.1" 200 3736
WARNING 2026-02-11 06:43:44,742 log 72641 6135099392 Not Found: /logout
WARNING 2026-02-11 06:43:44,742 log 72641 6135099392 "GET /logout HTTP/1.1" 404 4653
WARNING 2026-02-11 06:43:48,934 log 72641 6135099392 Not Found: /logout/
WARNING 2026-02-11 06:43:48,935 log 72641 6135099392 "GET /logout/ HTTP/1.1" 404 4656
INFO 2026-02-11 06:43:54,978 log 72641 6135099392 "GET /accounts/login/ HTTP/1.1" 200 700
INFO 2026-02-11 06:44:00,121 log 72641 6135099392 "GET /login/ HTTP/1.1" 200 12355
INFO 2026-02-11 06:44:04,349 log 72641 6135099392 "GET /login/ HTTP/1.1" 200 12355
INFO 2026-02-11 06:44:37,195 log 72641 6135099392 "GET / HTTP/1.1" 200 5452
INFO 2026-02-11 06:44:54,593 log 72641 6135099392 "GET /login/ HTTP/1.1" 200 12355
INFO 2026-02-11 06:45:00,600 log 72641 6135099392 "GET /accounts/login/ HTTP/1.1" 200 700
INFO 2026-02-11 06:46:31,507 log 72641 6135099392 "GET / HTTP/1.1" 200 5452
WARNING 2026-02-11 06:46:40,225 log 72641 6135099392 Not Found: /api/users/register
WARNING 2026-02-11 06:46:40,226 log 72641 6135099392 "GET /api/users/register HTTP/1.1" 404 15333
WARNING 2026-02-11 06:46:43,304 log 72641 6135099392 Method Not Allowed: /api/users/register/
WARNING 2026-02-11 06:46:43,305 log 72641 6135099392 "GET /api/users/register/ HTTP/1.1" 405 12033
WARNING 2026-02-11 06:49:21,976 log 72641 6135099392 Bad Request: /api/users/register/
WARNING 2026-02-11 06:49:21,978 log 72641 6135099392 "POST /api/users/register/ HTTP/1.1" 400 12652
INFO 2026-02-11 07:01:51,846 log 72641 6135099392 "GET / HTTP/1.1" 200 5452
INFO 2026-02-11 07:01:53,623 log 72641 6135099392 "GET /login/ HTTP/1.1" 200 12355
INFO 2026-02-11 07:14:29,348 log 72641 6135099392 "GET /accounts/login/ HTTP/1.1" 200 700
INFO 2026-02-11 07:15:12,957 log 72641 6135099392 "GET /accounts/login/ HTTP/1.1" 200 700
INFO 2026-02-11 07:16:59,209 log 72641 6135099392 "GET /.well-known/openid-configuration/ HTTP/1.1" 302 0
INFO 2026-02-11 07:16:59,276 log 72641 6135099392 "GET /api/oidc/provider-info/ HTTP/1.1" 200 8764
WARNING 2026-02-11 07:17:09,488 log 72641 6135099392 Bad Request: /o/authorize/
WARNING 2026-02-11 07:17:09,488 log 72641 6135099392 "GET /o/authorize/ HTTP/1.1" 400 1331
INFO 2026-02-11 07:22:18,548 autoreload 72641 8318492864 /Users/dhrubajyotiborah/Documents/Projects/hcs_sso_with_oidc/sso/settings.py changed, reloading.
ERROR 2026-02-11 07:22:19,666 apps 7250 8318492864 Failed to register custom backends: argument of type 'module' is not iterable
INFO 2026-02-11 07:22:19,666 apps 7250 8318492864 Enabled providers: Google, Facebook
INFO 2026-02-11 07:22:19,666 apps 7250 8318492864 ✅ Social authentication app initialized successfully
INFO 2026-02-11 07:22:19,674 autoreload 7250 8318492864 Watching for file changes with StatReloader
INFO 2026-02-11 07:22:46,308 autoreload 7250 8318492864 /Users/dhrubajyotiborah/Documents/Projects/hcs_sso_with_oidc/sso/urls.py changed, reloading.
ERROR 2026-02-11 07:22:46,948 apps 7555 8318492864 Failed to register custom backends: argument of type 'module' is not iterable
INFO 2026-02-11 07:22:46,948 apps 7555 8318492864 Enabled providers: Google, Facebook
INFO 2026-02-11 07:22:46,948 apps 7555 8318492864 ✅ Social authentication app initialized successfully
INFO 2026-02-11 07:22:46,955 autoreload 7555 8318492864 Watching for file changes with StatReloader
INFO 2026-02-11 07:25:17,614 autoreload 7555 8318492864 /Users/dhrubajyotiborah/Documents/Projects/hcs_sso_with_oidc/sso/settings.py changed, reloading.
ERROR 2026-02-11 07:25:18,464 apps 9254 8318492864 Failed to register custom backends: argument of type 'module' is not iterable
INFO 2026-02-11 07:25:18,464 apps 9254 8318492864 Enabled providers: Google, Facebook
INFO 2026-02-11 07:25:18,464 apps 9254 8318492864 ✅ Social authentication app initialized successfully
INFO 2026-02-11 07:25:18,472 autoreload 9254 8318492864 Watching for file changes with StatReloader
INFO 2026-02-11 07:25:27,198 autoreload 9254 8318492864 /Users/dhrubajyotiborah/Documents/Projects/hcs_sso_with_oidc/sso/urls.py changed, reloading.
ERROR 2026-02-11 07:25:27,822 apps 9357 8318492864 Failed to register custom backends: argument of type 'module' is not iterable
INFO 2026-02-11 07:25:27,822 apps 9357 8318492864 Enabled providers: Google, Facebook
INFO 2026-02-11 07:25:27,822 apps 9357 8318492864 ✅ Social authentication app initialized successfully
INFO 2026-02-11 07:25:27,828 autoreload 9357 8318492864 Watching for file changes with StatReloader
INFO 2026-02-11 07:25:33,334 autoreload 9357 8318492864 /Users/dhrubajyotiborah/Documents/Projects/hcs_sso_with_oidc/apps/core/views.py changed, reloading.
ERROR 2026-02-11 07:25:33,941 apps 9440 8318492864 Failed to register custom backends: argument of type 'module' is not iterable
INFO 2026-02-11 07:25:33,941 apps 9440 8318492864 Enabled providers: Google, Facebook
INFO 2026-02-11 07:25:33,941 apps 9440 8318492864 ✅ Social authentication app initialized successfully
INFO 2026-02-11 07:25:33,948 autoreload 9440 8318492864 Watching for file changes with StatReloader
INFO 2026-02-11 07:28:19,244 log 9440 6131118080 "GET /o/authorize/?response_type=code&client_id=5kWtcsPK1TeThWvN7gktrTfOsoiVdaY9OMqXEIV0&state=random123&scope=read%20write&redirect_uri=https%3A%2F%2Foauth.pstmn.io%2Fv1%2Fcallback&code_challenge=oRG4Ckyum-NDjjfasfoWuQbcXv4k4Dpk8PYd4EPKRNU&code_challenge_method=S256 HTTP/1.1" 200 3698
INFO 2026-02-11 07:28:21,128 log 9440 6131118080 "POST /o/authorize/?response_type=code&client_id=5kWtcsPK1TeThWvN7gktrTfOsoiVdaY9OMqXEIV0&state=random123&scope=read%20write&redirect_uri=https%3A%2F%2Foauth.pstmn.io%2Fv1%2Fcallback&code_challenge=oRG4Ckyum-NDjjfasfoWuQbcXv4k4Dpk8PYd4EPKRNU&code_challenge_method=S256 HTTP/1.1" 302 0
INFO 2026-02-11 07:28:21,905 validators 9440 6164770816 Token issued for user 1 via local
INFO 2026-02-11 07:28:21,909 signals 9440 6164770816 Access token created for user 1 via client 5kWtcsPK1TeThWvN7gktrTfOsoiVdaY9OMqXEIV0
INFO 2026-02-11 07:28:21,968 log 9440 6164770816 "POST /o/token/ HTTP/1.1" 200 198
INFO 2026-02-11 07:28:55,666 permissions 9440 6164770816 Client 5kWtcsPK1TeThWvN7gktrTfOsoiVdaY9OMqXEIV0 authenticated from 127.0.0.1
WARNING 2026-02-11 07:28:55,685 log 9440 6164770816 Bad Request: /api/oidc/revoke/
WARNING 2026-02-11 07:28:55,685 log 9440 6164770816 "POST /api/oidc/revoke/ HTTP/1.1" 400 85
INFO 2026-02-11 07:29:42,357 validators 9440 6164770816 Token issued for user 1 via local
INFO 2026-02-11 07:29:42,389 signals 9440 6164770816 Access token created for user 1 via client 5kWtcsPK1TeThWvN7gktrTfOsoiVdaY9OMqXEIV0
INFO 2026-02-11 07:29:42,442 log 9440 6164770816 "POST /o/token/ HTTP/1.1" 200 198
INFO 2026-02-11 07:29:50,380 log 9440 6131118080 "GET /o/authorize/?response_type=code&client_id=5kWtcsPK1TeThWvN7gktrTfOsoiVdaY9OMqXEIV0&state=random123&scope=read%20write&redirect_uri=https%3A%2F%2Foauth.pstmn.io%2Fv1%2Fcallback&code_challenge=Xce5GHauMz_eZ_V_i6_TCeFdVt9LxkLeO3kGmgHYtGU&code_challenge_method=S256 HTTP/1.1" 200 3698
INFO 2026-02-11 07:29:52,334 log 9440 6131118080 "POST /o/authorize/?response_type=code&client_id=5kWtcsPK1TeThWvN7gktrTfOsoiVdaY9OMqXEIV0&state=random123&scope=read%20write&redirect_uri=https%3A%2F%2Foauth.pstmn.io%2Fv1%2Fcallback&code_challenge=Xce5GHauMz_eZ_V_i6_TCeFdVt9LxkLeO3kGmgHYtGU&code_challenge_method=S256 HTTP/1.1" 302 0
INFO 2026-02-11 07:29:52,729 validators 9440 6164770816 Token issued for user 1 via local
INFO 2026-02-11 07:29:52,731 signals 9440 6164770816 Access token created for user 1 via client 5kWtcsPK1TeThWvN7gktrTfOsoiVdaY9OMqXEIV0
INFO 2026-02-11 07:29:52,771 log 9440 6164770816 "POST /o/token/ HTTP/1.1" 200 198
INFO 2026-02-11 07:35:03,511 log 9440 6147944448 "GET / HTTP/1.1" 200 5452
INFO 2026-02-11 07:35:05,305 log 9440 6147944448 "GET /admin/ HTTP/1.1" 200 14623
INFO 2026-02-11 07:35:07,190 log 9440 6147944448 "POST /admin/logout/ HTTP/1.1" 302 0
INFO 2026-02-11 07:35:07,229 log 9440 6147944448 "GET / HTTP/1.1" 200 5452
INFO 2026-02-11 07:35:12,055 log 9440 6147944448 "GET / HTTP/1.1" 200 5452
INFO 2026-02-11 07:35:18,008 log 9440 6147944448 "GET /admin/ HTTP/1.1" 302 0
INFO 2026-02-11 07:35:18,105 log 9440 6147944448 "GET /admin/login/?next=/admin/ HTTP/1.1" 200 4080
INFO 2026-02-11 07:35:31,711 log 9440 6147944448 "GET /o/authorize/?response_type=code&client_id=5kWtcsPK1TeThWvN7gktrTfOsoiVdaY9OMqXEIV0&state=random123&scope=read%20write&redirect_uri=https%3A%2F%2Foauth.pstmn.io%2Fv1%2Fcallback&code_challenge=pjdLlL6zbA_wGWx3_UVBvLApxEHSp_B6FAd88BtaNBk&code_challenge_method=S256 HTTP/1.1" 302 0
INFO 2026-02-11 07:35:31,779 log 9440 6147944448 "GET /login/?next=/o/authorize/%3Fresponse_type%3Dcode%26client_id%3D5kWtcsPK1TeThWvN7gktrTfOsoiVdaY9OMqXEIV0%26state%3Drandom123%26scope%3Dread%2520write%26redirect_uri%3Dhttps%253A%252F%252Foauth.pstmn.io%252Fv1%252Fcallback%26code_challenge%3DpjdLlL6zbA_wGWx3_UVBvLApxEHSp_B6FAd88BtaNBk%26code_challenge_method%3DS256 HTTP/1.1" 200 12355
INFO 2026-02-11 07:35:36,459 log 9440 6147944448 "GET /accounts/login/ HTTP/1.1" 200 7836
INFO 2026-02-11 07:35:53,282 log 9440 6147944448 "POST /accounts/login/ HTTP/1.1" 302 0
INFO 2026-02-11 07:35:53,312 log 9440 6147944448 "GET / HTTP/1.1" 200 5452
INFO 2026-02-11 07:36:06,011 log 9440 6147944448 "GET /admin/ HTTP/1.1" 200 14623
INFO 2026-02-11 08:50:26,424 autoreload 9440 8318492864 /Users/dhrubajyotiborah/Documents/Projects/hcs_sso_with_oidc/apps/users/views.py changed, reloading.
ERROR 2026-02-11 08:50:27,382 apps 53805 8318492864 Failed to register custom backends: argument of type 'module' is not iterable
INFO 2026-02-11 08:50:27,383 apps 53805 8318492864 Enabled providers: Google, Facebook
INFO 2026-02-11 08:50:27,383 apps 53805 8318492864 ✅ Social authentication app initialized successfully
INFO 2026-02-11 08:50:27,390 autoreload 53805 8318492864 Watching for file changes with StatReloader
INFO 2026-02-11 08:50:34,087 autoreload 53805 8318492864 /Users/dhrubajyotiborah/Documents/Projects/hcs_sso_with_oidc/apps/users/views.py changed, reloading.
ERROR 2026-02-11 08:50:34,756 apps 53892 8318492864 Failed to register custom backends: argument of type 'module' is not iterable
INFO 2026-02-11 08:50:34,756 apps 53892 8318492864 Enabled providers: Google, Facebook
INFO 2026-02-11 08:50:34,756 apps 53892 8318492864 ✅ Social authentication app initialized successfully
INFO 2026-02-11 08:50:34,762 autoreload 53892 8318492864 Watching for file changes with StatReloader
INFO 2026-02-11 08:50:38,040 autoreload 53892 8318492864 /Users/dhrubajyotiborah/Documents/Projects/hcs_sso_with_oidc/apps/users/urls.py changed, reloading.
ERROR 2026-02-11 08:50:38,519 apps 53943 8318492864 Failed to register custom backends: argument of type 'module' is not iterable
INFO 2026-02-11 08:50:38,519 apps 53943 8318492864 Enabled providers: Google, Facebook
INFO 2026-02-11 08:50:38,519 apps 53943 8318492864 ✅ Social authentication app initialized successfully
INFO 2026-02-11 08:50:38,524 autoreload 53943 8318492864 Watching for file changes with StatReloader
INFO 2026-02-11 08:50:41,784 autoreload 53943 8318492864 /Users/dhrubajyotiborah/Documents/Projects/hcs_sso_with_oidc/apps/users/urls.py changed, reloading.
ERROR 2026-02-11 08:50:42,244 apps 53999 8318492864 Failed to register custom backends: argument of type 'module' is not iterable
INFO 2026-02-11 08:50:42,247 apps 53999 8318492864 Enabled providers: Google, Facebook
INFO 2026-02-11 08:50:42,247 apps 53999 8318492864 ✅ Social authentication app initialized successfully
INFO 2026-02-11 08:50:42,251 autoreload 53999 8318492864 Watching for file changes with StatReloader
INFO 2026-02-11 08:50:55,108 autoreload 53999 8318492864 /Users/dhrubajyotiborah/Documents/Projects/hcs_sso_with_oidc/apps/oidc/urls.py changed, reloading.
ERROR 2026-02-11 08:50:55,741 apps 54153 8318492864 Failed to register custom backends: argument of type 'module' is not iterable
INFO 2026-02-11 08:50:55,741 apps 54153 8318492864 Enabled providers: Google, Facebook
INFO 2026-02-11 08:50:55,741 apps 54153 8318492864 ✅ Social authentication app initialized successfully
INFO 2026-02-11 08:50:55,746 autoreload 54153 8318492864 Watching for file changes with StatReloader
INFO 2026-02-11 08:51:27,655 autoreload 54153 8318492864 /Users/dhrubajyotiborah/Documents/Projects/hcs_sso_with_oidc/sso/settings.py changed, reloading.
ERROR 2026-02-11 08:51:28,325 apps 54511 8318492864 Failed to register custom backends: argument of type 'module' is not iterable
INFO 2026-02-11 08:51:28,325 apps 54511 8318492864 Enabled providers: Google, Facebook
INFO 2026-02-11 08:51:28,325 apps 54511 8318492864 ✅ Social authentication app initialized successfully
INFO 2026-02-11 08:51:28,332 autoreload 54511 8318492864 Watching for file changes with StatReloader
INFO 2026-02-11 08:51:31,699 autoreload 54511 8318492864 /Users/dhrubajyotiborah/Documents/Projects/hcs_sso_with_oidc/sso/settings.py changed, reloading.
ERROR 2026-02-11 08:51:32,205 apps 54564 8318492864 Failed to register custom backends: argument of type 'module' is not iterable
INFO 2026-02-11 08:51:32,205 apps 54564 8318492864 Enabled providers: Google, Facebook
INFO 2026-02-11 08:51:32,205 apps 54564 8318492864 ✅ Social authentication app initialized successfully
INFO 2026-02-11 08:51:32,210 autoreload 54564 8318492864 Watching for file changes with StatReloader
INFO 2026-02-11 08:51:38,787 autoreload 54564 8318492864 /Users/dhrubajyotiborah/Documents/Projects/hcs_sso_with_oidc/sso/settings.py changed, reloading.
ERROR 2026-02-11 08:51:39,292 apps 54638 8318492864 Failed to register custom backends: argument of type 'module' is not iterable
INFO 2026-02-11 08:51:39,292 apps 54638 8318492864 Enabled providers: Google, Facebook
INFO 2026-02-11 08:51:39,292 apps 54638 8318492864 ✅ Social authentication app initialized successfully
INFO 2026-02-11 08:51:39,298 autoreload 54638 8318492864 Watching for file changes with StatReloader
INFO 2026-02-11 08:51:47,955 autoreload 54638 8318492864 /Users/dhrubajyotiborah/Documents/Projects/hcs_sso_with_oidc/sso/urls.py changed, reloading.
ERROR 2026-02-11 08:51:48,474 apps 54755 8318492864 Failed to register custom backends: argument of type 'module' is not iterable
INFO 2026-02-11 08:51:48,474 apps 54755 8318492864 Enabled providers: Google, Facebook
INFO 2026-02-11 08:51:48,474 apps 54755 8318492864 ✅ Social authentication app initialized successfully
INFO 2026-02-11 08:51:48,480 autoreload 54755 8318492864 Watching for file changes with StatReloader
INFO 2026-02-11 08:51:52,870 autoreload 54755 8318492864 /Users/dhrubajyotiborah/Documents/Projects/hcs_sso_with_oidc/sso/urls.py changed, reloading.
ERROR 2026-02-11 08:51:53,383 apps 54807 8318492864 Failed to register custom backends: argument of type 'module' is not iterable
INFO 2026-02-11 08:51:53,384 apps 54807 8318492864 Enabled providers: Google, Facebook
INFO 2026-02-11 08:51:53,384 apps 54807 8318492864 ✅ Social authentication app initialized successfully
INFO 2026-02-11 08:51:53,389 autoreload 54807 8318492864 Watching for file changes with StatReloader
INFO 2026-02-11 08:51:55,673 autoreload 54807 8318492864 /Users/dhrubajyotiborah/Documents/Projects/hcs_sso_with_oidc/sso/urls.py changed, reloading.
ERROR 2026-02-11 08:51:56,167 apps 54840 8318492864 Failed to register custom backends: argument of type 'module' is not iterable
INFO 2026-02-11 08:51:56,167 apps 54840 8318492864 Enabled providers: Google, Facebook
INFO 2026-02-11 08:51:56,167 apps 54840 8318492864 ✅ Social authentication app initialized successfully
INFO 2026-02-11 08:51:56,172 autoreload 54840 8318492864 Watching for file changes with StatReloader
WARNING 2026-02-12 11:22:17,360 log 54840 6168260608 Not Found: /.well-known/openid-configuration
WARNING 2026-02-12 11:22:17,362 log 54840 6168260608 "GET /.well-known/openid-configuration HTTP/1.1" 404 4942
WARNING 2026-02-12 11:29:47,530 log 54840 6168260608 Not Found: /.well-known/openid-configuration
WARNING 2026-02-12 11:29:47,531 log 54840 6168260608 "GET /.well-known/openid-configuration HTTP/1.1" 404 4942
WARNING 2026-02-12 11:38:57,567 log 54840 6168260608 Not Found: /.well-known/openid-configuration
WARNING 2026-02-12 11:38:57,571 log 54840 6168260608 "GET /.well-known/openid-configuration HTTP/1.1" 404 4942
WARNING 2026-02-12 11:39:41,357 log 54840 6168260608 Not Found: /.well-known/openid-configuration
WARNING 2026-02-12 11:39:41,358 log 54840 6168260608 "GET /.well-known/openid-configuration HTTP/1.1" 404 4942
WARNING 2026-02-12 11:40:38,449 log 54840 6168260608 Not Found: /.well-known/openid-configuration
WARNING 2026-02-12 11:40:38,450 log 54840 6168260608 "GET /.well-known/openid-configuration HTTP/1.1" 404 4942
WARNING 2026-02-12 11:40:52,985 log 54840 6168260608 Not Found: /.well-known/openid-configuration
WARNING 2026-02-12 11:40:52,986 log 54840 6168260608 "GET /.well-known/openid-configuration HTTP/1.1" 404 4942
WARNING 2026-02-12 11:41:18,518 log 54840 6168260608 Not Found: /.well-known/openid-configuration
WARNING 2026-02-12 11:41:18,519 log 54840 6168260608 "GET /.well-known/openid-configuration HTTP/1.1" 404 4942
WARNING 2026-02-12 11:41:20,526 log 54840 6168260608 Not Found: /.well-known/openid-configuration
WARNING 2026-02-12 11:41:20,527 log 54840 6168260608 "GET /.well-known/openid-configuration HTTP/1.1" 404 4942
INFO 2026-02-12 11:42:37,873 log 54840 6185086976 "GET / HTTP/1.1" 200 5452
INFO 2026-02-12 11:42:54,436 log 54840 6185086976 "GET /.well-known/openid-configuration/ HTTP/1.1" 302 0
INFO 2026-02-12 11:42:54,517 log 54840 6185086976 "GET /api/oidc/provider-info/ HTTP/1.1" 200 8726
INFO 2026-02-12 11:42:54,538 log 54840 6218739712 "GET /static/rest_framework/css/bootstrap.min.css HTTP/1.1" 304 0
INFO 2026-02-12 11:42:54,539 log 54840 6201913344 "GET /static/rest_framework/css/prettify.css HTTP/1.1" 304 0
INFO 2026-02-12 11:42:54,553 log 54840 6185086976 "GET /static/rest_framework/css/bootstrap-tweaks.css HTTP/1.1" 304 0
INFO 2026-02-12 11:42:54,558 log 54840 6235566080 "GET /static/rest_framework/css/default.css HTTP/1.1" 304 0
INFO 2026-02-12 11:42:54,559 log 54840 6269218816 "GET /static/rest_framework/js/csrf.js HTTP/1.1" 304 0
INFO 2026-02-12 11:42:54,559 log 54840 6252392448 "GET /static/rest_framework/js/ajax-form.js HTTP/1.1" 304 0
INFO 2026-02-12 11:42:54,576 log 54840 6218739712 "GET /static/rest_framework/js/default.js HTTP/1.1" 304 0
INFO 2026-02-12 11:42:54,577 log 54840 6201913344 "GET /static/rest_framework/js/jquery-3.7.1.min.js HTTP/1.1" 304 0
INFO 2026-02-12 11:42:54,602 log 54840 6235566080 "GET /static/rest_framework/js/prettify-min.js HTTP/1.1" 304 0
INFO 2026-02-12 11:42:54,602 log 54840 6269218816 "GET /static/rest_framework/js/bootstrap.min.js HTTP/1.1" 304 0
INFO 2026-02-12 11:42:54,602 log 54840 6185086976 "GET /static/rest_framework/js/load-ajax-form.js HTTP/1.1" 304 0
INFO 2026-02-12 11:42:54,627 log 54840 6185086976 "GET /static/rest_framework/img/grid.png HTTP/1.1" 304 0
WARNING 2026-02-12 11:43:29,741 log 54840 6185086976 Not Found: /.well-known/openid-configuration
WARNING 2026-02-12 11:43:29,742 log 54840 6185086976 "GET /.well-known/openid-configuration HTTP/1.1" 404 4942
INFO 2026-02-12 11:43:38,564 log 54840 6185086976 "GET /.well-known/openid-configuration/ HTTP/1.1" 302 0
INFO 2026-02-12 11:43:38,609 log 54840 6185086976 "GET /api/oidc/provider-info/ HTTP/1.1" 200 8726
INFO 2026-02-12 11:44:41,279 log 54840 6185086976 "GET /.well-known/openid-configuration/ HTTP/1.1" 302 0
INFO 2026-02-12 11:44:41,314 log 54840 6185086976 "GET /api/oidc/provider-info/ HTTP/1.1" 200 8726
INFO 2026-02-12 11:46:08,814 autoreload 54840 8318492864 /Users/dhrubajyotiborah/Documents/Projects/hcs_sso_with_oidc/sso/urls.py changed, reloading.
ERROR 2026-02-12 11:46:11,391 apps 15438 8318492864 Failed to register custom backends: argument of type 'module' is not iterable
INFO 2026-02-12 11:46:11,391 apps 15438 8318492864 Enabled providers: Google, Facebook
INFO 2026-02-12 11:46:11,391 apps 15438 8318492864 ✅ Social authentication app initialized successfully
INFO 2026-02-12 11:46:11,400 autoreload 15438 8318492864 Watching for file changes with StatReloader
INFO 2026-02-12 11:46:18,894 log 15438 6165475328 "GET /.well-known/openid-configuration HTTP/1.1" 302 0
INFO 2026-02-12 11:46:18,982 log 15438 6165475328 "GET /api/oidc/provider-info/ HTTP/1.1" 200 8726
INFO 2026-02-12 11:46:25,348 log 15438 6199128064 "GET /.well-known/openid-configuration HTTP/1.1" 302 0
INFO 2026-02-12 11:46:25,475 log 15438 6199128064 "GET /api/oidc/provider-info/ HTTP/1.1" 200 1450
INFO 2026-02-12 11:47:18,090 basehttp 15438 6199128064 - Broken pipe from ('127.0.0.1', 59920)
INFO 2026-02-12 11:47:18,223 log 15438 6215954432 "GET /o/.well-known/openid-configuration HTTP/1.1" 200 762
INFO 2026-02-12 11:47:18,465 log 15438 6215954432 "GET /o/.well-known/jwks.json HTTP/1.1" 200 474
INFO 2026-02-12 11:47:27,640 log 15438 6215954432 "GET /o/.well-known/openid-configuration HTTP/1.1" 200 762
INFO 2026-02-12 11:48:00,700 log 15438 6215954432 "GET /o/.well-known/openid-configuration HTTP/1.1" 200 762
INFO 2026-02-12 11:48:10,060 log 15438 6215954432 "GET /o/.well-known/openid-configuration HTTP/1.1" 200 762
INFO 2026-02-12 11:48:12,659 log 15438 6165475328 "GET /o/authorize/?response_type=code&client_id=ANGULAR_CLIENT_ID&state=ei1vMHBVMExMWXVTMnJKM1BLRHA1blN6SUcxei5SNmFZZ35jZW8yc2VoNX5f&redirect_uri=http%3A%2F%2Flocalhost%3A4200%2Fcallback&scope=openid%20profile%20email&code_challenge=rxWXJrZhNYgXhZTLIwbMUv-zdfTBZ_O1seSOpYD9FcM&code_challenge_method=S256&nonce=ei1vMHBVMExMWXVTMnJKM1BLRHA1blN6SUcxei5SNmFZZ35jZW8yc2VoNX5f HTTP/1.1" 302 0
INFO 2026-02-12 11:48:12,754 log 15438 6165475328 "GET /accounts/login/?next=/o/authorize/%3Fresponse_type%3Dcode%26client_id%3DANGULAR_CLIENT_ID%26state%3Dei1vMHBVMExMWXVTMnJKM1BLRHA1blN6SUcxei5SNmFZZ35jZW8yc2VoNX5f%26redirect_uri%3Dhttp%253A%252F%252Flocalhost%253A4200%252Fcallback%26scope%3Dopenid%2520profile%2520email%26code_challenge%3DrxWXJrZhNYgXhZTLIwbMUv-zdfTBZ_O1seSOpYD9FcM%26code_challenge_method%3DS256%26nonce%3Dei1vMHBVMExMWXVTMnJKM1BLRHA1blN6SUcxei5SNmFZZ35jZW8yc2VoNX5f HTTP/1.1" 200 11669
WARNING 2026-02-12 11:48:12,966 log 15438 6165475328 Not Found: /.well-known/appspecific/com.chrome.devtools.json
WARNING 2026-02-12 11:48:12,967 log 15438 6165475328 "GET /.well-known/appspecific/com.chrome.devtools.json HTTP/1.1" 404 5005
INFO 2026-02-12 11:48:30,439 log 15438 6165475328 "POST /accounts/login/?next=/o/authorize/%3Fresponse_type%3Dcode%26client_id%3DANGULAR_CLIENT_ID%26state%3Dei1vMHBVMExMWXVTMnJKM1BLRHA1blN6SUcxei5SNmFZZ35jZW8yc2VoNX5f%26redirect_uri%3Dhttp%253A%252F%252Flocalhost%253A4200%252Fcallback%26scope%3Dopenid%2520profile%2520email%26code_challenge%3DrxWXJrZhNYgXhZTLIwbMUv-zdfTBZ_O1seSOpYD9FcM%26code_challenge_method%3DS256%26nonce%3Dei1vMHBVMExMWXVTMnJKM1BLRHA1blN6SUcxei5SNmFZZ35jZW8yc2VoNX5f HTTP/1.1" 302 0
WARNING 2026-02-12 11:48:30,540 log 15438 6165475328 Bad Request: /o/authorize/
WARNING 2026-02-12 11:48:30,541 log 15438 6165475328 "GET /o/authorize/?response_type=code&client_id=ANGULAR_CLIENT_ID&state=ei1vMHBVMExMWXVTMnJKM1BLRHA1blN6SUcxei5SNmFZZ35jZW8yc2VoNX5f&redirect_uri=http%3A%2F%2Flocalhost%3A4200%2Fcallback&scope=openid%20profile%20email&code_challenge=rxWXJrZhNYgXhZTLIwbMUv-zdfTBZ_O1seSOpYD9FcM&code_challenge_method=S256&nonce=ei1vMHBVMExMWXVTMnJKM1BLRHA1blN6SUcxei5SNmFZZ35jZW8yc2VoNX5f HTTP/1.1" 400 1337
WARNING 2026-02-12 11:48:30,723 log 15438 6165475328 Not Found: /.well-known/appspecific/com.chrome.devtools.json
WARNING 2026-02-12 11:48:30,723 log 15438 6165475328 "GET /.well-known/appspecific/com.chrome.devtools.json HTTP/1.1" 404 5005
INFO 2026-02-12 11:49:22,252 log 15438 6165475328 "GET /admin/oauth2_provider/application/ HTTP/1.1" 200 17731
INFO 2026-02-12 11:49:22,284 log 15438 6165475328 "GET /static/admin/css/base.css HTTP/1.1" 304 0
INFO 2026-02-12 11:49:22,292 log 15438 6199128064 "GET /static/admin/css/nav_sidebar.css HTTP/1.1" 304 0
INFO 2026-02-12 11:49:22,293 log 15438 6165475328 "GET /static/admin/css/dark_mode.css HTTP/1.1" 304 0
INFO 2026-02-12 11:49:22,293 log 15438 6232780800 "GET /static/admin/css/changelists.css HTTP/1.1" 304 0
INFO 2026-02-12 11:49:22,295 log 15438 6199128064 "GET /static/admin/js/jquery.init.js HTTP/1.1" 304 0
INFO 2026-02-12 11:49:22,296 log 15438 6249607168 "GET /static/admin/js/theme.js HTTP/1.1" 304 0
INFO 2026-02-12 11:49:22,329 log 15438 6165475328 "GET /static/admin/js/vendor/jquery/jquery.js HTTP/1.1" 304 0
INFO 2026-02-12 11:49:22,306 log 15438 6232780800 "GET /static/admin/js/admin/RelatedObjectLookups.js HTTP/1.1" 304 0
INFO 2026-02-12 11:49:22,329 log 15438 6199128064 "GET /static/admin/js/core.js HTTP/1.1" 304 0
INFO 2026-02-12 11:49:22,339 log 15438 6266433536 "GET /static/admin/js/actions.js HTTP/1.1" 304 0
INFO 2026-02-12 11:49:22,340 log 15438 6165475328 "GET /static/admin/js/prepopulate.js HTTP/1.1" 304 0
INFO 2026-02-12 11:49:22,340 log 15438 6249607168 "GET /static/admin/js/urlify.js HTTP/1.1" 304 0
INFO 2026-02-12 11:49:22,342 log 15438 6232780800 "GET /static/admin/css/responsive.css HTTP/1.1" 304 0
INFO 2026-02-12 11:49:22,342 log 15438 6199128064 "GET /static/admin/js/vendor/xregexp/xregexp.js HTTP/1.1" 304 0
INFO 2026-02-12 11:49:22,344 log 15438 6199128064 "GET /static/admin/img/search.svg HTTP/1.1" 304 0
INFO 2026-02-12 11:49:22,347 log 15438 6199128064 "GET /static/admin/js/nav_sidebar.js HTTP/1.1" 304 0
INFO 2026-02-12 11:49:22,349 log 15438 6199128064 "GET /static/admin/js/filters.js HTTP/1.1" 304 0
INFO 2026-02-12 11:49:22,423 log 15438 6182301696 "GET /admin/jsi18n/ HTTP/1.1" 200 3342
INFO 2026-02-12 11:49:22,442 log 15438 6182301696 "GET /static/admin/img/icon-viewlink.svg HTTP/1.1" 304 0
INFO 2026-02-12 11:49:22,442 log 15438 6199128064 "GET /static/admin/img/tooltag-add.svg HTTP/1.1" 304 0
INFO 2026-02-12 11:49:22,442 log 15438 6232780800 "GET /static/admin/img/icon-addlink.svg HTTP/1.1" 304 0
INFO 2026-02-12 11:49:24,901 log 15438 6232780800 "GET /admin/oauth2_provider/application/1/change/ HTTP/1.1" 200 25123
INFO 2026-02-12 11:49:24,938 log 15438 6182301696 "GET /static/admin/css/forms.css HTTP/1.1" 304 0
INFO 2026-02-12 11:49:24,939 log 15438 6199128064 "GET /static/admin/js/prepopulate_init.js HTTP/1.1" 304 0
INFO 2026-02-12 11:49:24,947 log 15438 6199128064 "GET /static/admin/css/widgets.css HTTP/1.1" 304 0
INFO 2026-02-12 11:49:24,985 log 15438 6199128064 "GET /static/admin/js/change_form.js HTTP/1.1" 304 0
INFO 2026-02-12 11:49:25,010 log 15438 6232780800 "GET /admin/jsi18n/ HTTP/1.1" 200 3342
INFO 2026-02-12 11:49:25,022 log 15438 6232780800 "GET /static/admin/img/tooltag-arrowright.svg HTTP/1.1" 304 0
INFO 2026-02-12 11:50:34,639 log 15438 6215954432 "GET /o/.well-known/openid-configuration HTTP/1.1" 200 762
INFO 2026-02-12 11:51:17,920 log 15438 6215954432 "GET /o/.well-known/openid-configuration HTTP/1.1" 200 762
INFO 2026-02-12 11:51:53,876 log 15438 6232780800 "POST /admin/oauth2_provider/application/1/change/ HTTP/1.1" 302 0
INFO 2026-02-12 11:51:53,963 log 15438 6232780800 "GET /admin/oauth2_provider/application/ HTTP/1.1" 200 17984
INFO 2026-02-12 11:51:54,122 log 15438 6232780800 "GET /admin/jsi18n/ HTTP/1.1" 200 3342
INFO 2026-02-12 11:51:54,144 log 15438 6232780800 "GET /static/admin/img/icon-yes.svg HTTP/1.1" 304 0
INFO 2026-02-12 11:52:16,042 log 15438 6232780800 "GET /o/authorize/?response_type=code&client_id=5kWtcsPK1TeThWvN7gktrTfOsoiVdaY9OMqXEIV0&state=NU1tVzA0Mi5naFVpbWMyM2JuMW9PVk5sQmtjd0pjeksyaUxtQjUzcX5SUzhl&redirect_uri=http%3A%2F%2Flocalhost%3A4200&scope=openid%20profile%20email&code_challenge=KdEnBQKZ-JDyMOAOO4u5o7W465lGxn-qN_swmHOFjRI&code_challenge_method=S256&nonce=NU1tVzA0Mi5naFVpbWMyM2JuMW9PVk5sQmtjd0pjeksyaUxtQjUzcX5SUzhl HTTP/1.1" 200 3899
WARNING 2026-02-12 11:52:16,332 log 15438 6232780800 Not Found: /.well-known/appspecific/com.chrome.devtools.json
WARNING 2026-02-12 11:52:16,335 log 15438 6232780800 "GET /.well-known/appspecific/com.chrome.devtools.json HTTP/1.1" 404 5005
INFO 2026-02-12 11:52:19,285 log 15438 6232780800 "POST /o/authorize/?response_type=code&client_id=5kWtcsPK1TeThWvN7gktrTfOsoiVdaY9OMqXEIV0&state=NU1tVzA0Mi5naFVpbWMyM2JuMW9PVk5sQmtjd0pjeksyaUxtQjUzcX5SUzhl&redirect_uri=http%3A%2F%2Flocalhost%3A4200&scope=openid%20profile%20email&code_challenge=KdEnBQKZ-JDyMOAOO4u5o7W465lGxn-qN_swmHOFjRI&code_challenge_method=S256&nonce=NU1tVzA0Mi5naFVpbWMyM2JuMW9PVk5sQmtjd0pjeksyaUxtQjUzcX5SUzhl HTTP/1.1" 302 0
INFO 2026-02-12 11:52:19,615 log 15438 6215954432 "GET /o/.well-known/openid-configuration HTTP/1.1" 200 762
INFO 2026-02-12 11:52:19,981 validators 15438 6215954432 Token issued for user 1 via local
INFO 2026-02-12 11:52:20,004 signals 15438 6215954432 Access token created for user 1 via client 5kWtcsPK1TeThWvN7gktrTfOsoiVdaY9OMqXEIV0
INFO 2026-02-12 11:52:20,085 log 15438 6215954432 "POST /o/token/ HTTP/1.1" 200 1312
INFO 2026-02-12 11:54:09,547 log 15438 6283259904 "GET /o/.well-known/openid-configuration HTTP/1.1" 200 762
INFO 2026-02-12 11:54:09,787 log 15438 6283259904 "GET /o/.well-known/jwks.json HTTP/1.1" 200 474
INFO 2026-02-12 11:54:13,681 log 15438 6300086272 "GET /o/authorize/?response_type=code&client_id=5kWtcsPK1TeThWvN7gktrTfOsoiVdaY9OMqXEIV0&state=R0t0MEd6WVBFS0toeHdWbFNCR0llLXYuUTEzTGJadFFzUmpPNGREMEtVTkZu&redirect_uri=http%3A%2F%2Flocalhost%3A4200&scope=openid%20profile%20email&code_challenge=dFomNuabpsbskW52dOy9iqPnFMq0kCRcPXcZ9wwMMfI&code_challenge_method=S256&nonce=R0t0MEd6WVBFS0toeHdWbFNCR0llLXYuUTEzTGJadFFzUmpPNGREMEtVTkZu HTTP/1.1" 302 0
INFO 2026-02-12 11:54:13,756 log 15438 6300086272 "GET /accounts/login/?next=/o/authorize/%3Fresponse_type%3Dcode%26client_id%3D5kWtcsPK1TeThWvN7gktrTfOsoiVdaY9OMqXEIV0%26state%3DR0t0MEd6WVBFS0toeHdWbFNCR0llLXYuUTEzTGJadFFzUmpPNGREMEtVTkZu%26redirect_uri%3Dhttp%253A%252F%252Flocalhost%253A4200%26scope%3Dopenid%2520profile%2520email%26code_challenge%3DdFomNuabpsbskW52dOy9iqPnFMq0kCRcPXcZ9wwMMfI%26code_challenge_method%3DS256%26nonce%3DR0t0MEd6WVBFS0toeHdWbFNCR0llLXYuUTEzTGJadFFzUmpPNGREMEtVTkZu HTTP/1.1" 200 11741
WARNING 2026-02-12 11:54:16,252 log 15438 6300086272 Not Found: /favicon.ico
WARNING 2026-02-12 11:54:16,253 log 15438 6300086272 "GET /favicon.ico HTTP/1.1" 404 4857
INFO 2026-02-12 11:54:31,581 log 15438 6300086272 "POST /accounts/login/?next=/o/authorize/%3Fresponse_type%3Dcode%26client_id%3D5kWtcsPK1TeThWvN7gktrTfOsoiVdaY9OMqXEIV0%26state%3DR0t0MEd6WVBFS0toeHdWbFNCR0llLXYuUTEzTGJadFFzUmpPNGREMEtVTkZu%26redirect_uri%3Dhttp%253A%252F%252Flocalhost%253A4200%26scope%3Dopenid%2520profile%2520email%26code_challenge%3DdFomNuabpsbskW52dOy9iqPnFMq0kCRcPXcZ9wwMMfI%26code_challenge_method%3DS256%26nonce%3DR0t0MEd6WVBFS0toeHdWbFNCR0llLXYuUTEzTGJadFFzUmpPNGREMEtVTkZu HTTP/1.1" 302 0
INFO 2026-02-12 11:54:31,633 log 15438 6300086272 "GET /o/authorize/?response_type=code&client_id=5kWtcsPK1TeThWvN7gktrTfOsoiVdaY9OMqXEIV0&state=R0t0MEd6WVBFS0toeHdWbFNCR0llLXYuUTEzTGJadFFzUmpPNGREMEtVTkZu&redirect_uri=http%3A%2F%2Flocalhost%3A4200&scope=openid%20profile%20email&code_challenge=dFomNuabpsbskW52dOy9iqPnFMq0kCRcPXcZ9wwMMfI&code_challenge_method=S256&nonce=R0t0MEd6WVBFS0toeHdWbFNCR0llLXYuUTEzTGJadFFzUmpPNGREMEtVTkZu HTTP/1.1" 200 3899
INFO 2026-02-12 11:54:34,546 log 15438 6300086272 "POST /o/authorize/?response_type=code&client_id=5kWtcsPK1TeThWvN7gktrTfOsoiVdaY9OMqXEIV0&state=R0t0MEd6WVBFS0toeHdWbFNCR0llLXYuUTEzTGJadFFzUmpPNGREMEtVTkZu&redirect_uri=http%3A%2F%2Flocalhost%3A4200&scope=openid%20profile%20email&code_challenge=dFomNuabpsbskW52dOy9iqPnFMq0kCRcPXcZ9wwMMfI&code_challenge_method=S256&nonce=R0t0MEd6WVBFS0toeHdWbFNCR0llLXYuUTEzTGJadFFzUmpPNGREMEtVTkZu HTTP/1.1" 302 0
INFO 2026-02-12 11:54:34,655 log 15438 6283259904 "GET /o/.well-known/openid-configuration HTTP/1.1" 200 762
INFO 2026-02-12 11:54:34,728 validators 15438 6283259904 Token issued for user 1 via local
INFO 2026-02-12 11:54:34,735 signals 15438 6283259904 Access token created for user 1 via client 5kWtcsPK1TeThWvN7gktrTfOsoiVdaY9OMqXEIV0
INFO 2026-02-12 11:54:34,781 log 15438 6283259904 "POST /o/token/ HTTP/1.1" 200 1312
INFO 2026-02-12 11:56:27,505 log 15438 6232780800 "GET /o/authorize/?response_type=code&client_id=5kWtcsPK1TeThWvN7gktrTfOsoiVdaY9OMqXEIV0&state=V2ZtYzRGVkFld2JjeUxqNmcwdkIzUUo0NFVSN1dsaHhVcXB1LWdQQlVyUE1w&redirect_uri=http%3A%2F%2Flocalhost%3A4200&scope=openid%20profile%20email&code_challenge=aQOphLIfjyxj-lEfEj5dzzQMWylM-sPnZMDkVYov5Es&code_challenge_method=S256&nonce=V2ZtYzRGVkFld2JjeUxqNmcwdkIzUUo0NFVSN1dsaHhVcXB1LWdQQlVyUE1w HTTP/1.1" 200 3899
WARNING 2026-02-12 11:56:27,718 log 15438 6232780800 Not Found: /.well-known/appspecific/com.chrome.devtools.json
WARNING 2026-02-12 11:56:27,719 log 15438 6232780800 "GET /.well-known/appspecific/com.chrome.devtools.json HTTP/1.1" 404 5005
INFO 2026-02-12 11:56:33,563 log 15438 6232780800 "POST /o/authorize/?response_type=code&client_id=5kWtcsPK1TeThWvN7gktrTfOsoiVdaY9OMqXEIV0&state=V2ZtYzRGVkFld2JjeUxqNmcwdkIzUUo0NFVSN1dsaHhVcXB1LWdQQlVyUE1w&redirect_uri=http%3A%2F%2Flocalhost%3A4200&scope=openid%20profile%20email&code_challenge=aQOphLIfjyxj-lEfEj5dzzQMWylM-sPnZMDkVYov5Es&code_challenge_method=S256&nonce=V2ZtYzRGVkFld2JjeUxqNmcwdkIzUUo0NFVSN1dsaHhVcXB1LWdQQlVyUE1w HTTP/1.1" 302 0
INFO 2026-02-12 11:56:33,810 log 15438 6215954432 "GET /o/.well-known/openid-configuration HTTP/1.1" 200 762
INFO 2026-02-12 11:56:34,093 validators 15438 6215954432 Token issued for user 1 via local
INFO 2026-02-12 11:56:34,103 signals 15438 6215954432 Access token created for user 1 via client 5kWtcsPK1TeThWvN7gktrTfOsoiVdaY9OMqXEIV0
INFO 2026-02-12 11:56:34,177 log 15438 6215954432 "POST /o/token/ HTTP/1.1" 200 1312
INFO 2026-02-12 11:57:12,437 log 15438 6215954432 "GET /o/.well-known/openid-configuration HTTP/1.1" 200 762
INFO 2026-02-12 11:57:13,570 log 15438 6182301696 "GET /o/.well-known/openid-configuration HTTP/1.1" 200 762
INFO 2026-02-12 11:57:16,434 log 15438 6215954432 "GET /o/.well-known/openid-configuration HTTP/1.1" 200 762
INFO 2026-02-12 11:57:18,241 log 15438 6182301696 "GET /o/.well-known/openid-configuration HTTP/1.1" 200 762
INFO 2026-02-12 11:57:23,613 log 15438 6232780800 "GET /o/authorize/?response_type=code&client_id=5kWtcsPK1TeThWvN7gktrTfOsoiVdaY9OMqXEIV0&state=X2dacks0WTZZSllLR2UtTkZLQVlWV35mSUpWNU1uSkNXNFNYTG1zQjlTbDhv&redirect_uri=http%3A%2F%2Flocalhost%3A4200&scope=openid%20profile%20email&code_challenge=x-M4yc9VTKnLbZKKObJETJkxPInCqf1SdfCi5-WN5DY&code_challenge_method=S256&nonce=X2dacks0WTZZSllLR2UtTkZLQVlWV35mSUpWNU1uSkNXNFNYTG1zQjlTbDhv HTTP/1.1" 200 3899
WARNING 2026-02-12 11:57:23,823 log 15438 6232780800 Not Found: /.well-known/appspecific/com.chrome.devtools.json
WARNING 2026-02-12 11:57:23,824 log 15438 6232780800 "GET /.well-known/appspecific/com.chrome.devtools.json HTTP/1.1" 404 5005
INFO 2026-02-12 11:57:26,417 log 15438 6232780800 "POST /o/authorize/?response_type=code&client_id=5kWtcsPK1TeThWvN7gktrTfOsoiVdaY9OMqXEIV0&state=X2dacks0WTZZSllLR2UtTkZLQVlWV35mSUpWNU1uSkNXNFNYTG1zQjlTbDhv&redirect_uri=http%3A%2F%2Flocalhost%3A4200&scope=openid%20profile%20email&code_challenge=x-M4yc9VTKnLbZKKObJETJkxPInCqf1SdfCi5-WN5DY&code_challenge_method=S256&nonce=X2dacks0WTZZSllLR2UtTkZLQVlWV35mSUpWNU1uSkNXNFNYTG1zQjlTbDhv HTTP/1.1" 302 0
INFO 2026-02-12 11:57:26,718 log 15438 6215954432 "GET /o/.well-known/openid-configuration HTTP/1.1" 200 762
INFO 2026-02-12 11:57:26,831 validators 15438 6215954432 Token issued for user 1 via local
INFO 2026-02-12 11:57:26,836 signals 15438 6215954432 Access token created for user 1 via client 5kWtcsPK1TeThWvN7gktrTfOsoiVdaY9OMqXEIV0
INFO 2026-02-12 11:57:26,870 log 15438 6215954432 "POST /o/token/ HTTP/1.1" 200 1312
INFO 2026-02-12 11:57:29,091 log 15438 6232780800 "GET /o/authorize/?response_type=code&client_id=5kWtcsPK1TeThWvN7gktrTfOsoiVdaY9OMqXEIV0&state=alk3RVBnZTB4WmZ1bTloWlA1d1pVQlFkfm1XblBhRmxvb0h1Y0hwMDgyQWx3&redirect_uri=http%3A%2F%2Flocalhost%3A4200&scope=openid%20profile%20email&code_challenge=0PwS3bePAFmw7F4DBL2PJCi70S-ZCHY8_prUPLRm6Wk&code_challenge_method=S256&nonce=alk3RVBnZTB4WmZ1bTloWlA1d1pVQlFkfm1XblBhRmxvb0h1Y0hwMDgyQWx3 HTTP/1.1" 200 3899
WARNING 2026-02-12 11:57:29,252 log 15438 6232780800 Not Found: /.well-known/appspecific/com.chrome.devtools.json
WARNING 2026-02-12 11:57:29,252 log 15438 6232780800 "GET /.well-known/appspecific/com.chrome.devtools.json HTTP/1.1" 404 5005
INFO 2026-02-12 11:58:09,726 log 15438 6165475328 "POST /o/authorize/?response_type=code&client_id=5kWtcsPK1TeThWvN7gktrTfOsoiVdaY9OMqXEIV0&state=alk3RVBnZTB4WmZ1bTloWlA1d1pVQlFkfm1XblBhRmxvb0h1Y0hwMDgyQWx3&redirect_uri=http%3A%2F%2Flocalhost%3A4200&scope=openid%20profile%20email&code_challenge=0PwS3bePAFmw7F4DBL2PJCi70S-ZCHY8_prUPLRm6Wk&code_challenge_method=S256&nonce=alk3RVBnZTB4WmZ1bTloWlA1d1pVQlFkfm1XblBhRmxvb0h1Y0hwMDgyQWx3 HTTP/1.1" 302 0
INFO 2026-02-12 11:58:10,104 log 15438 6215954432 "GET /o/.well-known/openid-configuration HTTP/1.1" 200 762
INFO 2026-02-12 11:58:10,447 validators 15438 6215954432 Token issued for user 1 via local
INFO 2026-02-12 11:58:10,457 signals 15438 6215954432 Access token created for user 1 via client 5kWtcsPK1TeThWvN7gktrTfOsoiVdaY9OMqXEIV0
INFO 2026-02-12 11:58:10,505 log 15438 6215954432 "POST /o/token/ HTTP/1.1" 200 1312
INFO 2026-02-12 11:58:13,183 log 15438 6165475328 "GET /o/authorize/?response_type=code&client_id=5kWtcsPK1TeThWvN7gktrTfOsoiVdaY9OMqXEIV0&state=eVI2elF5SVJaR0ZFaGk2YnNQREtHLng1bEloSXlNUnFhQVJYRHZ5YWt4R01V&redirect_uri=http%3A%2F%2Flocalhost%3A4200&scope=openid%20profile%20email&code_challenge=_pj8jVby1OtxcejBxxRniCtKTPTFL7kb5BzcjFnewvE&code_challenge_method=S256&nonce=eVI2elF5SVJaR0ZFaGk2YnNQREtHLng1bEloSXlNUnFhQVJYRHZ5YWt4R01V HTTP/1.1" 200 3899
WARNING 2026-02-12 11:58:13,393 log 15438 6165475328 Not Found: /.well-known/appspecific/com.chrome.devtools.json
WARNING 2026-02-12 11:58:13,394 log 15438 6165475328 "GET /.well-known/appspecific/com.chrome.devtools.json HTTP/1.1" 404 5005
INFO 2026-02-12 11:58:46,645 log 15438 6165475328 "POST /o/authorize/?response_type=code&client_id=5kWtcsPK1TeThWvN7gktrTfOsoiVdaY9OMqXEIV0&state=eVI2elF5SVJaR0ZFaGk2YnNQREtHLng1bEloSXlNUnFhQVJYRHZ5YWt4R01V&redirect_uri=http%3A%2F%2Flocalhost%3A4200&scope=openid%20profile%20email&code_challenge=_pj8jVby1OtxcejBxxRniCtKTPTFL7kb5BzcjFnewvE&code_challenge_method=S256&nonce=eVI2elF5SVJaR0ZFaGk2YnNQREtHLng1bEloSXlNUnFhQVJYRHZ5YWt4R01V HTTP/1.1" 302 0
INFO 2026-02-12 11:58:47,126 log 15438 6215954432 "GET /o/.well-known/openid-configuration HTTP/1.1" 200 762
INFO 2026-02-12 11:58:47,429 validators 15438 6215954432 Token issued for user 1 via local
INFO 2026-02-12 11:58:47,479 signals 15438 6215954432 Access token created for user 1 via client 5kWtcsPK1TeThWvN7gktrTfOsoiVdaY9OMqXEIV0
INFO 2026-02-12 11:58:47,520 log 15438 6215954432 "POST /o/token/ HTTP/1.1" 200 1312
INFO 2026-02-12 11:58:52,697 log 15438 6165475328 "GET /o/authorize/?response_type=code&client_id=5kWtcsPK1TeThWvN7gktrTfOsoiVdaY9OMqXEIV0&state=ZV9EY1BxVHMzQVNFTHl0NnY4djdUVGx2dC56eXlLQTd-R35iUHQuSkdBOHNs&redirect_uri=http%3A%2F%2Flocalhost%3A4200&scope=openid%20profile%20email&code_challenge=RsaQi4qPFaofUQXmt13NS9otKG6qGdXTXQtb8EVIXYU&code_challenge_method=S256&nonce=ZV9EY1BxVHMzQVNFTHl0NnY4djdUVGx2dC56eXlLQTd-R35iUHQuSkdBOHNs HTTP/1.1" 200 3899
WARNING 2026-02-12 11:58:52,878 log 15438 6165475328 Not Found: /.well-known/appspecific/com.chrome.devtools.json
WARNING 2026-02-12 11:58:52,878 log 15438 6165475328 "GET /.well-known/appspecific/com.chrome.devtools.json HTTP/1.1" 404 5005
INFO 2026-02-12 11:59:53,463 log 15438 6165475328 "POST /o/authorize/?response_type=code&client_id=5kWtcsPK1TeThWvN7gktrTfOsoiVdaY9OMqXEIV0&state=ZV9EY1BxVHMzQVNFTHl0NnY4djdUVGx2dC56eXlLQTd-R35iUHQuSkdBOHNs&redirect_uri=http%3A%2F%2Flocalhost%3A4200&scope=openid%20profile%20email&code_challenge=RsaQi4qPFaofUQXmt13NS9otKG6qGdXTXQtb8EVIXYU&code_challenge_method=S256&nonce=ZV9EY1BxVHMzQVNFTHl0NnY4djdUVGx2dC56eXlLQTd-R35iUHQuSkdBOHNs HTTP/1.1" 302 0
INFO 2026-02-12 11:59:53,907 log 15438 6215954432 "GET /o/.well-known/openid-configuration HTTP/1.1" 200 762
INFO 2026-02-12 11:59:54,133 validators 15438 6215954432 Token issued for user 1 via local
INFO 2026-02-12 11:59:54,153 signals 15438 6215954432 Access token created for user 1 via client 5kWtcsPK1TeThWvN7gktrTfOsoiVdaY9OMqXEIV0
INFO 2026-02-12 11:59:54,200 log 15438 6215954432 "POST /o/token/ HTTP/1.1" 200 1312
INFO 2026-02-12 12:00:13,526 log 15438 6215954432 "GET /o/.well-known/openid-configuration HTTP/1.1" 200 762
INFO 2026-02-12 12:00:14,455 log 15438 6199128064 "GET /o/.well-known/openid-configuration HTTP/1.1" 200 762
INFO 2026-02-12 12:00:26,227 log 15438 6215954432 "GET /o/.well-known/openid-configuration HTTP/1.1" 200 762
INFO 2026-02-12 12:10:07,043 log 15438 6165475328 "GET /o/.well-known/openid-configuration HTTP/1.1" 200 762
INFO 2026-02-12 12:10:08,595 log 15438 6182301696 "GET /o/.well-known/openid-configuration HTTP/1.1" 200 762
INFO 2026-02-12 12:10:42,336 log 15438 6165475328 "GET /o/.well-known/openid-configuration HTTP/1.1" 200 762
INFO 2026-02-13 04:51:16,577 log 15438 6165475328 "GET /o/.well-known/openid-configuration HTTP/1.1" 200 762
INFO 2026-02-13 04:51:16,640 log 15438 6165475328 "GET /o/.well-known/jwks.json HTTP/1.1" 200 474
INFO 2026-02-13 04:51:59,608 log 15438 6165475328 "GET /o/.well-known/openid-configuration HTTP/1.1" 200 762
ERROR 2026-02-13 04:52:50,927 apps 68116 8318492864 Failed to register custom backends: argument of type 'module' is not iterable
INFO 2026-02-13 04:52:50,927 apps 68116 8318492864 Enabled providers: Google, Facebook
INFO 2026-02-13 04:52:50,928 apps 68116 8318492864 ✅ Social authentication app initialized successfully
ERROR 2026-02-13 04:52:51,346 apps 68120 8318492864 Failed to register custom backends: argument of type 'module' is not iterable
INFO 2026-02-13 04:52:51,346 apps 68120 8318492864 Enabled providers: Google, Facebook
INFO 2026-02-13 04:52:51,346 apps 68120 8318492864 ✅ Social authentication app initialized successfully
INFO 2026-02-13 04:52:51,355 autoreload 68120 8318492864 Watching for file changes with StatReloader
INFO 2026-02-13 04:52:56,910 log 68120 6205452288 "GET /o/.well-known/openid-configuration HTTP/1.1" 200 762
INFO 2026-02-13 04:54:32,381 log 68120 6205452288 "GET /o/.well-known/openid-configuration HTTP/1.1" 200 762
INFO 2026-02-13 04:55:15,989 log 68120 6205452288 "GET /o/.well-known/openid-configuration HTTP/1.1" 200 762
INFO 2026-02-13 04:55:59,228 log 68120 6205452288 "GET /o/.well-known/openid-configuration HTTP/1.1" 200 762
INFO 2026-02-13 04:57:09,756 log 68120 6205452288 "GET /o/.well-known/openid-configuration HTTP/1.1" 200 762
INFO 2026-02-13 04:58:22,684 log 68120 6205452288 "GET /o/.well-known/openid-configuration HTTP/1.1" 200 762
INFO 2026-02-13 04:58:36,012 log 68120 6222278656 "GET /o/authorize/?response_type=code&client_id=5kWtcsPK1TeThWvN7gktrTfOsoiVdaY9OMqXEIV0&state=U0VJeXRnUmFMc1Z3WXMzUTRrOUZCNGhQZ0VOeklJWWNnbEt6bTFIVWpQZGJm&redirect_uri=http%3A%2F%2Flocalhost%3A4200&scope=openid%20profile%20email&code_challenge=N56pa8HnF-BEj7qLr6WFgKI4qHx_RKZGJHkSPvssdTk&code_challenge_method=S256&nonce=U0VJeXRnUmFMc1Z3WXMzUTRrOUZCNGhQZ0VOeklJWWNnbEt6bTFIVWpQZGJm HTTP/1.1" 200 3899
WARNING 2026-02-13 04:58:36,196 log 68120 6222278656 Not Found: /.well-known/appspecific/com.chrome.devtools.json
WARNING 2026-02-13 04:58:36,198 log 68120 6222278656 "GET /.well-known/appspecific/com.chrome.devtools.json HTTP/1.1" 404 5005
INFO 2026-02-13 04:58:38,289 log 68120 6222278656 "POST /o/authorize/?response_type=code&client_id=5kWtcsPK1TeThWvN7gktrTfOsoiVdaY9OMqXEIV0&state=U0VJeXRnUmFMc1Z3WXMzUTRrOUZCNGhQZ0VOeklJWWNnbEt6bTFIVWpQZGJm&redirect_uri=http%3A%2F%2Flocalhost%3A4200&scope=openid%20profile%20email&code_challenge=N56pa8HnF-BEj7qLr6WFgKI4qHx_RKZGJHkSPvssdTk&code_challenge_method=S256&nonce=U0VJeXRnUmFMc1Z3WXMzUTRrOUZCNGhQZ0VOeklJWWNnbEt6bTFIVWpQZGJm HTTP/1.1" 302 0
INFO 2026-02-13 04:58:38,584 log 68120 6205452288 "GET /o/.well-known/openid-configuration HTTP/1.1" 200 762
INFO 2026-02-13 04:58:38,914 validators 68120 6205452288 Token issued for user 1 via local
INFO 2026-02-13 04:58:38,948 signals 68120 6205452288 Access token created for user 1 via client 5kWtcsPK1TeThWvN7gktrTfOsoiVdaY9OMqXEIV0
INFO 2026-02-13 04:58:39,019 log 68120 6205452288 "POST /o/token/ HTTP/1.1" 200 1312
INFO 2026-02-13 04:59:21,517 log 68120 6222278656 "GET /o/authorize/?response_type=code&client_id=5kWtcsPK1TeThWvN7gktrTfOsoiVdaY9OMqXEIV0&state=UTRkb3JGUHFocmRfcFZRMFlscHJtUG1HX1JtVEpRVVIuTHhqc0V5c1RVYk1V&redirect_uri=http%3A%2F%2Flocalhost%3A4200&scope=openid%20profile%20email&code_challenge=-8MCwIOkr471hSY6R9FA-cmAjgEdkNzClHJfSUrYtQ0&code_challenge_method=S256&nonce=UTRkb3JGUHFocmRfcFZRMFlscHJtUG1HX1JtVEpRVVIuTHhqc0V5c1RVYk1V HTTP/1.1" 200 3899
WARNING 2026-02-13 04:59:21,701 log 68120 6222278656 Not Found: /.well-known/appspecific/com.chrome.devtools.json
WARNING 2026-02-13 04:59:21,702 log 68120 6222278656 "GET /.well-known/appspecific/com.chrome.devtools.json HTTP/1.1" 404 5005
INFO 2026-02-13 04:59:23,709 log 68120 6222278656 "POST /o/authorize/?response_type=code&client_id=5kWtcsPK1TeThWvN7gktrTfOsoiVdaY9OMqXEIV0&state=UTRkb3JGUHFocmRfcFZRMFlscHJtUG1HX1JtVEpRVVIuTHhqc0V5c1RVYk1V&redirect_uri=http%3A%2F%2Flocalhost%3A4200&scope=openid%20profile%20email&code_challenge=-8MCwIOkr471hSY6R9FA-cmAjgEdkNzClHJfSUrYtQ0&code_challenge_method=S256&nonce=UTRkb3JGUHFocmRfcFZRMFlscHJtUG1HX1JtVEpRVVIuTHhqc0V5c1RVYk1V HTTP/1.1" 302 0
INFO 2026-02-13 04:59:24,102 log 68120 6205452288 "GET /o/.well-known/openid-configuration HTTP/1.1" 200 762
INFO 2026-02-13 04:59:24,229 validators 68120 6205452288 Token issued for user 1 via local
INFO 2026-02-13 04:59:24,241 signals 68120 6205452288 Access token created for user 1 via client 5kWtcsPK1TeThWvN7gktrTfOsoiVdaY9OMqXEIV0
INFO 2026-02-13 04:59:24,304 log 68120 6205452288 "POST /o/token/ HTTP/1.1" 200 1312
INFO 2026-02-13 04:59:53,673 log 68120 6255931392 "GET /o/.well-known/openid-configuration HTTP/1.1" 200 762
INFO 2026-02-13 04:59:53,735 log 68120 6255931392 "GET /o/.well-known/jwks.json HTTP/1.1" 200 474
INFO 2026-02-13 05:00:51,023 log 68120 6255931392 "GET /o/.well-known/openid-configuration HTTP/1.1" 200 762
INFO 2026-02-13 05:00:51,059 log 68120 6255931392 "GET /o/.well-known/jwks.json HTTP/1.1" 200 474
INFO 2026-02-13 05:00:53,087 log 68120 6239105024 "GET /o/authorize/?response_type=code&client_id=5kWtcsPK1TeThWvN7gktrTfOsoiVdaY9OMqXEIV0&state=cUlsc0d-LktYei55TnRINHpzU3pmMi1lU3dydlFJMlZBLlpHNG4yU1ZvUnNf&redirect_uri=http%3A%2F%2Flocalhost%3A4200&scope=openid%20profile%20email&code_challenge=1XlqrOT8ATbCLXloKw7HpXoWGAaRMx6ivhZLP84k-l8&code_challenge_method=S256&nonce=cUlsc0d-LktYei55TnRINHpzU3pmMi1lU3dydlFJMlZBLlpHNG4yU1ZvUnNf HTTP/1.1" 200 3899
WARNING 2026-02-13 05:00:53,341 log 68120 6239105024 Not Found: /favicon.ico
WARNING 2026-02-13 05:00:53,341 log 68120 6239105024 "GET /favicon.ico HTTP/1.1" 404 4857
INFO 2026-02-13 05:01:09,328 log 68120 6239105024 "POST /o/authorize/?response_type=code&client_id=5kWtcsPK1TeThWvN7gktrTfOsoiVdaY9OMqXEIV0&state=cUlsc0d-LktYei55TnRINHpzU3pmMi1lU3dydlFJMlZBLlpHNG4yU1ZvUnNf&redirect_uri=http%3A%2F%2Flocalhost%3A4200&scope=openid%20profile%20email&code_challenge=1XlqrOT8ATbCLXloKw7HpXoWGAaRMx6ivhZLP84k-l8&code_challenge_method=S256&nonce=cUlsc0d-LktYei55TnRINHpzU3pmMi1lU3dydlFJMlZBLlpHNG4yU1ZvUnNf HTTP/1.1" 302 0
INFO 2026-02-13 05:01:09,431 log 68120 6255931392 "GET /o/.well-known/openid-configuration HTTP/1.1" 200 762
INFO 2026-02-13 05:01:09,513 validators 68120 6255931392 Token issued for user 1 via local
INFO 2026-02-13 05:01:09,521 signals 68120 6255931392 Access token created for user 1 via client 5kWtcsPK1TeThWvN7gktrTfOsoiVdaY9OMqXEIV0
INFO 2026-02-13 05:01:09,572 log 68120 6255931392 "POST /o/token/ HTTP/1.1" 200 1312
INFO 2026-02-13 05:02:20,401 log 68120 6239105024 "GET /o/.well-known/openid-configuration HTTP/1.1" 200 762
INFO 2026-02-13 05:02:20,469 log 68120 6239105024 "GET /o/.well-known/jwks.json HTTP/1.1" 200 474
INFO 2026-02-13 05:02:22,535 log 68120 6255931392 "GET /o/authorize/?response_type=code&client_id=5kWtcsPK1TeThWvN7gktrTfOsoiVdaY9OMqXEIV0&state=bVhrc3VmV2xrVW8ycWsxLnNFVXRScUdYYzNDdGYyYjJ5Lm81Vmh3OFdKfi1C&redirect_uri=http%3A%2F%2Flocalhost%3A4200&scope=openid%20profile%20email&code_challenge=wqfxo5i7k2DZlza00fXo-RBgle5mm0OjErxZlWsR3M0&code_challenge_method=S256&nonce=bVhrc3VmV2xrVW8ycWsxLnNFVXRScUdYYzNDdGYyYjJ5Lm81Vmh3OFdKfi1C HTTP/1.1" 200 3899
WARNING 2026-02-13 05:02:22,707 log 68120 6255931392 Not Found: /favicon.ico
WARNING 2026-02-13 05:02:22,707 log 68120 6255931392 "GET /favicon.ico HTTP/1.1" 404 4857
WARNING 2026-02-13 05:08:08,383 log 68120 6204878848 Method Not Allowed (GET): /admin/logout/
WARNING 2026-02-13 05:08:08,414 log 68120 6204878848 "GET /admin/logout/ HTTP/1.1" 405 0
INFO 2026-02-13 05:08:14,786 log 68120 6204878848 "GET /admin/logout/ HTTP/1.1" 302 0
INFO 2026-02-13 05:08:14,807 log 68120 6204878848 "GET /admin/ HTTP/1.1" 302 0
INFO 2026-02-13 05:08:14,897 log 68120 6204878848 "GET /admin/login/?next=/admin/ HTTP/1.1" 200 4080
INFO 2026-02-13 05:08:14,924 log 68120 6221705216 "GET /static/admin/css/base.css HTTP/1.1" 304 0
INFO 2026-02-13 05:08:14,927 log 68120 6238531584 "GET /static/admin/css/dark_mode.css HTTP/1.1" 304 0
INFO 2026-02-13 05:08:14,928 log 68120 6204878848 "GET /static/admin/js/theme.js HTTP/1.1" 304 0
INFO 2026-02-13 05:08:14,929 log 68120 6255357952 "GET /static/admin/css/nav_sidebar.css HTTP/1.1" 304 0
INFO 2026-02-13 05:08:14,930 log 68120 6272184320 "GET /static/admin/css/login.css HTTP/1.1" 304 0
INFO 2026-02-13 05:08:14,931 log 68120 6289010688 "GET /static/admin/css/responsive.css HTTP/1.1" 304 0
INFO 2026-02-13 05:08:14,931 log 68120 6255357952 "GET /static/admin/js/nav_sidebar.js HTTP/1.1" 304 0
INFO 2026-02-13 05:08:26,857 log 68120 6255357952 "GET /o/authorize/?response_type=code&client_id=5kWtcsPK1TeThWvN7gktrTfOsoiVdaY9OMqXEIV0&state=WEw4SjI1eG5TM1BsS3NCZmFnVnVuN01McWQ0LTRrU1BrQUN3R2c4TnZtV1VN&redirect_uri=http%3A%2F%2Flocalhost%3A4200&scope=openid%20profile%20email&code_challenge=JmC1DgxZHmwfozP4kuydkTSOV_vHqctoD2o0YJP0kH8&code_challenge_method=S256&nonce=WEw4SjI1eG5TM1BsS3NCZmFnVnVuN01McWQ0LTRrU1BrQUN3R2c4TnZtV1VN HTTP/1.1" 200 3899
WARNING 2026-02-13 05:08:27,092 log 68120 6255357952 Not Found: /.well-known/appspecific/com.chrome.devtools.json
WARNING 2026-02-13 05:08:27,092 log 68120 6255357952 "GET /.well-known/appspecific/com.chrome.devtools.json HTTP/1.1" 404 5005
INFO 2026-02-13 05:08:28,685 log 68120 6255357952 "POST /o/authorize/?response_type=code&client_id=5kWtcsPK1TeThWvN7gktrTfOsoiVdaY9OMqXEIV0&state=WEw4SjI1eG5TM1BsS3NCZmFnVnVuN01McWQ0LTRrU1BrQUN3R2c4TnZtV1VN&redirect_uri=http%3A%2F%2Flocalhost%3A4200&scope=openid%20profile%20email&code_challenge=JmC1DgxZHmwfozP4kuydkTSOV_vHqctoD2o0YJP0kH8&code_challenge_method=S256&nonce=WEw4SjI1eG5TM1BsS3NCZmFnVnVuN01McWQ0LTRrU1BrQUN3R2c4TnZtV1VN HTTP/1.1" 302 0
INFO 2026-02-13 05:08:29,045 log 68120 6305837056 "GET /o/.well-known/openid-configuration HTTP/1.1" 200 762
INFO 2026-02-13 05:08:39,983 log 68120 6305837056 "GET /o/.well-known/openid-configuration HTTP/1.1" 200 762
INFO 2026-02-13 05:08:42,215 log 68120 6255357952 "GET /o/authorize/?response_type=code&client_id=5kWtcsPK1TeThWvN7gktrTfOsoiVdaY9OMqXEIV0&state=bnNXMFBHSXRtUVpqZVdIQjd5UlF3cHptYlJVWnl0YjZwZnNCY29kXzAtYmFx&redirect_uri=http%3A%2F%2Flocalhost%3A4200&scope=openid%20profile%20email&code_challenge=NhupWkwrNLIdY5ji3YDmOgQ8qz4nQ-kNDZzZZh0qZZQ&code_challenge_method=S256&nonce=bnNXMFBHSXRtUVpqZVdIQjd5UlF3cHptYlJVWnl0YjZwZnNCY29kXzAtYmFx HTTP/1.1" 200 3899
WARNING 2026-02-13 05:08:42,341 log 68120 6255357952 Not Found: /.well-known/appspecific/com.chrome.devtools.json
WARNING 2026-02-13 05:08:42,341 log 68120 6255357952 "GET /.well-known/appspecific/com.chrome.devtools.json HTTP/1.1" 404 5005
INFO 2026-02-13 05:08:43,913 log 68120 6255357952 "POST /o/authorize/?response_type=code&client_id=5kWtcsPK1TeThWvN7gktrTfOsoiVdaY9OMqXEIV0&state=bnNXMFBHSXRtUVpqZVdIQjd5UlF3cHptYlJVWnl0YjZwZnNCY29kXzAtYmFx&redirect_uri=http%3A%2F%2Flocalhost%3A4200&scope=openid%20profile%20email&code_challenge=NhupWkwrNLIdY5ji3YDmOgQ8qz4nQ-kNDZzZZh0qZZQ&code_challenge_method=S256&nonce=bnNXMFBHSXRtUVpqZVdIQjd5UlF3cHptYlJVWnl0YjZwZnNCY29kXzAtYmFx HTTP/1.1" 302 0
INFO 2026-02-13 05:08:44,256 log 68120 6305837056 "GET /o/.well-known/openid-configuration HTTP/1.1" 200 762
INFO 2026-02-13 05:08:44,428 validators 68120 6305837056 Token issued for user 1 via local
INFO 2026-02-13 05:08:44,435 signals 68120 6305837056 Access token created for user 1 via client 5kWtcsPK1TeThWvN7gktrTfOsoiVdaY9OMqXEIV0
INFO 2026-02-13 05:08:44,477 log 68120 6305837056 "POST /o/token/ HTTP/1.1" 200 1312
WARNING 2026-02-13 05:09:02,236 log 68120 6255357952 Method Not Allowed (GET): /accounts/logout/
WARNING 2026-02-13 05:09:02,252 log 68120 6255357952 "GET /accounts/logout/ HTTP/1.1" 405 0
INFO 2026-02-13 05:09:10,298 log 68120 6255357952 "GET / HTTP/1.1" 200 5452
INFO 2026-02-13 05:09:12,920 log 68120 6255357952 "GET /login/ HTTP/1.1" 302 0
INFO 2026-02-13 05:09:12,968 log 68120 6255357952 "GET /accounts/login/ HTTP/1.1" 200 9199
INFO 2026-02-13 05:10:57,216 log 68120 6255357952 "GET /accounts/login/ HTTP/1.1" 200 7618
INFO 2026-02-13 05:11:05,894 log 68120 6255357952 "GET /accounts/login/ HTTP/1.1" 200 7618
INFO 2026-02-13 05:11:14,870 log 68120 6255357952 "GET /o/authorize/?response_type=code&client_id=5kWtcsPK1TeThWvN7gktrTfOsoiVdaY9OMqXEIV0&state=dURENDgxRjEyeGFRRlRWbFJTY1ZCWWJhT0I0elpZSlBGYzVuSzZ2UGlrZHhY&redirect_uri=http%3A%2F%2Flocalhost%3A4200&scope=openid%20profile%20email&code_challenge=yQrrLU6S-B8wUy-vBspVtG2RS7P8hYVqwqh_-CUOpV0&code_challenge_method=S256&nonce=dURENDgxRjEyeGFRRlRWbFJTY1ZCWWJhT0I0elpZSlBGYzVuSzZ2UGlrZHhY HTTP/1.1" 200 3899
WARNING 2026-02-13 05:11:15,006 log 68120 6255357952 Not Found: /.well-known/appspecific/com.chrome.devtools.json
WARNING 2026-02-13 05:11:15,007 log 68120 6255357952 "GET /.well-known/appspecific/com.chrome.devtools.json HTTP/1.1" 404 5005
INFO 2026-02-13 05:11:17,162 log 68120 6255357952 "POST /o/authorize/?response_type=code&client_id=5kWtcsPK1TeThWvN7gktrTfOsoiVdaY9OMqXEIV0&state=dURENDgxRjEyeGFRRlRWbFJTY1ZCWWJhT0I0elpZSlBGYzVuSzZ2UGlrZHhY&redirect_uri=http%3A%2F%2Flocalhost%3A4200&scope=openid%20profile%20email&code_challenge=yQrrLU6S-B8wUy-vBspVtG2RS7P8hYVqwqh_-CUOpV0&code_challenge_method=S256&nonce=dURENDgxRjEyeGFRRlRWbFJTY1ZCWWJhT0I0elpZSlBGYzVuSzZ2UGlrZHhY HTTP/1.1" 302 0
INFO 2026-02-13 05:11:17,425 log 68120 6305837056 "GET /o/.well-known/openid-configuration HTTP/1.1" 200 762
INFO 2026-02-13 05:11:17,604 validators 68120 6305837056 Token issued for user 1 via local
INFO 2026-02-13 05:11:17,610 signals 68120 6305837056 Access token created for user 1 via client 5kWtcsPK1TeThWvN7gktrTfOsoiVdaY9OMqXEIV0
INFO 2026-02-13 05:11:17,655 log 68120 6305837056 "POST /o/token/ HTTP/1.1" 200 1312
INFO 2026-02-13 05:16:08,879 log 68120 6255357952 "GET /o/authorize/?response_type=code&client_id=5kWtcsPK1TeThWvN7gktrTfOsoiVdaY9OMqXEIV0&state=LkFOdWxfNFo3UlhrRE5hbS4yU3F1blFPbUoydWpEd1VwdEJPVHkzMWk3clE3&redirect_uri=http%3A%2F%2Flocalhost%3A4200&scope=openid%20profile%20email&code_challenge=i5_amgoJl-S6CqgnMGWOGGA1DzQpXiXQsD2RFNV5518&code_challenge_method=S256&nonce=LkFOdWxfNFo3UlhrRE5hbS4yU3F1blFPbUoydWpEd1VwdEJPVHkzMWk3clE3 HTTP/1.1" 302 0
INFO 2026-02-13 05:16:08,922 log 68120 6255357952 "GET /accounts/login/?next=/o/authorize/%3Fresponse_type%3Dcode%26client_id%3D5kWtcsPK1TeThWvN7gktrTfOsoiVdaY9OMqXEIV0%26state%3DLkFOdWxfNFo3UlhrRE5hbS4yU3F1blFPbUoydWpEd1VwdEJPVHkzMWk3clE3%26redirect_uri%3Dhttp%253A%252F%252Flocalhost%253A4200%26scope%3Dopenid%2520profile%2520email%26code_challenge%3Di5_amgoJl-S6CqgnMGWOGGA1DzQpXiXQsD2RFNV5518%26code_challenge_method%3DS256%26nonce%3DLkFOdWxfNFo3UlhrRE5hbS4yU3F1blFPbUoydWpEd1VwdEJPVHkzMWk3clE3 HTTP/1.1" 200 8135
WARNING 2026-02-13 05:16:09,165 log 68120 6255357952 Not Found: /.well-known/appspecific/com.chrome.devtools.json
WARNING 2026-02-13 05:16:09,166 log 68120 6255357952 "GET /.well-known/appspecific/com.chrome.devtools.json HTTP/1.1" 404 5005
INFO 2026-02-13 05:16:20,061 log 68120 6255357952 "POST /accounts/login/?next=/o/authorize/%3Fresponse_type%3Dcode%26client_id%3D5kWtcsPK1TeThWvN7gktrTfOsoiVdaY9OMqXEIV0%26state%3DLkFOdWxfNFo3UlhrRE5hbS4yU3F1blFPbUoydWpEd1VwdEJPVHkzMWk3clE3%26redirect_uri%3Dhttp%253A%252F%252Flocalhost%253A4200%26scope%3Dopenid%2520profile%2520email%26code_challenge%3Di5_amgoJl-S6CqgnMGWOGGA1DzQpXiXQsD2RFNV5518%26code_challenge_method%3DS256%26nonce%3DLkFOdWxfNFo3UlhrRE5hbS4yU3F1blFPbUoydWpEd1VwdEJPVHkzMWk3clE3 HTTP/1.1" 302 0
INFO 2026-02-13 05:16:20,117 log 68120 6255357952 "GET /o/authorize/?response_type=code&client_id=5kWtcsPK1TeThWvN7gktrTfOsoiVdaY9OMqXEIV0&state=LkFOdWxfNFo3UlhrRE5hbS4yU3F1blFPbUoydWpEd1VwdEJPVHkzMWk3clE3&redirect_uri=http%3A%2F%2Flocalhost%3A4200&scope=openid%20profile%20email&code_challenge=i5_amgoJl-S6CqgnMGWOGGA1DzQpXiXQsD2RFNV5518&code_challenge_method=S256&nonce=LkFOdWxfNFo3UlhrRE5hbS4yU3F1blFPbUoydWpEd1VwdEJPVHkzMWk3clE3 HTTP/1.1" 200 3899
WARNING 2026-02-13 05:16:20,191 log 68120 6255357952 Not Found: /.well-known/appspecific/com.chrome.devtools.json
WARNING 2026-02-13 05:16:20,191 log 68120 6255357952 "GET /.well-known/appspecific/com.chrome.devtools.json HTTP/1.1" 404 5005
INFO 2026-02-13 05:16:21,882 log 68120 6255357952 "POST /o/authorize/?response_type=code&client_id=5kWtcsPK1TeThWvN7gktrTfOsoiVdaY9OMqXEIV0&state=LkFOdWxfNFo3UlhrRE5hbS4yU3F1blFPbUoydWpEd1VwdEJPVHkzMWk3clE3&redirect_uri=http%3A%2F%2Flocalhost%3A4200&scope=openid%20profile%20email&code_challenge=i5_amgoJl-S6CqgnMGWOGGA1DzQpXiXQsD2RFNV5518&code_challenge_method=S256&nonce=LkFOdWxfNFo3UlhrRE5hbS4yU3F1blFPbUoydWpEd1VwdEJPVHkzMWk3clE3 HTTP/1.1" 302 0
INFO 2026-02-13 05:16:22,229 log 68120 6221705216 "GET /o/.well-known/openid-configuration HTTP/1.1" 200 762
INFO 2026-02-13 05:16:22,357 validators 68120 6221705216 Token issued for user 1 via local
INFO 2026-02-13 05:16:22,364 signals 68120 6221705216 Access token created for user 1 via client 5kWtcsPK1TeThWvN7gktrTfOsoiVdaY9OMqXEIV0
INFO 2026-02-13 05:16:22,407 log 68120 6221705216 "POST /o/token/ HTTP/1.1" 200 1312
INFO 2026-02-13 05:23:20,398 autoreload 68120 8318492864 /Users/dhrubajyotiborah/Documents/Projects/hcs_sso_with_oidc/apps/users/views.py changed, reloading.
ERROR 2026-02-13 05:23:21,323 apps 92779 8318492864 Failed to register custom backends: argument of type 'module' is not iterable
INFO 2026-02-13 05:23:21,323 apps 92779 8318492864 Enabled providers: Google, Facebook
INFO 2026-02-13 05:23:21,323 apps 92779 8318492864 ✅ Social authentication app initialized successfully
INFO 2026-02-13 05:23:21,332 autoreload 92779 8318492864 Watching for file changes with StatReloader
INFO 2026-02-13 05:23:24,703 autoreload 92779 8318492864 /Users/dhrubajyotiborah/Documents/Projects/hcs_sso_with_oidc/apps/users/views.py changed, reloading.
ERROR 2026-02-13 05:23:25,197 apps 92844 8318492864 Failed to register custom backends: argument of type 'module' is not iterable
INFO 2026-02-13 05:23:25,197 apps 92844 8318492864 Enabled providers: Google, Facebook
INFO 2026-02-13 05:23:25,197 apps 92844 8318492864 ✅ Social authentication app initialized successfully
INFO 2026-02-13 05:23:25,202 autoreload 92844 8318492864 Watching for file changes with StatReloader
INFO 2026-02-13 05:23:28,554 autoreload 92844 8318492864 /Users/dhrubajyotiborah/Documents/Projects/hcs_sso_with_oidc/apps/users/urls.py changed, reloading.
ERROR 2026-02-13 05:23:29,054 apps 92908 8318492864 Failed to register custom backends: argument of type 'module' is not iterable
INFO 2026-02-13 05:23:29,054 apps 92908 8318492864 Enabled providers: Google, Facebook
INFO 2026-02-13 05:23:29,054 apps 92908 8318492864 ✅ Social authentication app initialized successfully
INFO 2026-02-13 05:23:29,059 autoreload 92908 8318492864 Watching for file changes with StatReloader
INFO 2026-02-13 05:23:32,502 autoreload 92908 8318492864 /Users/dhrubajyotiborah/Documents/Projects/hcs_sso_with_oidc/apps/users/urls.py changed, reloading.
ERROR 2026-02-13 05:23:33,009 apps 92969 8318492864 Failed to register custom backends: argument of type 'module' is not iterable
INFO 2026-02-13 05:23:33,009 apps 92969 8318492864 Enabled providers: Google, Facebook
INFO 2026-02-13 05:23:33,009 apps 92969 8318492864 ✅ Social authentication app initialized successfully
INFO 2026-02-13 05:23:33,015 autoreload 92969 8318492864 Watching for file changes with StatReloader
INFO 2026-02-13 05:23:41,606 autoreload 92969 8318492864 /Users/dhrubajyotiborah/Documents/Projects/hcs_sso_with_oidc/apps/users/views.py changed, reloading.
ERROR 2026-02-13 05:23:42,153 apps 93095 8318492864 Failed to register custom backends: argument of type 'module' is not iterable
INFO 2026-02-13 05:23:42,154 apps 93095 8318492864 Enabled providers: Google, Facebook
INFO 2026-02-13 05:23:42,154 apps 93095 8318492864 ✅ Social authentication app initialized successfully
INFO 2026-02-13 05:23:42,159 autoreload 93095 8318492864 Watching for file changes with StatReloader
INFO 2026-02-13 05:23:44,440 autoreload 93095 8318492864 /Users/dhrubajyotiborah/Documents/Projects/hcs_sso_with_oidc/apps/users/urls.py changed, reloading.
ERROR 2026-02-13 05:23:44,912 apps 93163 8318492864 Failed to register custom backends: argument of type 'module' is not iterable
INFO 2026-02-13 05:23:44,912 apps 93163 8318492864 Enabled providers: Google, Facebook
INFO 2026-02-13 05:23:44,912 apps 93163 8318492864 ✅ Social authentication app initialized successfully
INFO 2026-02-13 05:23:44,917 autoreload 93163 8318492864 Watching for file changes with StatReloader
INFO 2026-02-13 05:25:44,227 log 93163 6132625408 "GET /o/.well-known/openid-configuration HTTP/1.1" 200 762
INFO 2026-02-13 05:25:44,414 log 93163 6132625408 "GET /o/.well-known/jwks.json HTTP/1.1" 200 474
INFO 2026-02-13 05:25:46,523 log 93163 6149451776 "GET /o/authorize/?response_type=code&client_id=5kWtcsPK1TeThWvN7gktrTfOsoiVdaY9OMqXEIV0&state=b2tKSHQ1Y2xrSGRjdlVtZklmZE9mLkpmWWw5bEpydkEtN253c19USFp2amNy&redirect_uri=http%3A%2F%2Flocalhost%3A4200&scope=openid%20profile%20email&code_challenge=1aMhxuAqiL7nscrxSfAde1vvoTfA1Jmq-hqwiGqFR7Y&code_challenge_method=S256&nonce=b2tKSHQ1Y2xrSGRjdlVtZklmZE9mLkpmWWw5bEpydkEtN253c19USFp2amNy HTTP/1.1" 302 0
INFO 2026-02-13 05:25:46,585 log 93163 6149451776 "GET /accounts/login/?next=/o/authorize/%3Fresponse_type%3Dcode%26client_id%3D5kWtcsPK1TeThWvN7gktrTfOsoiVdaY9OMqXEIV0%26state%3Db2tKSHQ1Y2xrSGRjdlVtZklmZE9mLkpmWWw5bEpydkEtN253c19USFp2amNy%26redirect_uri%3Dhttp%253A%252F%252Flocalhost%253A4200%26scope%3Dopenid%2520profile%2520email%26code_challenge%3D1aMhxuAqiL7nscrxSfAde1vvoTfA1Jmq-hqwiGqFR7Y%26code_challenge_method%3DS256%26nonce%3Db2tKSHQ1Y2xrSGRjdlVtZklmZE9mLkpmWWw5bEpydkEtN253c19USFp2amNy HTTP/1.1" 200 8711
WARNING 2026-02-13 05:25:50,982 log 93163 6149451776 Not Found: /accounts/register/
WARNING 2026-02-13 05:25:50,983 log 93163 6149451776 "GET /accounts/register/ HTTP/1.1" 404 6995
WARNING 2026-02-13 05:27:12,165 log 93163 6149451776 Not Found: /accounts/register
WARNING 2026-02-13 05:27:12,167 log 93163 6149451776 "GET /accounts/register HTTP/1.1" 404 6992
WARNING 2026-02-13 05:39:28,810 log 93163 6132625408 Not Found: /accounts/register-form/
WARNING 2026-02-13 05:39:28,812 log 93163 6132625408 "GET /accounts/register-form/ HTTP/1.1" 404 7015
WARNING 2026-02-13 05:39:40,911 log 93163 6132625408 Not Found: /accounts/register-form
WARNING 2026-02-13 05:39:40,911 log 93163 6132625408 "GET /accounts/register-form HTTP/1.1" 404 7012
INFO 2026-02-13 05:39:51,457 autoreload 93163 8318492864 /Users/dhrubajyotiborah/Documents/Projects/hcs_sso_with_oidc/apps/users/urls.py changed, reloading.
ERROR 2026-02-13 05:39:52,350 apps 6654 8318492864 Failed to register custom backends: argument of type 'module' is not iterable
INFO 2026-02-13 05:39:52,350 apps 6654 8318492864 Enabled providers: Google, Facebook
INFO 2026-02-13 05:39:52,350 apps 6654 8318492864 ✅ Social authentication app initialized successfully
INFO 2026-02-13 05:39:52,359 autoreload 6654 8318492864 Watching for file changes with StatReloader
WARNING 2026-02-13 05:42:05,863 log 6654 6192885760 Not Found: /api/users/register-form
WARNING 2026-02-13 05:42:05,864 log 6654 6192885760 "GET /api/users/register-form HTTP/1.1" 404 15553
INFO 2026-02-13 05:42:15,059 log 6654 6192885760 "GET /api/users/register-form/ HTTP/1.1" 200 18947
WARNING 2026-02-13 05:44:58,378 log 6654 6192885760 Bad Request: /api/users/register/
WARNING 2026-02-13 05:44:58,378 log 6654 6192885760 "POST /api/users/register/ HTTP/1.1" 400 130
WARNING 2026-02-13 05:45:18,885 log 6654 6192885760 Bad Request: /api/users/register/
WARNING 2026-02-13 05:45:18,885 log 6654 6192885760 "POST /api/users/register/ HTTP/1.1" 400 50
WARNING 2026-02-13 05:45:30,078 log 6654 6192885760 Not Found: /.well-known/appspecific/com.chrome.devtools.json
WARNING 2026-02-13 05:45:30,079 log 6654 6192885760 "GET /.well-known/appspecific/com.chrome.devtools.json HTTP/1.1" 404 5005
WARNING 2026-02-13 05:47:09,315 log 6654 6192885760 Bad Request: /api/users/register/
WARNING 2026-02-13 05:47:09,316 log 6654 6192885760 "POST /api/users/register/ HTTP/1.1" 400 50
WARNING 2026-02-13 05:51:12,607 log 6654 6192885760 Bad Request: /api/users/register/
WARNING 2026-02-13 05:51:12,608 log 6654 6192885760 "POST /api/users/register/ HTTP/1.1" 400 50
ERROR 2026-02-13 05:51:44,798 apps 16322 8318492864 Failed to register custom backends: argument of type 'module' is not iterable
INFO 2026-02-13 05:51:44,799 apps 16322 8318492864 Enabled providers: Google, Facebook
INFO 2026-02-13 05:51:44,799 apps 16322 8318492864 ✅ Social authentication app initialized successfully
ERROR 2026-02-13 05:51:45,215 apps 16351 8318492864 Failed to register custom backends: argument of type 'module' is not iterable
INFO 2026-02-13 05:51:45,215 apps 16351 8318492864 Enabled providers: Google, Facebook
INFO 2026-02-13 05:51:45,215 apps 16351 8318492864 ✅ Social authentication app initialized successfully
INFO 2026-02-13 05:51:45,220 autoreload 16351 8318492864 Watching for file changes with StatReloader
WARNING 2026-02-13 05:51:50,976 log 16351 6160756736 Bad Request: /api/users/register/
WARNING 2026-02-13 05:51:50,976 log 16351 6160756736 "POST /api/users/register/ HTTP/1.1" 400 50
WARNING 2026-02-13 06:04:29,977 log 16351 6160756736 Bad Request: /api/users/register/
WARNING 2026-02-13 06:04:29,978 log 16351 6160756736 "POST /api/users/register/ HTTP/1.1" 400 50
ERROR 2026-02-13 06:04:58,533 apps 27150 8318492864 Failed to register custom backends: argument of type 'module' is not iterable
INFO 2026-02-13 06:04:58,533 apps 27150 8318492864 Enabled providers: Google, Facebook
INFO 2026-02-13 06:04:58,533 apps 27150 8318492864 ✅ Social authentication app initialized successfully
ERROR 2026-02-13 06:04:58,999 apps 27151 8318492864 Failed to register custom backends: argument of type 'module' is not iterable
INFO 2026-02-13 06:04:58,999 apps 27151 8318492864 Enabled providers: Google, Facebook
INFO 2026-02-13 06:04:58,999 apps 27151 8318492864 ✅ Social authentication app initialized successfully
INFO 2026-02-13 06:04:59,005 autoreload 27151 8318492864 Watching for file changes with StatReloader
WARNING 2026-02-13 06:07:05,674 log 27151 6124892160 Bad Request: /api/users/register/
WARNING 2026-02-13 06:07:05,674 log 27151 6124892160 "POST /api/users/register/ HTTP/1.1" 400 50
ERROR 2026-02-13 06:15:05,933 apps 35396 8318492864 Failed to register custom backends: argument of type 'module' is not iterable
INFO 2026-02-13 06:15:05,933 apps 35396 8318492864 Enabled providers: Google, Facebook
INFO 2026-02-13 06:15:05,933 apps 35396 8318492864 ✅ Social authentication app initialized successfully
ERROR 2026-02-13 06:15:06,349 apps 35425 8318492864 Failed to register custom backends: argument of type 'module' is not iterable
INFO 2026-02-13 06:15:06,350 apps 35425 8318492864 Enabled providers: Google, Facebook
INFO 2026-02-13 06:15:06,350 apps 35425 8318492864 ✅ Social authentication app initialized successfully
INFO 2026-02-13 06:15:06,355 autoreload 35425 8318492864 Watching for file changes with StatReloader
WARNING 2026-02-13 06:15:18,130 log 35425 6156546048 Bad Request: /api/users/register/
WARNING 2026-02-13 06:15:18,130 log 35425 6156546048 "POST /api/users/register/ HTTP/1.1" 400 50
ERROR 2026-02-13 06:18:50,452 apps 38507 8318492864 Failed to register custom backends: argument of type 'module' is not iterable
INFO 2026-02-13 06:18:50,452 apps 38507 8318492864 Enabled providers: Google, Facebook
INFO 2026-02-13 06:18:50,452 apps 38507 8318492864 ✅ Social authentication app initialized successfully
ERROR 2026-02-13 06:18:50,922 apps 38536 8318492864 Failed to register custom backends: argument of type 'module' is not iterable
INFO 2026-02-13 06:18:50,922 apps 38536 8318492864 Enabled providers: Google, Facebook
INFO 2026-02-13 06:18:50,922 apps 38536 8318492864 ✅ Social authentication app initialized successfully
INFO 2026-02-13 06:18:50,927 autoreload 38536 8318492864 Watching for file changes with StatReloader
INFO 2026-02-13 06:18:56,618 log 38536 6195163136 "POST /api/users/register/ HTTP/1.1" 201 879
INFO 2026-02-13 06:18:58,714 log 38536 6195163136 "GET /accounts/login/ HTTP/1.1" 200 8200
WARNING 2026-02-13 06:18:58,845 log 38536 6195163136 Not Found: /.well-known/appspecific/com.chrome.devtools.json
WARNING 2026-02-13 06:18:58,845 log 38536 6195163136 "GET /.well-known/appspecific/com.chrome.devtools.json HTTP/1.1" 404 5005
INFO 2026-02-13 06:19:49,826 log 38536 6195163136 "POST /accounts/login/ HTTP/1.1" 200 8737
WARNING 2026-02-13 06:19:49,947 log 38536 6195163136 Not Found: /.well-known/appspecific/com.chrome.devtools.json
WARNING 2026-02-13 06:19:49,948 log 38536 6195163136 "GET /.well-known/appspecific/com.chrome.devtools.json HTTP/1.1" 404 5005
INFO 2026-02-13 06:20:07,405 log 38536 6195163136 "POST /accounts/login/ HTTP/1.1" 200 8737
WARNING 2026-02-13 06:20:07,499 log 38536 6195163136 Not Found: /.well-known/appspecific/com.chrome.devtools.json
WARNING 2026-02-13 06:20:07,501 log 38536 6195163136 "GET /.well-known/appspecific/com.chrome.devtools.json HTTP/1.1" 404 5005
INFO 2026-02-13 06:20:41,100 log 38536 6195163136 "POST /accounts/login/ HTTP/1.1" 302 0
INFO 2026-02-13 06:20:41,144 log 38536 6195163136 "GET / HTTP/1.1" 200 5452
WARNING 2026-02-13 06:20:41,275 log 38536 6195163136 Not Found: /.well-known/appspecific/com.chrome.devtools.json
WARNING 2026-02-13 06:20:41,275 log 38536 6195163136 "GET /.well-known/appspecific/com.chrome.devtools.json HTTP/1.1" 404 5005
INFO 2026-02-13 06:21:27,029 log 38536 6195163136 "GET /admin/ HTTP/1.1" 200 15025
INFO 2026-02-13 06:21:27,070 log 38536 6262468608 "GET /static/admin/css/dashboard.css HTTP/1.1" 200 441
INFO 2026-02-13 06:21:27,073 log 38536 6245642240 "GET /static/admin/css/nav_sidebar.css HTTP/1.1" 200 2810
INFO 2026-02-13 06:21:27,074 log 38536 6228815872 "GET /static/admin/css/dark_mode.css HTTP/1.1" 200 3538
INFO 2026-02-13 06:21:27,075 log 38536 6262468608 "GET /static/admin/js/theme.js HTTP/1.1" 200 1653
INFO 2026-02-13 06:21:27,082 log 38536 6279294976 "GET /static/admin/css/responsive.css HTTP/1.1" 200 16273
INFO 2026-02-13 06:21:27,085 log 38536 6211989504 "GET /static/admin/css/base.css HTTP/1.1" 200 23100
INFO 2026-02-13 06:21:27,089 log 38536 6279294976 "GET /static/admin/js/nav_sidebar.js HTTP/1.1" 200 3063
INFO 2026-02-13 06:21:27,099 log 38536 6279294976 "GET /static/admin/img/icon-addlink.svg HTTP/1.1" 200 593
INFO 2026-02-13 06:21:27,102 log 38536 6211989504 "GET /static/admin/img/icon-changelink.svg HTTP/1.1" 200 978
WARNING 2026-02-13 06:21:27,115 log 38536 6195163136 Not Found: /.well-known/appspecific/com.chrome.devtools.json
WARNING 2026-02-13 06:21:27,116 log 38536 6195163136 "GET /.well-known/appspecific/com.chrome.devtools.json HTTP/1.1" 404 5005
INFO 2026-02-13 06:21:29,235 log 38536 6195163136 "POST /admin/logout/ HTTP/1.1" 302 0
INFO 2026-02-13 06:21:29,281 log 38536 6195163136 "GET / HTTP/1.1" 200 5452
WARNING 2026-02-13 06:21:29,364 log 38536 6195163136 Not Found: /.well-known/appspecific/com.chrome.devtools.json
WARNING 2026-02-13 06:21:29,365 log 38536 6195163136 "GET /.well-known/appspecific/com.chrome.devtools.json HTTP/1.1" 404 5005
INFO 2026-02-13 06:21:33,364 log 38536 6195163136 "GET /login/ HTTP/1.1" 302 0
INFO 2026-02-13 06:21:33,409 log 38536 6195163136 "GET /accounts/login/ HTTP/1.1" 200 8200
WARNING 2026-02-13 06:21:33,472 log 38536 6195163136 Not Found: /.well-known/appspecific/com.chrome.devtools.json
WARNING 2026-02-13 06:21:33,473 log 38536 6195163136 "GET /.well-known/appspecific/com.chrome.devtools.json HTTP/1.1" 404 5005
INFO 2026-02-13 06:21:49,073 log 38536 6195163136 "POST /accounts/login/ HTTP/1.1" 302 0
INFO 2026-02-13 06:21:49,094 log 38536 6195163136 "GET / HTTP/1.1" 200 5452
WARNING 2026-02-13 06:21:49,156 log 38536 6195163136 Not Found: /.well-known/appspecific/com.chrome.devtools.json
WARNING 2026-02-13 06:21:49,156 log 38536 6195163136 "GET /.well-known/appspecific/com.chrome.devtools.json HTTP/1.1" 404 5005
INFO 2026-02-13 06:21:51,388 log 38536 6195163136 "GET /admin/ HTTP/1.1" 302 0
INFO 2026-02-13 06:21:51,486 log 38536 6195163136 "GET /admin/login/?next=/admin/ HTTP/1.1" 200 3602
INFO 2026-02-13 06:21:51,515 log 38536 6211989504 "GET /static/admin/css/login.css HTTP/1.1" 200 951
WARNING 2026-02-13 06:21:51,549 log 38536 6195163136 Not Found: /.well-known/appspecific/com.chrome.devtools.json
WARNING 2026-02-13 06:21:51,550 log 38536 6195163136 "GET /.well-known/appspecific/com.chrome.devtools.json HTTP/1.1" 404 5005
WARNING 2026-02-13 06:21:54,686 log 38536 6195163136 Not Found: /.well-known/appspecific/com.chrome.devtools.json
WARNING 2026-02-13 06:21:54,687 log 38536 6195163136 "GET /.well-known/appspecific/com.chrome.devtools.json HTTP/1.1" 404 5005
WARNING 2026-02-13 06:21:54,715 log 38536 6195163136 Not Found: /.well-known/appspecific/com.chrome.devtools.json
WARNING 2026-02-13 06:21:54,716 log 38536 6195163136 "GET /.well-known/appspecific/com.chrome.devtools.json HTTP/1.1" 404 5005
INFO 2026-02-13 06:22:13,201 log 38536 6296121344 "GET /o/.well-known/openid-configuration HTTP/1.1" 200 762
INFO 2026-02-13 06:22:15,443 log 38536 6195163136 "GET /o/authorize/?response_type=code&client_id=5kWtcsPK1TeThWvN7gktrTfOsoiVdaY9OMqXEIV0&state=b1hXdWdVM2xrZF9IdHV3cDF6d3VBTFIwUGtxeWk5QldJNn4tTng2OTJDOXBq&redirect_uri=http%3A%2F%2Flocalhost%3A4200&scope=openid%20profile%20email&code_challenge=IfuYkQ3CgZxBsW28nZZq8gSqjC7hbdFViWQ8F1e9Ovo&code_challenge_method=S256&nonce=b1hXdWdVM2xrZF9IdHV3cDF6d3VBTFIwUGtxeWk5QldJNn4tTng2OTJDOXBq HTTP/1.1" 200 3899
WARNING 2026-02-13 06:22:15,492 log 38536 6195163136 Not Found: /.well-known/appspecific/com.chrome.devtools.json
WARNING 2026-02-13 06:22:15,492 log 38536 6195163136 "GET /.well-known/appspecific/com.chrome.devtools.json HTTP/1.1" 404 5005
INFO 2026-02-13 06:22:20,909 log 38536 6195163136 "POST /o/authorize/?response_type=code&client_id=5kWtcsPK1TeThWvN7gktrTfOsoiVdaY9OMqXEIV0&state=b1hXdWdVM2xrZF9IdHV3cDF6d3VBTFIwUGtxeWk5QldJNn4tTng2OTJDOXBq&redirect_uri=http%3A%2F%2Flocalhost%3A4200&scope=openid%20profile%20email&code_challenge=IfuYkQ3CgZxBsW28nZZq8gSqjC7hbdFViWQ8F1e9Ovo&code_challenge_method=S256&nonce=b1hXdWdVM2xrZF9IdHV3cDF6d3VBTFIwUGtxeWk5QldJNn4tTng2OTJDOXBq HTTP/1.1" 302 0
INFO 2026-02-13 06:22:21,149 log 38536 6296121344 "GET /o/.well-known/openid-configuration HTTP/1.1" 200 762
INFO 2026-02-13 06:22:21,444 validators 38536 6296121344 Token issued for user 8 via local
INFO 2026-02-13 06:22:21,452 signals 38536 6296121344 Access token created for user 8 via client 5kWtcsPK1TeThWvN7gktrTfOsoiVdaY9OMqXEIV0
INFO 2026-02-13 06:22:21,494 log 38536 6296121344 "POST /o/token/ HTTP/1.1" 200 1387
WARNING 2026-02-13 06:22:51,137 log 38536 6312947712 Not Found: /.well-known/appspecific/com.chrome.devtools.json
WARNING 2026-02-13 06:22:51,139 log 38536 6312947712 "GET /.well-known/appspecific/com.chrome.devtools.json HTTP/1.1" 404 5005
INFO 2026-02-13 06:23:30,887 log 38536 6329774080 "GET /o/.well-known/openid-configuration HTTP/1.1" 200 762
INFO 2026-02-13 06:23:30,996 log 38536 6329774080 "GET /o/.well-known/jwks.json HTTP/1.1" 200 474
INFO 2026-02-13 06:24:20,399 log 38536 6312947712 "GET /o/authorize/?response_type=code&client_id=5kWtcsPK1TeThWvN7gktrTfOsoiVdaY9OMqXEIV0&state=aTBrYnNwcldWUjY2MWtnQ0ZGSEZLRGJEQldZLUJRRVlPOFJ0Z1pQTmoucnJN&redirect_uri=http%3A%2F%2Flocalhost%3A4200&scope=openid%20profile%20email&code_challenge=zUcnNqX6Tj4Pqlj2rXzaPTPkPRSws65j_sBy_3J7h20&code_challenge_method=S256&nonce=aTBrYnNwcldWUjY2MWtnQ0ZGSEZLRGJEQldZLUJRRVlPOFJ0Z1pQTmoucnJN HTTP/1.1" 302 0
INFO 2026-02-13 06:24:20,438 log 38536 6312947712 "GET /accounts/login/?next=/o/authorize/%3Fresponse_type%3Dcode%26client_id%3D5kWtcsPK1TeThWvN7gktrTfOsoiVdaY9OMqXEIV0%26state%3DaTBrYnNwcldWUjY2MWtnQ0ZGSEZLRGJEQldZLUJRRVlPOFJ0Z1pQTmoucnJN%26redirect_uri%3Dhttp%253A%252F%252Flocalhost%253A4200%26scope%3Dopenid%2520profile%2520email%26code_challenge%3DzUcnNqX6Tj4Pqlj2rXzaPTPkPRSws65j_sBy_3J7h20%26code_challenge_method%3DS256%26nonce%3DaTBrYnNwcldWUjY2MWtnQ0ZGSEZLRGJEQldZLUJRRVlPOFJ0Z1pQTmoucnJN HTTP/1.1" 200 8717
WARNING 2026-02-13 06:24:20,566 log 38536 6312947712 Not Found: /.well-known/appspecific/com.chrome.devtools.json
WARNING 2026-02-13 06:24:20,566 log 38536 6312947712 "GET /.well-known/appspecific/com.chrome.devtools.json HTTP/1.1" 404 5005
INFO 2026-02-13 06:24:40,886 log 38536 6312947712 "POST /accounts/login/?next=/o/authorize/%3Fresponse_type%3Dcode%26client_id%3D5kWtcsPK1TeThWvN7gktrTfOsoiVdaY9OMqXEIV0%26state%3DaTBrYnNwcldWUjY2MWtnQ0ZGSEZLRGJEQldZLUJRRVlPOFJ0Z1pQTmoucnJN%26redirect_uri%3Dhttp%253A%252F%252Flocalhost%253A4200%26scope%3Dopenid%2520profile%2520email%26code_challenge%3DzUcnNqX6Tj4Pqlj2rXzaPTPkPRSws65j_sBy_3J7h20%26code_challenge_method%3DS256%26nonce%3DaTBrYnNwcldWUjY2MWtnQ0ZGSEZLRGJEQldZLUJRRVlPOFJ0Z1pQTmoucnJN HTTP/1.1" 302 0
INFO 2026-02-13 06:24:40,937 log 38536 6312947712 "GET /o/authorize/?response_type=code&client_id=5kWtcsPK1TeThWvN7gktrTfOsoiVdaY9OMqXEIV0&state=aTBrYnNwcldWUjY2MWtnQ0ZGSEZLRGJEQldZLUJRRVlPOFJ0Z1pQTmoucnJN&redirect_uri=http%3A%2F%2Flocalhost%3A4200&scope=openid%20profile%20email&code_challenge=zUcnNqX6Tj4Pqlj2rXzaPTPkPRSws65j_sBy_3J7h20&code_challenge_method=S256&nonce=aTBrYnNwcldWUjY2MWtnQ0ZGSEZLRGJEQldZLUJRRVlPOFJ0Z1pQTmoucnJN HTTP/1.1" 200 3899
WARNING 2026-02-13 06:24:41,043 log 38536 6312947712 Not Found: /.well-known/appspecific/com.chrome.devtools.json
WARNING 2026-02-13 06:24:41,043 log 38536 6312947712 "GET /.well-known/appspecific/com.chrome.devtools.json HTTP/1.1" 404 5005
INFO 2026-02-13 06:24:45,636 log 38536 6312947712 "POST /o/authorize/?response_type=code&client_id=5kWtcsPK1TeThWvN7gktrTfOsoiVdaY9OMqXEIV0&state=aTBrYnNwcldWUjY2MWtnQ0ZGSEZLRGJEQldZLUJRRVlPOFJ0Z1pQTmoucnJN&redirect_uri=http%3A%2F%2Flocalhost%3A4200&scope=openid%20profile%20email&code_challenge=zUcnNqX6Tj4Pqlj2rXzaPTPkPRSws65j_sBy_3J7h20&code_challenge_method=S256&nonce=aTBrYnNwcldWUjY2MWtnQ0ZGSEZLRGJEQldZLUJRRVlPOFJ0Z1pQTmoucnJN HTTP/1.1" 302 0
INFO 2026-02-13 06:24:45,954 log 38536 6329774080 "GET /o/.well-known/openid-configuration HTTP/1.1" 200 762
INFO 2026-02-13 06:24:46,217 validators 38536 6329774080 Token issued for user 8 via local
INFO 2026-02-13 06:24:46,224 signals 38536 6329774080 Access token created for user 8 via client 5kWtcsPK1TeThWvN7gktrTfOsoiVdaY9OMqXEIV0
INFO 2026-02-13 06:24:46,270 log 38536 6329774080 "POST /o/token/ HTTP/1.1" 200 1387
INFO 2026-02-13 06:25:45,800 log 38536 6329774080 "GET /o/.well-known/openid-configuration HTTP/1.1" 200 762
INFO 2026-02-13 06:25:52,403 log 38536 6312947712 "GET /o/authorize/?response_type=code&client_id=5kWtcsPK1TeThWvN7gktrTfOsoiVdaY9OMqXEIV0&state=VXk5VGZyWE53RkpWMGp1bWMwcm4ya24yd0FmX1NLUFo1VnYwMFRqVnpLV1JR&redirect_uri=http%3A%2F%2Flocalhost%3A4200&scope=openid%20profile%20email&code_challenge=62t62IpM_07hFgGL1q7w9ewCGkG635xNoGtLy0cahWk&code_challenge_method=S256&nonce=VXk5VGZyWE53RkpWMGp1bWMwcm4ya24yd0FmX1NLUFo1VnYwMFRqVnpLV1JR HTTP/1.1" 302 0
INFO 2026-02-13 06:25:52,442 log 38536 6312947712 "GET /accounts/login/?next=/o/authorize/%3Fresponse_type%3Dcode%26client_id%3D5kWtcsPK1TeThWvN7gktrTfOsoiVdaY9OMqXEIV0%26state%3DVXk5VGZyWE53RkpWMGp1bWMwcm4ya24yd0FmX1NLUFo1VnYwMFRqVnpLV1JR%26redirect_uri%3Dhttp%253A%252F%252Flocalhost%253A4200%26scope%3Dopenid%2520profile%2520email%26code_challenge%3D62t62IpM_07hFgGL1q7w9ewCGkG635xNoGtLy0cahWk%26code_challenge_method%3DS256%26nonce%3DVXk5VGZyWE53RkpWMGp1bWMwcm4ya24yd0FmX1NLUFo1VnYwMFRqVnpLV1JR HTTP/1.1" 200 8717
WARNING 2026-02-13 06:25:52,650 log 38536 6312947712 Not Found: /.well-known/appspecific/com.chrome.devtools.json
WARNING 2026-02-13 06:25:52,650 log 38536 6312947712 "GET /.well-known/appspecific/com.chrome.devtools.json HTTP/1.1" 404 5005
INFO 2026-02-13 06:26:01,354 log 38536 6312947712 "POST /accounts/login/?next=/o/authorize/%3Fresponse_type%3Dcode%26client_id%3D5kWtcsPK1TeThWvN7gktrTfOsoiVdaY9OMqXEIV0%26state%3DVXk5VGZyWE53RkpWMGp1bWMwcm4ya24yd0FmX1NLUFo1VnYwMFRqVnpLV1JR%26redirect_uri%3Dhttp%253A%252F%252Flocalhost%253A4200%26scope%3Dopenid%2520profile%2520email%26code_challenge%3D62t62IpM_07hFgGL1q7w9ewCGkG635xNoGtLy0cahWk%26code_challenge_method%3DS256%26nonce%3DVXk5VGZyWE53RkpWMGp1bWMwcm4ya24yd0FmX1NLUFo1VnYwMFRqVnpLV1JR HTTP/1.1" 302 0
INFO 2026-02-13 06:26:01,403 log 38536 6312947712 "GET /o/authorize/?response_type=code&client_id=5kWtcsPK1TeThWvN7gktrTfOsoiVdaY9OMqXEIV0&state=VXk5VGZyWE53RkpWMGp1bWMwcm4ya24yd0FmX1NLUFo1VnYwMFRqVnpLV1JR&redirect_uri=http%3A%2F%2Flocalhost%3A4200&scope=openid%20profile%20email&code_challenge=62t62IpM_07hFgGL1q7w9ewCGkG635xNoGtLy0cahWk&code_challenge_method=S256&nonce=VXk5VGZyWE53RkpWMGp1bWMwcm4ya24yd0FmX1NLUFo1VnYwMFRqVnpLV1JR HTTP/1.1" 200 3899
WARNING 2026-02-13 06:26:01,531 log 38536 6312947712 Not Found: /.well-known/appspecific/com.chrome.devtools.json
WARNING 2026-02-13 06:26:01,531 log 38536 6312947712 "GET /.well-known/appspecific/com.chrome.devtools.json HTTP/1.1" 404 5005
INFO 2026-02-13 06:26:02,844 log 38536 6312947712 "POST /o/authorize/?response_type=code&client_id=5kWtcsPK1TeThWvN7gktrTfOsoiVdaY9OMqXEIV0&state=VXk5VGZyWE53RkpWMGp1bWMwcm4ya24yd0FmX1NLUFo1VnYwMFRqVnpLV1JR&redirect_uri=http%3A%2F%2Flocalhost%3A4200&scope=openid%20profile%20email&code_challenge=62t62IpM_07hFgGL1q7w9ewCGkG635xNoGtLy0cahWk&code_challenge_method=S256&nonce=VXk5VGZyWE53RkpWMGp1bWMwcm4ya24yd0FmX1NLUFo1VnYwMFRqVnpLV1JR HTTP/1.1" 302 0
INFO 2026-02-13 06:26:03,099 log 38536 6329774080 "GET /o/.well-known/openid-configuration HTTP/1.1" 200 762
INFO 2026-02-13 06:26:03,244 validators 38536 6329774080 Token issued for user 1 via local
INFO 2026-02-13 06:26:03,336 signals 38536 6329774080 Access token created for user 1 via client 5kWtcsPK1TeThWvN7gktrTfOsoiVdaY9OMqXEIV0
INFO 2026-02-13 06:26:03,390 log 38536 6329774080 "POST /o/token/ HTTP/1.1" 200 1312
INFO 2026-02-13 06:28:13,543 log 38536 6312947712 "GET /o/authorize/?response_type=code&client_id=5kWtcsPK1TeThWvN7gktrTfOsoiVdaY9OMqXEIV0&state=TDdDTVU0Qjd5YWRUR0c0VGF6OFVKNkw1fjU1ak00THQtWVFrMU04Sm55ZkMt&redirect_uri=http%3A%2F%2Flocalhost%3A4200&scope=openid%20profile%20email&code_challenge=CT6mpNhHWU6xWCHRaDuf1Dhx78SH7vLc0N_VN_o9v0Q&code_challenge_method=S256&nonce=TDdDTVU0Qjd5YWRUR0c0VGF6OFVKNkw1fjU1ak00THQtWVFrMU04Sm55ZkMt HTTP/1.1" 302 0
INFO 2026-02-13 06:28:13,574 log 38536 6312947712 "GET /accounts/login/?next=/o/authorize/%3Fresponse_type%3Dcode%26client_id%3D5kWtcsPK1TeThWvN7gktrTfOsoiVdaY9OMqXEIV0%26state%3DTDdDTVU0Qjd5YWRUR0c0VGF6OFVKNkw1fjU1ak00THQtWVFrMU04Sm55ZkMt%26redirect_uri%3Dhttp%253A%252F%252Flocalhost%253A4200%26scope%3Dopenid%2520profile%2520email%26code_challenge%3DCT6mpNhHWU6xWCHRaDuf1Dhx78SH7vLc0N_VN_o9v0Q%26code_challenge_method%3DS256%26nonce%3DTDdDTVU0Qjd5YWRUR0c0VGF6OFVKNkw1fjU1ak00THQtWVFrMU04Sm55ZkMt HTTP/1.1" 200 8717
WARNING 2026-02-13 06:28:13,679 log 38536 6312947712 Not Found: /.well-known/appspecific/com.chrome.devtools.json
WARNING 2026-02-13 06:28:13,679 log 38536 6312947712 "GET /.well-known/appspecific/com.chrome.devtools.json HTTP/1.1" 404 5005
INFO 2026-02-13 06:28:20,999 log 38536 6312947712 "GET /api/users/register-form/ HTTP/1.1" 200 18947
WARNING 2026-02-13 06:28:21,127 log 38536 6312947712 Not Found: /.well-known/appspecific/com.chrome.devtools.json
WARNING 2026-02-13 06:28:21,128 log 38536 6312947712 "GET /.well-known/appspecific/com.chrome.devtools.json HTTP/1.1" 404 5005
INFO 2026-02-13 06:29:14,341 autoreload 38536 8318492864 /Users/dhrubajyotiborah/Documents/Projects/hcs_sso_with_oidc/apps/core/models.py changed, reloading.
ERROR 2026-02-13 06:29:15,121 apps 47090 8318492864 Failed to register custom backends: argument of type 'module' is not iterable
INFO 2026-02-13 06:29:15,121 apps 47090 8318492864 Enabled providers: Google, Facebook
INFO 2026-02-13 06:29:15,121 apps 47090 8318492864 ✅ Social authentication app initialized successfully
INFO 2026-02-13 06:29:15,129 autoreload 47090 8318492864 Watching for file changes with StatReloader
INFO 2026-02-13 06:34:32,286 log 47090 6203879424 "GET /o/.well-known/openid-configuration HTTP/1.1" 200 762
INFO 2026-02-13 06:34:45,078 log 47090 6203879424 "GET /o/.well-known/openid-configuration HTTP/1.1" 200 762
INFO 2026-02-13 06:35:27,398 log 47090 6220705792 "GET /o/authorize/?response_type=code&client_id=5kWtcsPK1TeThWvN7gktrTfOsoiVdaY9OMqXEIV0&state=dkNheDdTZVZBUlI4YmpMbENnanNMSnZpV2g2OUNsanNHcHVUR2t2dXdZQzhp&redirect_uri=http%3A%2F%2Flocalhost%3A4200&scope=openid%20profile%20email&code_challenge=o5wqjf9WYLXyFv7_nbVCqoquOl0-qeZZ9074IKxX0TQ&code_challenge_method=S256&nonce=dkNheDdTZVZBUlI4YmpMbENnanNMSnZpV2g2OUNsanNHcHVUR2t2dXdZQzhp HTTP/1.1" 302 0
INFO 2026-02-13 06:35:27,481 log 47090 6220705792 "GET /accounts/login/?next=/o/authorize/%3Fresponse_type%3Dcode%26client_id%3D5kWtcsPK1TeThWvN7gktrTfOsoiVdaY9OMqXEIV0%26state%3DdkNheDdTZVZBUlI4YmpMbENnanNMSnZpV2g2OUNsanNHcHVUR2t2dXdZQzhp%26redirect_uri%3Dhttp%253A%252F%252Flocalhost%253A4200%26scope%3Dopenid%2520profile%2520email%26code_challenge%3Do5wqjf9WYLXyFv7_nbVCqoquOl0-qeZZ9074IKxX0TQ%26code_challenge_method%3DS256%26nonce%3DdkNheDdTZVZBUlI4YmpMbENnanNMSnZpV2g2OUNsanNHcHVUR2t2dXdZQzhp HTTP/1.1" 200 8717
WARNING 2026-02-13 06:35:27,673 log 47090 6220705792 Not Found: /.well-known/appspecific/com.chrome.devtools.json
WARNING 2026-02-13 06:35:27,674 log 47090 6220705792 "GET /.well-known/appspecific/com.chrome.devtools.json HTTP/1.1" 404 5005
ERROR 2026-02-16 05:46:18,184 apps 6709 8562434240 Failed to register custom backends: argument of type 'module' is not iterable
INFO 2026-02-16 05:46:18,185 apps 6709 8562434240 Enabled providers: Google, Facebook
INFO 2026-02-16 05:46:18,185 apps 6709 8562434240 ✅ Social authentication app initialized successfully
ERROR 2026-02-16 05:46:18,622 apps 6746 8562434240 Failed to register custom backends: argument of type 'module' is not iterable
INFO 2026-02-16 05:46:18,622 apps 6746 8562434240 Enabled providers: Google, Facebook
INFO 2026-02-16 05:46:18,622 apps 6746 8562434240 ✅ Social authentication app initialized successfully
INFO 2026-02-16 05:46:18,628 autoreload 6746 8562434240 Watching for file changes with StatReloader
INFO 2026-02-16 05:47:03,479 log 6746 6130151424 "GET /o/.well-known/openid-configuration HTTP/1.1" 200 762
INFO 2026-02-16 05:47:03,583 log 6746 6130151424 "GET /o/.well-known/jwks.json HTTP/1.1" 200 474
INFO 2026-02-16 05:47:33,041 log 6746 6146977792 "GET /o/authorize/?response_type=code&client_id=5kWtcsPK1TeThWvN7gktrTfOsoiVdaY9OMqXEIV0&state=RmJKa09sdlFlMXJjRnViWGtmaWxZSzVrMUROVHl6QzFMSVBxWTRxZGZibWN6&redirect_uri=http%3A%2F%2Flocalhost%3A4200&scope=openid%20profile%20email&code_challenge=fR8RKmQJbheJRnZ7phUSv8wr6sDFObarPv-QFBalymo&code_challenge_method=S256&nonce=RmJKa09sdlFlMXJjRnViWGtmaWxZSzVrMUROVHl6QzFMSVBxWTRxZGZibWN6 HTTP/1.1" 302 0
INFO 2026-02-16 05:47:33,189 log 6746 6146977792 "GET /accounts/login/?next=/o/authorize/%3Fresponse_type%3Dcode%26client_id%3D5kWtcsPK1TeThWvN7gktrTfOsoiVdaY9OMqXEIV0%26state%3DRmJKa09sdlFlMXJjRnViWGtmaWxZSzVrMUROVHl6QzFMSVBxWTRxZGZibWN6%26redirect_uri%3Dhttp%253A%252F%252Flocalhost%253A4200%26scope%3Dopenid%2520profile%2520email%26code_challenge%3DfR8RKmQJbheJRnZ7phUSv8wr6sDFObarPv-QFBalymo%26code_challenge_method%3DS256%26nonce%3DRmJKa09sdlFlMXJjRnViWGtmaWxZSzVrMUROVHl6QzFMSVBxWTRxZGZibWN6 HTTP/1.1" 200 8717
WARNING 2026-02-16 05:47:33,450 log 6746 6146977792 Not Found: /favicon.ico
WARNING 2026-02-16 05:47:33,450 log 6746 6146977792 "GET /favicon.ico HTTP/1.1" 404 4857
INFO 2026-02-16 05:48:00,814 log 6746 6130151424 "POST /accounts/login/?next=/o/authorize/%3Fresponse_type%3Dcode%26client_id%3D5kWtcsPK1TeThWvN7gktrTfOsoiVdaY9OMqXEIV0%26state%3DRmJKa09sdlFlMXJjRnViWGtmaWxZSzVrMUROVHl6QzFMSVBxWTRxZGZibWN6%26redirect_uri%3Dhttp%253A%252F%252Flocalhost%253A4200%26scope%3Dopenid%2520profile%2520email%26code_challenge%3DfR8RKmQJbheJRnZ7phUSv8wr6sDFObarPv-QFBalymo%26code_challenge_method%3DS256%26nonce%3DRmJKa09sdlFlMXJjRnViWGtmaWxZSzVrMUROVHl6QzFMSVBxWTRxZGZibWN6 HTTP/1.1" 200 9253
INFO 2026-02-16 05:48:11,572 log 6746 6130151424 "POST /accounts/login/?next=/o/authorize/%3Fresponse_type%3Dcode%26client_id%3D5kWtcsPK1TeThWvN7gktrTfOsoiVdaY9OMqXEIV0%26state%3DRmJKa09sdlFlMXJjRnViWGtmaWxZSzVrMUROVHl6QzFMSVBxWTRxZGZibWN6%26redirect_uri%3Dhttp%253A%252F%252Flocalhost%253A4200%26scope%3Dopenid%2520profile%2520email%26code_challenge%3DfR8RKmQJbheJRnZ7phUSv8wr6sDFObarPv-QFBalymo%26code_challenge_method%3DS256%26nonce%3DRmJKa09sdlFlMXJjRnViWGtmaWxZSzVrMUROVHl6QzFMSVBxWTRxZGZibWN6 HTTP/1.1" 200 9253
INFO 2026-02-16 05:48:18,502 log 6746 6130151424 "POST /accounts/login/?next=/o/authorize/%3Fresponse_type%3Dcode%26client_id%3D5kWtcsPK1TeThWvN7gktrTfOsoiVdaY9OMqXEIV0%26state%3DRmJKa09sdlFlMXJjRnViWGtmaWxZSzVrMUROVHl6QzFMSVBxWTRxZGZibWN6%26redirect_uri%3Dhttp%253A%252F%252Flocalhost%253A4200%26scope%3Dopenid%2520profile%2520email%26code_challenge%3DfR8RKmQJbheJRnZ7phUSv8wr6sDFObarPv-QFBalymo%26code_challenge_method%3DS256%26nonce%3DRmJKa09sdlFlMXJjRnViWGtmaWxZSzVrMUROVHl6QzFMSVBxWTRxZGZibWN6 HTTP/1.1" 302 0
INFO 2026-02-16 05:48:18,619 log 6746 6130151424 "GET /o/authorize/?response_type=code&client_id=5kWtcsPK1TeThWvN7gktrTfOsoiVdaY9OMqXEIV0&state=RmJKa09sdlFlMXJjRnViWGtmaWxZSzVrMUROVHl6QzFMSVBxWTRxZGZibWN6&redirect_uri=http%3A%2F%2Flocalhost%3A4200&scope=openid%20profile%20email&code_challenge=fR8RKmQJbheJRnZ7phUSv8wr6sDFObarPv-QFBalymo&code_challenge_method=S256&nonce=RmJKa09sdlFlMXJjRnViWGtmaWxZSzVrMUROVHl6QzFMSVBxWTRxZGZibWN6 HTTP/1.1" 200 3899
INFO 2026-02-16 05:48:21,738 log 6746 6130151424 "POST /o/authorize/?response_type=code&client_id=5kWtcsPK1TeThWvN7gktrTfOsoiVdaY9OMqXEIV0&state=RmJKa09sdlFlMXJjRnViWGtmaWxZSzVrMUROVHl6QzFMSVBxWTRxZGZibWN6&redirect_uri=http%3A%2F%2Flocalhost%3A4200&scope=openid%20profile%20email&code_challenge=fR8RKmQJbheJRnZ7phUSv8wr6sDFObarPv-QFBalymo&code_challenge_method=S256&nonce=RmJKa09sdlFlMXJjRnViWGtmaWxZSzVrMUROVHl6QzFMSVBxWTRxZGZibWN6 HTTP/1.1" 302 0
INFO 2026-02-16 05:48:21,885 log 6746 6163804160 "GET /o/.well-known/openid-configuration HTTP/1.1" 200 762
INFO 2026-02-16 05:48:22,122 validators 6746 6163804160 Token issued for user 8 via local
INFO 2026-02-16 05:48:22,149 signals 6746 6163804160 Access token created for user 8 via client 5kWtcsPK1TeThWvN7gktrTfOsoiVdaY9OMqXEIV0
INFO 2026-02-16 05:48:22,203 log 6746 6163804160 "POST /o/token/ HTTP/1.1" 200 1387
INFO 2026-02-16 06:36:56,816 log 6746 6130151424 "GET /o/.well-known/openid-configuration HTTP/1.1" 200 762
INFO 2026-02-16 07:28:32,375 log 6746 6130151424 "GET /o/.well-known/openid-configuration HTTP/1.1" 200 762
INFO 2026-02-16 07:28:32,509 log 6746 6130151424 "GET /o/.well-known/jwks.json HTTP/1.1" 200 474
INFO 2026-02-16 08:44:58,658 log 6746 6130151424 "GET /o/.well-known/openid-configuration HTTP/1.1" 200 762
INFO 2026-02-16 08:44:58,714 log 6746 6130151424 "GET /o/.well-known/jwks.json HTTP/1.1" 200 474
INFO 2026-02-16 08:45:01,651 log 6746 6146977792 "GET /o/authorize/?response_type=code&client_id=5kWtcsPK1TeThWvN7gktrTfOsoiVdaY9OMqXEIV0&state=dy5OLVhyMGFjbUdzT1locU9kUU1tWWouTmpuZVIyYXN2eFlaQUY4cU5SM1dm&redirect_uri=http%3A%2F%2Flocalhost%3A4200&scope=openid%20profile%20email&code_challenge=wPfsgEvtXlBKGg-ve-GQIIbvl1KetnKT0jqLSbq9Wo0&code_challenge_method=S256&nonce=dy5OLVhyMGFjbUdzT1locU9kUU1tWWouTmpuZVIyYXN2eFlaQUY4cU5SM1dm HTTP/1.1" 302 0
INFO 2026-02-16 08:45:01,704 log 6746 6146977792 "GET /accounts/login/?next=/o/authorize/%3Fresponse_type%3Dcode%26client_id%3D5kWtcsPK1TeThWvN7gktrTfOsoiVdaY9OMqXEIV0%26state%3Ddy5OLVhyMGFjbUdzT1locU9kUU1tWWouTmpuZVIyYXN2eFlaQUY4cU5SM1dm%26redirect_uri%3Dhttp%253A%252F%252Flocalhost%253A4200%26scope%3Dopenid%2520profile%2520email%26code_challenge%3DwPfsgEvtXlBKGg-ve-GQIIbvl1KetnKT0jqLSbq9Wo0%26code_challenge_method%3DS256%26nonce%3Ddy5OLVhyMGFjbUdzT1locU9kUU1tWWouTmpuZVIyYXN2eFlaQUY4cU5SM1dm HTTP/1.1" 200 8717
INFO 2026-02-16 08:45:22,103 log 6746 6146977792 "POST /accounts/login/?next=/o/authorize/%3Fresponse_type%3Dcode%26client_id%3D5kWtcsPK1TeThWvN7gktrTfOsoiVdaY9OMqXEIV0%26state%3Ddy5OLVhyMGFjbUdzT1locU9kUU1tWWouTmpuZVIyYXN2eFlaQUY4cU5SM1dm%26redirect_uri%3Dhttp%253A%252F%252Flocalhost%253A4200%26scope%3Dopenid%2520profile%2520email%26code_challenge%3DwPfsgEvtXlBKGg-ve-GQIIbvl1KetnKT0jqLSbq9Wo0%26code_challenge_method%3DS256%26nonce%3Ddy5OLVhyMGFjbUdzT1locU9kUU1tWWouTmpuZVIyYXN2eFlaQUY4cU5SM1dm HTTP/1.1" 302 0
INFO 2026-02-16 08:45:22,192 log 6746 6146977792 "GET /o/authorize/?response_type=code&client_id=5kWtcsPK1TeThWvN7gktrTfOsoiVdaY9OMqXEIV0&state=dy5OLVhyMGFjbUdzT1locU9kUU1tWWouTmpuZVIyYXN2eFlaQUY4cU5SM1dm&redirect_uri=http%3A%2F%2Flocalhost%3A4200&scope=openid%20profile%20email&code_challenge=wPfsgEvtXlBKGg-ve-GQIIbvl1KetnKT0jqLSbq9Wo0&code_challenge_method=S256&nonce=dy5OLVhyMGFjbUdzT1locU9kUU1tWWouTmpuZVIyYXN2eFlaQUY4cU5SM1dm HTTP/1.1" 200 3899
INFO 2026-02-16 08:45:24,272 log 6746 6146977792 "POST /o/authorize/?response_type=code&client_id=5kWtcsPK1TeThWvN7gktrTfOsoiVdaY9OMqXEIV0&state=dy5OLVhyMGFjbUdzT1locU9kUU1tWWouTmpuZVIyYXN2eFlaQUY4cU5SM1dm&redirect_uri=http%3A%2F%2Flocalhost%3A4200&scope=openid%20profile%20email&code_challenge=wPfsgEvtXlBKGg-ve-GQIIbvl1KetnKT0jqLSbq9Wo0&code_challenge_method=S256&nonce=dy5OLVhyMGFjbUdzT1locU9kUU1tWWouTmpuZVIyYXN2eFlaQUY4cU5SM1dm HTTP/1.1" 302 0
INFO 2026-02-16 08:45:24,374 log 6746 6130151424 "GET /o/.well-known/openid-configuration HTTP/1.1" 200 762
INFO 2026-02-16 08:45:24,525 validators 6746 6130151424 Token issued for user 8 via local
INFO 2026-02-16 08:45:24,539 signals 6746 6130151424 Access token created for user 8 via client 5kWtcsPK1TeThWvN7gktrTfOsoiVdaY9OMqXEIV0
INFO 2026-02-16 08:45:24,593 log 6746 6130151424 "POST /o/token/ HTTP/1.1" 200 1387
INFO 2026-02-16 08:53:45,333 log 6746 6130151424 "GET /o/.well-known/openid-configuration HTTP/1.1" 200 762
WARNING 2026-02-16 08:53:45,489 log 6746 6130151424 Not Found: /api/cms/notifications/
WARNING 2026-02-16 08:53:45,490 log 6746 6130151424 "GET /api/cms/notifications/?page=1&search_text= HTTP/1.1" 404 7206
WARNING 2026-02-16 08:53:45,498 log 6746 6146977792 Not Found: /api/cms/notifications-category
WARNING 2026-02-16 08:53:45,498 log 6746 6146977792 "GET /api/cms/notifications-category HTTP/1.1" 404 7215
INFO 2026-02-16 08:54:03,665 log 6746 6146977792 "GET /o/.well-known/openid-configuration HTTP/1.1" 200 762
WARNING 2026-02-16 08:54:03,891 log 6746 6146977792 Not Found: /api/cms/notifications/
WARNING 2026-02-16 08:54:03,892 log 6746 6146977792 "GET /api/cms/notifications/?page=1&search_text= HTTP/1.1" 404 7206
WARNING 2026-02-16 08:54:03,892 log 6746 6130151424 Not Found: /api/cms/notifications-category
WARNING 2026-02-16 08:54:03,893 log 6746 6130151424 "GET /api/cms/notifications-category HTTP/1.1" 404 7215
WARNING 2026-02-16 08:54:50,070 log 6746 6146977792 Not Found: /api/cms/notifications-category
WARNING 2026-02-16 08:54:50,071 log 6746 6130151424 Not Found: /api/cms/notifications/
WARNING 2026-02-16 08:54:50,071 log 6746 6130151424 "GET /api/cms/notifications/?page=1&search_text= HTTP/1.1" 404 7206
WARNING 2026-02-16 08:54:50,071 log 6746 6146977792 "GET /api/cms/notifications-category HTTP/1.1" 404 7215
INFO 2026-02-16 09:11:43,798 log 6746 6130151424 "GET /o/.well-known/openid-configuration HTTP/1.1" 200 762
INFO 2026-02-16 09:11:43,895 log 6746 6130151424 "GET /o/.well-known/jwks.json HTTP/1.1" 200 474
WARNING 2026-02-16 09:11:43,961 log 6746 6163804160 Not Found: /api/cms/events
WARNING 2026-02-16 09:11:43,962 log 6746 6163804160 "GET /api/cms/events HTTP/1.1" 404 7151
WARNING 2026-02-16 09:11:43,968 log 6746 6146977792 Not Found: /api/cms/notifications/
WARNING 2026-02-16 09:11:43,968 log 6746 6180630528 Not Found: /api/cms/important-links
WARNING 2026-02-16 09:11:43,969 log 6746 6146977792 "GET /api/cms/notifications/?page=1&search_text= HTTP/1.1" 404 7206
WARNING 2026-02-16 09:11:43,969 log 6746 6180630528 "GET /api/cms/important-links HTTP/1.1" 404 7187
WARNING 2026-02-16 09:11:43,973 log 6746 6197456896 Not Found: /api/cms/holiday-lists
WARNING 2026-02-16 09:11:43,974 log 6746 6197456896 "GET /api/cms/holiday-lists?page=&year=2026 HTTP/1.1" 404 7199
INFO 2026-02-16 09:11:45,911 log 6746 6214283264 "GET /o/authorize/?response_type=code&client_id=5kWtcsPK1TeThWvN7gktrTfOsoiVdaY9OMqXEIV0&state=b0tnaExla0h1OTFvN1kxWkhRbXp5MFVlWnAuN0Q5LjcyV2ROSH5kNmRsVW1N&redirect_uri=http%3A%2F%2Flocalhost%3A4200&scope=openid%20profile%20email&code_challenge=kzWuLJ61gmsmdIT3eF6NnRvGSApQYm-Ve-J3UGnb910&code_challenge_method=S256&nonce=b0tnaExla0h1OTFvN1kxWkhRbXp5MFVlWnAuN0Q5LjcyV2ROSH5kNmRsVW1N HTTP/1.1" 200 3899
INFO 2026-02-16 09:11:47,571 log 6746 6214283264 "POST /o/authorize/?response_type=code&client_id=5kWtcsPK1TeThWvN7gktrTfOsoiVdaY9OMqXEIV0&state=b0tnaExla0h1OTFvN1kxWkhRbXp5MFVlWnAuN0Q5LjcyV2ROSH5kNmRsVW1N&redirect_uri=http%3A%2F%2Flocalhost%3A4200&scope=openid%20profile%20email&code_challenge=kzWuLJ61gmsmdIT3eF6NnRvGSApQYm-Ve-J3UGnb910&code_challenge_method=S256&nonce=b0tnaExla0h1OTFvN1kxWkhRbXp5MFVlWnAuN0Q5LjcyV2ROSH5kNmRsVW1N HTTP/1.1" 302 0
INFO 2026-02-16 09:11:47,692 log 6746 6197456896 "GET /o/.well-known/openid-configuration HTTP/1.1" 200 762
INFO 2026-02-16 09:11:47,775 validators 6746 6197456896 Token issued for user 8 via local
INFO 2026-02-16 09:11:47,783 signals 6746 6197456896 Access token created for user 8 via client 5kWtcsPK1TeThWvN7gktrTfOsoiVdaY9OMqXEIV0
INFO 2026-02-16 09:11:47,830 log 6746 6197456896 "POST /o/token/ HTTP/1.1" 200 1387
WARNING 2026-02-16 09:11:47,922 log 6746 6146977792 Not Found: /api/cms/important-links
WARNING 2026-02-16 09:11:47,923 log 6746 6146977792 "GET /api/cms/important-links HTTP/1.1" 404 7187
WARNING 2026-02-16 09:11:47,926 log 6746 6163804160 Not Found: /api/cms/holiday-lists
WARNING 2026-02-16 09:11:47,926 log 6746 6163804160 "GET /api/cms/holiday-lists?page=&year=2026 HTTP/1.1" 404 7199
WARNING 2026-02-16 09:11:47,926 log 6746 6197456896 Not Found: /api/cms/notifications/
WARNING 2026-02-16 09:11:47,926 log 6746 6197456896 "GET /api/cms/notifications/?page=1&search_text= HTTP/1.1" 404 7206
WARNING 2026-02-16 09:11:47,932 log 6746 6180630528 Not Found: /api/cms/events
WARNING 2026-02-16 09:11:47,932 log 6746 6180630528 "GET /api/cms/events HTTP/1.1" 404 7151
INFO 2026-02-16 09:13:02,137 log 6746 6214283264 "GET /o/authorize/?response_type=code&client_id=5kWtcsPK1TeThWvN7gktrTfOsoiVdaY9OMqXEIV0&state=OC55aElENEpWZDFhLi1CeUdoUTFMeWZ6cVl2NFJqOHZ3TW1HZ0FxLmNxekwz&redirect_uri=http%3A%2F%2Flocalhost%3A4200&scope=openid%20profile%20email&code_challenge=T46Y1ASJ8aEyAlk-bjbsqIOjynG8qf72H9uOt92Jg5Y&code_challenge_method=S256&nonce=OC55aElENEpWZDFhLi1CeUdoUTFMeWZ6cVl2NFJqOHZ3TW1HZ0FxLmNxekwz HTTP/1.1" 200 3899
INFO 2026-02-16 09:42:41,884 log 6746 6130151424 "GET /o/.well-known/openid-configuration HTTP/1.1" 200 762
INFO 2026-02-16 09:48:43,507 log 6746 6130151424 "GET /o/.well-known/openid-configuration HTTP/1.1" 200 762
INFO 2026-02-16 09:48:43,654 log 6746 6130151424 "GET /o/.well-known/jwks.json HTTP/1.1" 200 474
WARNING 2026-02-16 09:48:43,680 log 6746 6146977792 Not Found: /api/cms/notifications/
WARNING 2026-02-16 09:48:43,681 log 6746 6146977792 "GET /api/cms/notifications/?page=1&search_text= HTTP/1.1" 404 7206
WARNING 2026-02-16 09:48:43,686 log 6746 6163804160 Not Found: /api/cms/notifications-category
WARNING 2026-02-16 09:48:43,686 log 6746 6163804160 "GET /api/cms/notifications-category HTTP/1.1" 404 7215
INFO 2026-02-16 10:03:21,507 log 6746 6130151424 "GET /o/.well-known/openid-configuration HTTP/1.1" 200 762
INFO 2026-02-16 10:04:18,463 log 6746 6130151424 "GET /o/.well-known/openid-configuration HTTP/1.1" 200 762
WARNING 2026-02-16 10:04:18,594 log 6746 6130151424 Not Found: /api/cms/notifications/
WARNING 2026-02-16 10:04:18,595 log 6746 6146977792 Not Found: /api/cms/notifications-category
WARNING 2026-02-16 10:04:18,595 log 6746 6130151424 "GET /api/cms/notifications/?page=1&search_text= HTTP/1.1" 404 7206
WARNING 2026-02-16 10:04:18,596 log 6746 6146977792 "GET /api/cms/notifications-category HTTP/1.1" 404 7215
INFO 2026-02-16 10:05:48,449 log 6746 6146977792 "GET /o/.well-known/openid-configuration HTTP/1.1" 200 762
INFO 2026-02-16 10:11:16,581 log 6746 6129577984 "GET /o/.well-known/openid-configuration HTTP/1.1" 200 762
WARNING 2026-02-16 10:11:16,742 log 6746 6146404352 Not Found: /api/cms/notifications-category
WARNING 2026-02-16 10:11:16,742 log 6746 6146404352 "GET /api/cms/notifications-category HTTP/1.1" 404 7215
WARNING 2026-02-16 10:11:16,752 log 6746 6129577984 Not Found: /api/cms/notifications/
WARNING 2026-02-16 10:11:16,753 log 6746 6129577984 "GET /api/cms/notifications/?page=1&search_text= HTTP/1.1" 404 7206
INFO 2026-02-16 10:11:50,426 log 6746 6129577984 "GET /o/.well-known/openid-configuration HTTP/1.1" 200 762
INFO 2026-02-16 10:13:52,415 log 6746 6129577984 "GET /o/.well-known/openid-configuration HTTP/1.1" 200 762
WARNING 2026-02-16 10:13:52,586 log 6746 6146404352 Not Found: /api/cms/notifications-category
WARNING 2026-02-16 10:13:52,587 log 6746 6146404352 "GET /api/cms/notifications-category HTTP/1.1" 404 7215
WARNING 2026-02-16 10:13:52,591 log 6746 6129577984 Not Found: /api/cms/notifications/
WARNING 2026-02-16 10:13:52,592 log 6746 6129577984 "GET /api/cms/notifications/?page=1&search_text= HTTP/1.1" 404 7206
INFO 2026-02-16 10:14:20,429 log 6746 6129577984 "GET /o/.well-known/openid-configuration HTTP/1.1" 200 762
INFO 2026-02-16 11:24:29,882 log 6746 6129577984 "GET /o/.well-known/openid-configuration HTTP/1.1" 200 762
INFO 2026-02-16 11:24:30,042 log 6746 6129577984 "GET /o/.well-known/jwks.json HTTP/1.1" 200 474
INFO 2026-02-17 05:20:04,380 log 6746 6129577984 "GET /o/.well-known/openid-configuration HTTP/1.1" 200 762
INFO 2026-02-17 05:20:04,431 log 6746 6129577984 "GET /o/.well-known/jwks.json HTTP/1.1" 200 474
INFO 2026-02-17 06:08:29,498 log 6746 6129577984 "POST /o/authorize/?response_type=code&client_id=5kWtcsPK1TeThWvN7gktrTfOsoiVdaY9OMqXEIV0&state=OC55aElENEpWZDFhLi1CeUdoUTFMeWZ6cVl2NFJqOHZ3TW1HZ0FxLmNxekwz&redirect_uri=http%3A%2F%2Flocalhost%3A4200&scope=openid%20profile%20email&code_challenge=T46Y1ASJ8aEyAlk-bjbsqIOjynG8qf72H9uOt92Jg5Y&code_challenge_method=S256&nonce=OC55aElENEpWZDFhLi1CeUdoUTFMeWZ6cVl2NFJqOHZ3TW1HZ0FxLmNxekwz HTTP/1.1" 302 0
INFO 2026-02-17 06:08:29,556 log 6746 6129577984 "GET /accounts/login/?next=/o/authorize/%3Fresponse_type%3Dcode%26client_id%3D5kWtcsPK1TeThWvN7gktrTfOsoiVdaY9OMqXEIV0%26state%3DOC55aElENEpWZDFhLi1CeUdoUTFMeWZ6cVl2NFJqOHZ3TW1HZ0FxLmNxekwz%26redirect_uri%3Dhttp%253A%252F%252Flocalhost%253A4200%26scope%3Dopenid%2520profile%2520email%26code_challenge%3DT46Y1ASJ8aEyAlk-bjbsqIOjynG8qf72H9uOt92Jg5Y%26code_challenge_method%3DS256%26nonce%3DOC55aElENEpWZDFhLi1CeUdoUTFMeWZ6cVl2NFJqOHZ3TW1HZ0FxLmNxekwz HTTP/1.1" 200 8717
INFO 2026-02-17 06:08:39,892 log 6746 6129577984 "POST /accounts/login/?next=/o/authorize/%3Fresponse_type%3Dcode%26client_id%3D5kWtcsPK1TeThWvN7gktrTfOsoiVdaY9OMqXEIV0%26state%3DOC55aElENEpWZDFhLi1CeUdoUTFMeWZ6cVl2NFJqOHZ3TW1HZ0FxLmNxekwz%26redirect_uri%3Dhttp%253A%252F%252Flocalhost%253A4200%26scope%3Dopenid%2520profile%2520email%26code_challenge%3DT46Y1ASJ8aEyAlk-bjbsqIOjynG8qf72H9uOt92Jg5Y%26code_challenge_method%3DS256%26nonce%3DOC55aElENEpWZDFhLi1CeUdoUTFMeWZ6cVl2NFJqOHZ3TW1HZ0FxLmNxekwz HTTP/1.1" 302 0
INFO 2026-02-17 06:08:39,954 log 6746 6129577984 "GET /o/authorize/?response_type=code&client_id=5kWtcsPK1TeThWvN7gktrTfOsoiVdaY9OMqXEIV0&state=OC55aElENEpWZDFhLi1CeUdoUTFMeWZ6cVl2NFJqOHZ3TW1HZ0FxLmNxekwz&redirect_uri=http%3A%2F%2Flocalhost%3A4200&scope=openid%20profile%20email&code_challenge=T46Y1ASJ8aEyAlk-bjbsqIOjynG8qf72H9uOt92Jg5Y&code_challenge_method=S256&nonce=OC55aElENEpWZDFhLi1CeUdoUTFMeWZ6cVl2NFJqOHZ3TW1HZ0FxLmNxekwz HTTP/1.1" 200 3899
INFO 2026-02-17 06:08:43,384 log 6746 6129577984 "POST /o/authorize/?response_type=code&client_id=5kWtcsPK1TeThWvN7gktrTfOsoiVdaY9OMqXEIV0&state=OC55aElENEpWZDFhLi1CeUdoUTFMeWZ6cVl2NFJqOHZ3TW1HZ0FxLmNxekwz&redirect_uri=http%3A%2F%2Flocalhost%3A4200&scope=openid%20profile%20email&code_challenge=T46Y1ASJ8aEyAlk-bjbsqIOjynG8qf72H9uOt92Jg5Y&code_challenge_method=S256&nonce=OC55aElENEpWZDFhLi1CeUdoUTFMeWZ6cVl2NFJqOHZ3TW1HZ0FxLmNxekwz HTTP/1.1" 302 0
INFO 2026-02-17 06:08:43,562 log 6746 6164377600 "GET /o/.well-known/openid-configuration HTTP/1.1" 200 762
INFO 2026-02-17 06:08:43,591 log 6746 6164377600 "GET /o/.well-known/jwks.json HTTP/1.1" 200 474
INFO 2026-02-17 06:08:43,657 validators 6746 6164377600 Token issued for user 8 via local
INFO 2026-02-17 06:08:43,673 signals 6746 6164377600 Access token created for user 8 via client 5kWtcsPK1TeThWvN7gktrTfOsoiVdaY9OMqXEIV0
INFO 2026-02-17 06:08:43,714 log 6746 6164377600 "POST /o/token/ HTTP/1.1" 200 1387
INFO 2026-02-17 06:08:58,657 log 6746 6164377600 "GET /o/.well-known/openid-configuration HTTP/1.1" 200 762
INFO 2026-02-17 06:11:06,119 log 6746 6164377600 "GET /o/.well-known/openid-configuration HTTP/1.1" 200 762
INFO 2026-02-17 06:11:15,757 log 6746 6164377600 "GET /o/.well-known/openid-configuration HTTP/1.1" 200 762
INFO 2026-02-17 06:12:35,219 log 6746 6164377600 "GET /o/.well-known/openid-configuration HTTP/1.1" 200 762
INFO 2026-02-17 06:16:26,265 log 6746 6164377600 "GET /o/.well-known/openid-configuration HTTP/1.1" 200 762
INFO 2026-02-17 06:16:26,266 log 6746 6129577984 "GET /o/.well-known/openid-configuration HTTP/1.1" 200 762
INFO 2026-02-17 06:17:20,157 log 6746 6164377600 "GET /o/.well-known/openid-configuration HTTP/1.1" 200 762
INFO 2026-02-17 06:18:48,319 log 6746 6129577984 "GET /o/.well-known/openid-configuration HTTP/1.1" 200 762
INFO 2026-02-17 06:18:50,886 log 6746 6146404352 "GET /o/authorize/?response_type=code&client_id=5kWtcsPK1TeThWvN7gktrTfOsoiVdaY9OMqXEIV0&state=U1VNNUo2WklfbnlCcHdEbHh0azZVSzRZaXE0TWVmcHZSYmpnVEpVMGFkTX55&redirect_uri=http%3A%2F%2Flocalhost%3A4200&scope=openid%20profile%20email&code_challenge=L3JNfgoqEhDLlbZdTLtOGRvMNmXVri5PlwHlbJQuFjU&code_challenge_method=S256&nonce=U1VNNUo2WklfbnlCcHdEbHh0azZVSzRZaXE0TWVmcHZSYmpnVEpVMGFkTX55 HTTP/1.1" 200 3899
WARNING 2026-02-17 06:18:50,993 log 6746 6146404352 Not Found: /.well-known/appspecific/com.chrome.devtools.json
WARNING 2026-02-17 06:18:50,993 log 6746 6146404352 "GET /.well-known/appspecific/com.chrome.devtools.json HTTP/1.1" 404 5005
INFO 2026-02-17 06:18:52,655 log 6746 6146404352 "POST /o/authorize/?response_type=code&client_id=5kWtcsPK1TeThWvN7gktrTfOsoiVdaY9OMqXEIV0&state=U1VNNUo2WklfbnlCcHdEbHh0azZVSzRZaXE0TWVmcHZSYmpnVEpVMGFkTX55&redirect_uri=http%3A%2F%2Flocalhost%3A4200&scope=openid%20profile%20email&code_challenge=L3JNfgoqEhDLlbZdTLtOGRvMNmXVri5PlwHlbJQuFjU&code_challenge_method=S256&nonce=U1VNNUo2WklfbnlCcHdEbHh0azZVSzRZaXE0TWVmcHZSYmpnVEpVMGFkTX55 HTTP/1.1" 302 0
INFO 2026-02-17 06:18:52,868 log 6746 6129577984 "GET /o/.well-known/openid-configuration HTTP/1.1" 200 762
INFO 2026-02-17 06:18:53,110 validators 6746 6129577984 Token issued for user 8 via local
INFO 2026-02-17 06:18:53,117 signals 6746 6129577984 Access token created for user 8 via client 5kWtcsPK1TeThWvN7gktrTfOsoiVdaY9OMqXEIV0
INFO 2026-02-17 06:18:53,155 log 6746 6129577984 "POST /o/token/ HTTP/1.1" 200 1387
INFO 2026-02-17 06:21:21,822 log 6746 6129577984 "GET /o/.well-known/openid-configuration HTTP/1.1" 200 762
INFO 2026-02-17 06:21:33,674 log 6746 6129577984 "GET /o/.well-known/openid-configuration HTTP/1.1" 200 762
INFO 2026-02-17 06:21:37,554 log 6746 6129577984 "GET /o/.well-known/openid-configuration HTTP/1.1" 200 762
INFO 2026-02-17 06:32:01,179 log 6746 6129577984 "GET /o/.well-known/openid-configuration HTTP/1.1" 200 762
INFO 2026-02-17 06:33:02,222 log 6746 6129577984 "GET /o/.well-known/openid-configuration HTTP/1.1" 200 762
INFO 2026-02-17 06:42:08,859 log 6746 6129577984 "GET /o/.well-known/openid-configuration HTTP/1.1" 200 762
INFO 2026-02-17 06:42:29,093 log 6746 6129577984 "GET /o/.well-known/openid-configuration HTTP/1.1" 200 762
INFO 2026-02-17 06:43:15,245 log 6746 6129577984 "GET /o/.well-known/openid-configuration HTTP/1.1" 200 762
INFO 2026-02-17 06:48:34,913 log 6746 6129577984 "GET /o/.well-known/openid-configuration HTTP/1.1" 200 762
INFO 2026-02-17 06:54:50,899 log 6746 6129577984 "GET /o/.well-known/openid-configuration HTTP/1.1" 200 762
INFO 2026-02-17 06:55:01,696 log 6746 6129577984 "GET /o/.well-known/openid-configuration HTTP/1.1" 200 762
INFO 2026-02-17 06:57:52,441 log 6746 6129577984 "GET /o/.well-known/openid-configuration HTTP/1.1" 200 762
INFO 2026-02-17 07:11:53,345 log 6746 6129577984 "GET /o/.well-known/openid-configuration HTTP/1.1" 200 762
INFO 2026-02-17 07:11:53,430 log 6746 6129577984 "GET /o/.well-known/jwks.json HTTP/1.1" 200 474
INFO 2026-02-17 07:12:10,757 log 6746 6129577984 "GET /o/.well-known/openid-configuration HTTP/1.1" 200 762
INFO 2026-02-17 07:13:23,634 log 6746 6129577984 "GET /o/.well-known/openid-configuration HTTP/1.1" 200 762
INFO 2026-02-17 07:25:49,709 log 6746 6129577984 "OPTIONS /o/.well-known/openid-configuration HTTP/1.1" 200 0
INFO 2026-02-17 07:25:50,292 log 6746 6129577984 "GET /o/.well-known/openid-configuration HTTP/1.1" 200 762
INFO 2026-02-17 07:25:50,310 log 6746 6129577984 "OPTIONS /o/.well-known/jwks.json HTTP/1.1" 200 0
INFO 2026-02-17 07:25:50,344 log 6746 6129577984 "GET /o/.well-known/jwks.json HTTP/1.1" 200 474
INFO 2026-02-17 07:26:28,254 log 6746 6129577984 "GET /o/.well-known/openid-configuration HTTP/1.1" 200 762
INFO 2026-02-17 07:26:45,538 log 6746 6129577984 "GET /o/.well-known/openid-configuration HTTP/1.1" 200 762
INFO 2026-02-17 07:29:19,903 log 6746 6129577984 "GET /o/.well-known/openid-configuration HTTP/1.1" 200 762
INFO 2026-02-17 07:29:45,629 log 6746 6129577984 "GET /o/.well-known/openid-configuration HTTP/1.1" 200 762
INFO 2026-02-17 08:52:40,601 log 6746 6129577984 "GET /o/authorize/?response_type=code&client_id=5kWtcsPK1TeThWvN7gktrTfOsoiVdaY9OMqXEIV0&state=ZGFMeHRRbklscFZfWTVKS0lGWl80X3kxVlJXcUN5MGJBTDVwbV9LYm1majlK&redirect_uri=http%3A%2F%2Flocalhost%3A4200&scope=openid%20profile%20email&code_challenge=tgBtIZKC_Wm4_TcN9SzlTGqlELu7FS7rndvYYfkUuSI&code_challenge_method=S256&nonce=ZGFMeHRRbklscFZfWTVKS0lGWl80X3kxVlJXcUN5MGJBTDVwbV9LYm1majlK HTTP/1.1" 200 3899
WARNING 2026-02-17 08:52:40,754 log 6746 6129577984 Not Found: /.well-known/appspecific/com.chrome.devtools.json
WARNING 2026-02-17 08:52:40,754 log 6746 6129577984 "GET /.well-known/appspecific/com.chrome.devtools.json HTTP/1.1" 404 5005
INFO 2026-02-17 08:52:42,452 log 6746 6129577984 "POST /o/authorize/?response_type=code&client_id=5kWtcsPK1TeThWvN7gktrTfOsoiVdaY9OMqXEIV0&state=ZGFMeHRRbklscFZfWTVKS0lGWl80X3kxVlJXcUN5MGJBTDVwbV9LYm1majlK&redirect_uri=http%3A%2F%2Flocalhost%3A4200&scope=openid%20profile%20email&code_challenge=tgBtIZKC_Wm4_TcN9SzlTGqlELu7FS7rndvYYfkUuSI&code_challenge_method=S256&nonce=ZGFMeHRRbklscFZfWTVKS0lGWl80X3kxVlJXcUN5MGJBTDVwbV9LYm1majlK HTTP/1.1" 302 0
INFO 2026-02-17 08:52:42,867 log 6746 6164377600 "GET /o/.well-known/openid-configuration HTTP/1.1" 200 762
INFO 2026-02-17 08:52:42,904 log 6746 6164377600 "OPTIONS /o/token/ HTTP/1.1" 200 0
INFO 2026-02-17 08:52:43,111 log 6746 6181203968 "GET /o/.well-known/jwks.json HTTP/1.1" 200 474
INFO 2026-02-17 08:52:43,191 validators 6746 6164377600 Token issued for user 8 via local
INFO 2026-02-17 08:52:43,221 signals 6746 6164377600 Access token created for user 8 via client 5kWtcsPK1TeThWvN7gktrTfOsoiVdaY9OMqXEIV0
INFO 2026-02-17 08:52:43,295 log 6746 6164377600 "POST /o/token/ HTTP/1.1" 200 1387
INFO 2026-02-17 08:54:58,867 log 6746 6129577984 "GET /o/authorize/?response_type=code&client_id=5kWtcsPK1TeThWvN7gktrTfOsoiVdaY9OMqXEIV0&state=VHd6SFd4elI1OEV5akF3RVhoSkJXYUtUUXFuQ0U5OUxfWGRvRVZzbElJR3VK&redirect_uri=http%3A%2F%2Flocalhost%3A4200&scope=openid%20profile%20email&code_challenge=6Yp6HG-TCbYFnXzOcF-Uj4mXw5QpkepP8YrqDKKcfjU&code_challenge_method=S256&nonce=VHd6SFd4elI1OEV5akF3RVhoSkJXYUtUUXFuQ0U5OUxfWGRvRVZzbElJR3VK HTTP/1.1" 200 3899
WARNING 2026-02-17 08:54:59,053 log 6746 6129577984 Not Found: /.well-known/appspecific/com.chrome.devtools.json
WARNING 2026-02-17 08:54:59,053 log 6746 6129577984 "GET /.well-known/appspecific/com.chrome.devtools.json HTTP/1.1" 404 5005
INFO 2026-02-17 08:55:00,680 log 6746 6129577984 "POST /o/authorize/?response_type=code&client_id=5kWtcsPK1TeThWvN7gktrTfOsoiVdaY9OMqXEIV0&state=VHd6SFd4elI1OEV5akF3RVhoSkJXYUtUUXFuQ0U5OUxfWGRvRVZzbElJR3VK&redirect_uri=http%3A%2F%2Flocalhost%3A4200&scope=openid%20profile%20email&code_challenge=6Yp6HG-TCbYFnXzOcF-Uj4mXw5QpkepP8YrqDKKcfjU&code_challenge_method=S256&nonce=VHd6SFd4elI1OEV5akF3RVhoSkJXYUtUUXFuQ0U5OUxfWGRvRVZzbElJR3VK HTTP/1.1" 302 0
INFO 2026-02-17 08:55:00,923 log 6746 6164377600 "GET /o/.well-known/openid-configuration HTTP/1.1" 200 762
INFO 2026-02-17 08:55:01,098 log 6746 6164377600 "GET /o/.well-known/jwks.json HTTP/1.1" 200 474
INFO 2026-02-17 08:55:01,183 validators 6746 6164377600 Token issued for user 8 via local
INFO 2026-02-17 08:55:01,190 signals 6746 6164377600 Access token created for user 8 via client 5kWtcsPK1TeThWvN7gktrTfOsoiVdaY9OMqXEIV0
INFO 2026-02-17 08:55:01,241 log 6746 6164377600 "POST /o/token/ HTTP/1.1" 200 1387
INFO 2026-02-17 09:07:47,231 log 6746 6129577984 "GET /o/.well-known/openid-configuration HTTP/1.1" 200 762
INFO 2026-02-17 09:07:47,288 log 6746 6129577984 "GET /o/.well-known/jwks.json HTTP/1.1" 200 474
INFO 2026-02-17 09:07:51,508 log 6746 6146404352 "GET / HTTP/1.1" 200 5452
INFO 2026-02-17 09:07:53,900 log 6746 6146404352 "GET /admin/ HTTP/1.1" 302 0
INFO 2026-02-17 09:07:54,116 log 6746 6146404352 "GET /admin/login/?next=/admin/ HTTP/1.1" 200 3602
INFO 2026-02-17 09:07:54,150 log 6746 6164377600 "GET /static/admin/css/dark_mode.css HTTP/1.1" 304 0
INFO 2026-02-17 09:07:54,150 log 6746 6181203968 "GET /static/admin/css/login.css HTTP/1.1" 304 0
INFO 2026-02-17 09:07:54,150 log 6746 6146404352 "GET /static/admin/js/theme.js HTTP/1.1" 304 0
INFO 2026-02-17 09:07:54,152 log 6746 6198030336 "GET /static/admin/css/nav_sidebar.css HTTP/1.1" 304 0
INFO 2026-02-17 09:07:54,152 log 6746 6214856704 "GET /static/admin/css/base.css HTTP/1.1" 304 0
INFO 2026-02-17 09:07:54,152 log 6746 6231683072 "GET /static/admin/css/responsive.css HTTP/1.1" 304 0
INFO 2026-02-17 09:07:54,160 log 6746 6231683072 "GET /static/admin/js/nav_sidebar.js HTTP/1.1" 304 0
INFO 2026-02-17 09:08:00,336 log 6746 6231683072 "POST /admin/login/?next=/admin/ HTTP/1.1" 302 0
INFO 2026-02-17 09:08:00,431 log 6746 6231683072 "GET /admin/ HTTP/1.1" 200 15025
INFO 2026-02-17 09:08:00,478 log 6746 6231683072 "GET /static/admin/css/dashboard.css HTTP/1.1" 304 0
INFO 2026-02-17 09:08:00,479 log 6746 6214856704 "GET /static/admin/img/icon-addlink.svg HTTP/1.1" 304 0
INFO 2026-02-17 09:08:00,480 log 6746 6198030336 "GET /static/admin/img/icon-changelink.svg HTTP/1.1" 304 0
INFO 2026-02-17 09:08:04,284 log 6746 6198030336 "GET /admin/oauth2_provider/application/ HTTP/1.1" 200 17731
INFO 2026-02-17 09:08:04,318 log 6746 6214856704 "GET /static/admin/css/changelists.css HTTP/1.1" 304 0
INFO 2026-02-17 09:08:04,320 log 6746 6146404352 "GET /static/admin/js/jquery.init.js HTTP/1.1" 304 0
INFO 2026-02-17 09:08:04,320 log 6746 6231683072 "GET /static/admin/js/vendor/jquery/jquery.js HTTP/1.1" 304 0
INFO 2026-02-17 09:08:04,321 log 6746 6181203968 "GET /static/admin/js/admin/RelatedObjectLookups.js HTTP/1.1" 304 0
INFO 2026-02-17 09:08:04,324 log 6746 6146404352 "GET /static/admin/js/core.js HTTP/1.1" 304 0
INFO 2026-02-17 09:08:04,326 log 6746 6231683072 "GET /static/admin/js/actions.js HTTP/1.1" 304 0
INFO 2026-02-17 09:08:04,327 log 6746 6181203968 "GET /static/admin/js/prepopulate.js HTTP/1.1" 304 0
INFO 2026-02-17 09:08:04,327 log 6746 6164377600 "GET /static/admin/js/urlify.js HTTP/1.1" 304 0
INFO 2026-02-17 09:08:04,334 log 6746 6214856704 "GET /static/admin/js/vendor/xregexp/xregexp.js HTTP/1.1" 304 0
INFO 2026-02-17 09:08:04,337 log 6746 6231683072 "GET /static/admin/img/search.svg HTTP/1.1" 304 0
INFO 2026-02-17 09:08:04,347 log 6746 6231683072 "GET /static/admin/js/filters.js HTTP/1.1" 304 0
INFO 2026-02-17 09:08:04,379 log 6746 6198030336 "GET /admin/jsi18n/ HTTP/1.1" 200 3342
INFO 2026-02-17 09:08:04,398 log 6746 6198030336 "GET /static/admin/img/tooltag-add.svg HTTP/1.1" 304 0
INFO 2026-02-17 09:08:04,398 log 6746 6231683072 "GET /static/admin/img/icon-viewlink.svg HTTP/1.1" 304 0
INFO 2026-02-17 09:08:15,328 log 6746 6231683072 "GET /admin/oauth2_provider/application/add/ HTTP/1.1" 200 24672
INFO 2026-02-17 09:08:15,377 log 6746 6198030336 "GET /static/admin/js/prepopulate_init.js HTTP/1.1" 304 0
INFO 2026-02-17 09:08:15,379 log 6746 6214856704 "GET /static/admin/css/forms.css HTTP/1.1" 304 0
INFO 2026-02-17 09:08:15,384 log 6746 6214856704 "GET /static/admin/js/change_form.js HTTP/1.1" 304 0
INFO 2026-02-17 09:08:15,386 log 6746 6198030336 "GET /static/admin/css/widgets.css HTTP/1.1" 304 0
INFO 2026-02-17 09:08:15,418 log 6746 6231683072 "GET /admin/jsi18n/ HTTP/1.1" 200 3342
INFO 2026-02-17 09:17:18,413 log 6746 6129577984 "POST /admin/oauth2_provider/application/add/ HTTP/1.1" 302 0
INFO 2026-02-17 09:17:18,508 log 6746 6129577984 "GET /admin/oauth2_provider/application/ HTTP/1.1" 200 18427
INFO 2026-02-17 09:17:18,644 log 6746 6129577984 "GET /admin/jsi18n/ HTTP/1.1" 200 3342
INFO 2026-02-17 09:17:18,660 log 6746 6129577984 "GET /static/admin/img/icon-yes.svg HTTP/1.1" 304 0
INFO 2026-02-17 09:17:24,362 log 6746 6129577984 "GET /admin/oauth2_provider/application/3/change/ HTTP/1.1" 200 25086
INFO 2026-02-17 09:17:24,450 log 6746 6129577984 "GET /admin/jsi18n/ HTTP/1.1" 200 3342
INFO 2026-02-17 09:17:24,460 log 6746 6129577984 "GET /static/admin/img/tooltag-arrowright.svg HTTP/1.1" 304 0
INFO 2026-02-17 09:18:01,609 log 6746 6129577984 "GET /admin/oauth2_provider/application/ HTTP/1.1" 200 18200
INFO 2026-02-17 09:18:01,705 log 6746 6129577984 "GET /admin/jsi18n/ HTTP/1.1" 200 3342
INFO 2026-02-17 09:18:03,158 log 6746 6129577984 "GET /admin/oauth2_provider/application/3/change/ HTTP/1.1" 200 25086
INFO 2026-02-17 09:18:03,209 log 6746 6129577984 "GET /admin/jsi18n/ HTTP/1.1" 200 3342
INFO 2026-02-17 09:18:38,547 log 6746 6129577984 "GET /admin/oauth2_provider/application/ HTTP/1.1" 200 18200
INFO 2026-02-17 09:18:38,632 log 6746 6129577984 "GET /admin/jsi18n/ HTTP/1.1" 200 3342
INFO 2026-02-17 09:18:55,862 log 6746 6129577984 "GET /admin/oauth2_provider/idtoken/ HTTP/1.1" 200 28216
INFO 2026-02-17 09:18:55,940 log 6746 6129577984 "GET /admin/jsi18n/ HTTP/1.1" 200 3342
INFO 2026-02-17 09:19:18,587 log 6746 6129577984 "POST /admin/oauth2_provider/idtoken/ HTTP/1.1" 200 20401
INFO 2026-02-17 09:19:18,619 log 6746 6129577984 "GET /static/admin/js/cancel.js HTTP/1.1" 200 884
INFO 2026-02-17 09:19:26,754 log 6746 6129577984 "GET /admin/oauth2_provider/grant/ HTTP/1.1" 200 15643
INFO 2026-02-17 09:19:26,846 log 6746 6129577984 "GET /admin/jsi18n/ HTTP/1.1" 200 3342
INFO 2026-02-17 09:19:54,031 log 6746 6129577984 "GET /admin/oauth2_provider/application/ HTTP/1.1" 200 18200
INFO 2026-02-17 09:19:54,123 log 6746 6129577984 "GET /admin/jsi18n/ HTTP/1.1" 200 3342
INFO 2026-02-17 09:19:56,148 log 6746 6129577984 "GET /admin/oauth2_provider/application/3/change/ HTTP/1.1" 200 25086
INFO 2026-02-17 09:19:56,216 log 6746 6129577984 "GET /admin/jsi18n/ HTTP/1.1" 200 3342
INFO 2026-02-17 09:20:04,867 log 6746 6129577984 "GET /admin/oauth2_provider/idtoken/ HTTP/1.1" 200 28216
INFO 2026-02-17 09:20:04,937 log 6746 6129577984 "GET /admin/jsi18n/ HTTP/1.1" 200 3342
INFO 2026-02-17 09:20:10,550 log 6746 6129577984 "GET /admin/oauth2_provider/refreshtoken/ HTTP/1.1" 200 31144
INFO 2026-02-17 09:20:10,641 log 6746 6129577984 "GET /admin/jsi18n/ HTTP/1.1" 200 3342
INFO 2026-02-17 09:20:16,510 log 6746 6129577984 "POST /admin/oauth2_provider/refreshtoken/ HTTP/1.1" 200 19183
INFO 2026-02-17 09:20:19,657 log 6746 6129577984 "GET /admin/oauth2_provider/idtoken/ HTTP/1.1" 200 28216
INFO 2026-02-17 09:20:19,737 log 6746 6129577984 "GET /admin/jsi18n/ HTTP/1.1" 200 3342
INFO 2026-02-17 09:20:27,825 log 6746 6129577984 "POST /admin/oauth2_provider/idtoken/ HTTP/1.1" 200 20401
INFO 2026-02-17 09:20:35,992 log 6746 6129577984 "POST /admin/oauth2_provider/idtoken/ HTTP/1.1" 302 0
INFO 2026-02-17 09:20:36,055 log 6746 6129577984 "GET /admin/oauth2_provider/idtoken/ HTTP/1.1" 200 14665
INFO 2026-02-17 09:20:36,115 log 6746 6129577984 "GET /admin/jsi18n/ HTTP/1.1" 200 3342
INFO 2026-02-17 09:20:38,822 log 6746 6129577984 "GET /admin/oauth2_provider/refreshtoken/ HTTP/1.1" 200 31144
INFO 2026-02-17 09:20:38,895 log 6746 6129577984 "GET /admin/jsi18n/ HTTP/1.1" 200 3342
INFO 2026-02-17 09:20:43,960 log 6746 6129577984 "POST /admin/oauth2_provider/refreshtoken/ HTTP/1.1" 200 19183
INFO 2026-02-17 09:20:45,984 log 6746 6129577984 "POST /admin/oauth2_provider/refreshtoken/ HTTP/1.1" 302 0
INFO 2026-02-17 09:20:46,074 log 6746 6129577984 "GET /admin/oauth2_provider/refreshtoken/ HTTP/1.1" 200 14652
INFO 2026-02-17 09:20:46,140 log 6746 6129577984 "GET /admin/jsi18n/ HTTP/1.1" 200 3342
INFO 2026-02-17 09:20:48,249 log 6746 6129577984 "GET /admin/oauth2_provider/refreshtoken/ HTTP/1.1" 200 14507
INFO 2026-02-17 09:20:48,319 log 6746 6129577984 "GET /admin/jsi18n/ HTTP/1.1" 200 3342
INFO 2026-02-17 09:20:49,429 log 6746 6129577984 "GET /admin/oauth2_provider/idtoken/ HTTP/1.1" 200 14525
INFO 2026-02-17 09:20:49,503 log 6746 6129577984 "GET /admin/jsi18n/ HTTP/1.1" 200 3342
INFO 2026-02-17 09:20:54,550 log 6746 6129577984 "GET /o/authorize/?response_type=code&client_id=5kWtcsPK1TeThWvN7gktrTfOsoiVdaY9OMqXEIV0&state=MVpsTkwxVWJpdmNYa2J2ZFlrdH56cFdEeU84aEpaa0wtNUY5VHpONmFDbndm&redirect_uri=http%3A%2F%2Flocalhost%3A4200&scope=openid%20profile%20email&code_challenge=eyJluYE6sVqIYCZg34MepY1nmp_XRcm6apLYbWt8a7U&code_challenge_method=S256&nonce=MVpsTkwxVWJpdmNYa2J2ZFlrdH56cFdEeU84aEpaa0wtNUY5VHpONmFDbndm HTTP/1.1" 200 3899
WARNING 2026-02-17 09:20:54,787 log 6746 6129577984 Not Found: /.well-known/appspecific/com.chrome.devtools.json
WARNING 2026-02-17 09:20:54,792 log 6746 6129577984 "GET /.well-known/appspecific/com.chrome.devtools.json HTTP/1.1" 404 5005
INFO 2026-02-17 09:20:57,628 log 6746 6129577984 "POST /o/authorize/?response_type=code&client_id=5kWtcsPK1TeThWvN7gktrTfOsoiVdaY9OMqXEIV0&state=MVpsTkwxVWJpdmNYa2J2ZFlrdH56cFdEeU84aEpaa0wtNUY5VHpONmFDbndm&redirect_uri=http%3A%2F%2Flocalhost%3A4200&scope=openid%20profile%20email&code_challenge=eyJluYE6sVqIYCZg34MepY1nmp_XRcm6apLYbWt8a7U&code_challenge_method=S256&nonce=MVpsTkwxVWJpdmNYa2J2ZFlrdH56cFdEeU84aEpaa0wtNUY5VHpONmFDbndm HTTP/1.1" 302 0
INFO 2026-02-17 09:20:58,008 log 6746 6164377600 "GET /o/.well-known/openid-configuration HTTP/1.1" 200 762
INFO 2026-02-17 09:20:58,092 log 6746 6164377600 "GET /o/.well-known/jwks.json HTTP/1.1" 200 474
INFO 2026-02-17 09:20:58,377 validators 6746 6164377600 Token issued for user 1 via local
INFO 2026-02-17 09:20:58,385 signals 6746 6164377600 Access token created for user 1 via client 5kWtcsPK1TeThWvN7gktrTfOsoiVdaY9OMqXEIV0
INFO 2026-02-17 09:20:58,434 log 6746 6164377600 "POST /o/token/ HTTP/1.1" 200 1312
INFO 2026-02-17 09:21:06,100 log 6746 6129577984 "GET /admin/oauth2_provider/refreshtoken/ HTTP/1.1" 200 16272
INFO 2026-02-17 09:21:06,180 log 6746 6129577984 "GET /admin/jsi18n/ HTTP/1.1" 200 3342
INFO 2026-02-17 09:21:08,074 log 6746 6129577984 "GET /admin/oauth2_provider/idtoken/ HTTP/1.1" 200 16527
INFO 2026-02-17 09:21:08,135 log 6746 6129577984 "GET /admin/jsi18n/ HTTP/1.1" 200 3342
INFO 2026-02-17 09:21:14,352 log 6746 6129577984 "GET /admin/oauth2_provider/grant/ HTTP/1.1" 200 15643
INFO 2026-02-17 09:21:14,402 log 6746 6129577984 "GET /admin/jsi18n/ HTTP/1.1" 200 3342
WARNING 2026-02-17 09:22:49,481 log 6746 6129577984 Not Found: /.well-known/appspecific/com.chrome.devtools.json
WARNING 2026-02-17 09:22:49,483 log 6746 6129577984 "GET /.well-known/appspecific/com.chrome.devtools.json HTTP/1.1" 404 5005
INFO 2026-02-17 09:23:23,789 log 6746 6129577984 "GET /o/authorize/?response_type=code&client_id=5kWtcsPK1TeThWvN7gktrTfOsoiVdaY9OMqXEIV0&state=TThHaGliTEdrM2d-cWtad2F6cnlhckhCdlJldFFzeWhpUEtLR052MDFNdE9D&redirect_uri=http%3A%2F%2Flocalhost%3A4200&scope=openid%20profile%20email&code_challenge=qg0Ll2OIOtSnOJENY1ptlBfMpPDHMJEMlRu62GR74vo&code_challenge_method=S256&nonce=TThHaGliTEdrM2d-cWtad2F6cnlhckhCdlJldFFzeWhpUEtLR052MDFNdE9D HTTP/1.1" 302 0
INFO 2026-02-17 09:23:23,831 log 6746 6129577984 "GET /accounts/login/?next=/o/authorize/%3Fresponse_type%3Dcode%26client_id%3D5kWtcsPK1TeThWvN7gktrTfOsoiVdaY9OMqXEIV0%26state%3DTThHaGliTEdrM2d-cWtad2F6cnlhckhCdlJldFFzeWhpUEtLR052MDFNdE9D%26redirect_uri%3Dhttp%253A%252F%252Flocalhost%253A4200%26scope%3Dopenid%2520profile%2520email%26code_challenge%3Dqg0Ll2OIOtSnOJENY1ptlBfMpPDHMJEMlRu62GR74vo%26code_challenge_method%3DS256%26nonce%3DTThHaGliTEdrM2d-cWtad2F6cnlhckhCdlJldFFzeWhpUEtLR052MDFNdE9D HTTP/1.1" 200 8717
WARNING 2026-02-17 09:23:24,173 log 6746 6129577984 Not Found: /.well-known/appspecific/com.chrome.devtools.json
WARNING 2026-02-17 09:23:24,174 log 6746 6129577984 "GET /.well-known/appspecific/com.chrome.devtools.json HTTP/1.1" 404 5005
INFO 2026-02-17 09:23:35,730 log 6746 6129577984 "POST /accounts/login/?next=/o/authorize/%3Fresponse_type%3Dcode%26client_id%3D5kWtcsPK1TeThWvN7gktrTfOsoiVdaY9OMqXEIV0%26state%3DTThHaGliTEdrM2d-cWtad2F6cnlhckhCdlJldFFzeWhpUEtLR052MDFNdE9D%26redirect_uri%3Dhttp%253A%252F%252Flocalhost%253A4200%26scope%3Dopenid%2520profile%2520email%26code_challenge%3Dqg0Ll2OIOtSnOJENY1ptlBfMpPDHMJEMlRu62GR74vo%26code_challenge_method%3DS256%26nonce%3DTThHaGliTEdrM2d-cWtad2F6cnlhckhCdlJldFFzeWhpUEtLR052MDFNdE9D HTTP/1.1" 302 0
INFO 2026-02-17 09:23:35,791 log 6746 6129577984 "GET /o/authorize/?response_type=code&client_id=5kWtcsPK1TeThWvN7gktrTfOsoiVdaY9OMqXEIV0&state=TThHaGliTEdrM2d-cWtad2F6cnlhckhCdlJldFFzeWhpUEtLR052MDFNdE9D&redirect_uri=http%3A%2F%2Flocalhost%3A4200&scope=openid%20profile%20email&code_challenge=qg0Ll2OIOtSnOJENY1ptlBfMpPDHMJEMlRu62GR74vo&code_challenge_method=S256&nonce=TThHaGliTEdrM2d-cWtad2F6cnlhckhCdlJldFFzeWhpUEtLR052MDFNdE9D HTTP/1.1" 200 3899
WARNING 2026-02-17 09:23:35,899 log 6746 6129577984 Not Found: /.well-known/appspecific/com.chrome.devtools.json
WARNING 2026-02-17 09:23:35,899 log 6746 6129577984 "GET /.well-known/appspecific/com.chrome.devtools.json HTTP/1.1" 404 5005
INFO 2026-02-17 09:23:37,723 log 6746 6129577984 "POST /o/authorize/?response_type=code&client_id=5kWtcsPK1TeThWvN7gktrTfOsoiVdaY9OMqXEIV0&state=TThHaGliTEdrM2d-cWtad2F6cnlhckhCdlJldFFzeWhpUEtLR052MDFNdE9D&redirect_uri=http%3A%2F%2Flocalhost%3A4200&scope=openid%20profile%20email&code_challenge=qg0Ll2OIOtSnOJENY1ptlBfMpPDHMJEMlRu62GR74vo&code_challenge_method=S256&nonce=TThHaGliTEdrM2d-cWtad2F6cnlhckhCdlJldFFzeWhpUEtLR052MDFNdE9D HTTP/1.1" 302 0
INFO 2026-02-17 09:23:38,114 log 6746 6164377600 "GET /o/.well-known/openid-configuration HTTP/1.1" 200 762
INFO 2026-02-17 09:23:38,176 log 6746 6164377600 "GET /o/.well-known/jwks.json HTTP/1.1" 200 474
INFO 2026-02-17 09:23:38,349 validators 6746 6164377600 Token issued for user 8 via local
INFO 2026-02-17 09:23:38,361 signals 6746 6164377600 Access token created for user 8 via client 5kWtcsPK1TeThWvN7gktrTfOsoiVdaY9OMqXEIV0
INFO 2026-02-17 09:23:38,403 log 6746 6164377600 "POST /o/token/ HTTP/1.1" 200 1387
INFO 2026-02-17 09:39:56,132 log 6746 6129577984 "GET /o/.well-known/openid-configuration HTTP/1.1" 200 762
INFO 2026-02-17 09:39:56,173 log 6746 6129577984 "GET /o/.well-known/jwks.json HTTP/1.1" 200 474
INFO 2026-02-17 10:04:37,514 log 6746 6129577984 "GET /o/authorize/?response_type=code&client_id=5kWtcsPK1TeThWvN7gktrTfOsoiVdaY9OMqXEIV0&state=bTBYajBoYlY0TmpXSUlJZUV6Y0VvUVlvWDU3QXUyVUREaEFOV3BqSmtXbXRm&redirect_uri=http%3A%2F%2Flocalhost%3A4200&scope=openid%20profile%20email&code_challenge=HX__VGq3NlVan2C7ZS9tDa8anlNJZ-NTMscnHp0kbaw&code_challenge_method=S256&nonce=bTBYajBoYlY0TmpXSUlJZUV6Y0VvUVlvWDU3QXUyVUREaEFOV3BqSmtXbXRm HTTP/1.1" 302 0
INFO 2026-02-17 10:04:37,562 log 6746 6129577984 "GET /accounts/login/?next=/o/authorize/%3Fresponse_type%3Dcode%26client_id%3D5kWtcsPK1TeThWvN7gktrTfOsoiVdaY9OMqXEIV0%26state%3DbTBYajBoYlY0TmpXSUlJZUV6Y0VvUVlvWDU3QXUyVUREaEFOV3BqSmtXbXRm%26redirect_uri%3Dhttp%253A%252F%252Flocalhost%253A4200%26scope%3Dopenid%2520profile%2520email%26code_challenge%3DHX__VGq3NlVan2C7ZS9tDa8anlNJZ-NTMscnHp0kbaw%26code_challenge_method%3DS256%26nonce%3DbTBYajBoYlY0TmpXSUlJZUV6Y0VvUVlvWDU3QXUyVUREaEFOV3BqSmtXbXRm HTTP/1.1" 200 8717
WARNING 2026-02-17 10:04:37,772 log 6746 6129577984 Not Found: /.well-known/appspecific/com.chrome.devtools.json
WARNING 2026-02-17 10:04:37,772 log 6746 6129577984 "GET /.well-known/appspecific/com.chrome.devtools.json HTTP/1.1" 404 5005
INFO 2026-02-17 10:04:50,154 log 6746 6129577984 "POST /accounts/login/?next=/o/authorize/%3Fresponse_type%3Dcode%26client_id%3D5kWtcsPK1TeThWvN7gktrTfOsoiVdaY9OMqXEIV0%26state%3DbTBYajBoYlY0TmpXSUlJZUV6Y0VvUVlvWDU3QXUyVUREaEFOV3BqSmtXbXRm%26redirect_uri%3Dhttp%253A%252F%252Flocalhost%253A4200%26scope%3Dopenid%2520profile%2520email%26code_challenge%3DHX__VGq3NlVan2C7ZS9tDa8anlNJZ-NTMscnHp0kbaw%26code_challenge_method%3DS256%26nonce%3DbTBYajBoYlY0TmpXSUlJZUV6Y0VvUVlvWDU3QXUyVUREaEFOV3BqSmtXbXRm HTTP/1.1" 302 0
INFO 2026-02-17 10:04:50,306 log 6746 6129577984 "GET /o/authorize/?response_type=code&client_id=5kWtcsPK1TeThWvN7gktrTfOsoiVdaY9OMqXEIV0&state=bTBYajBoYlY0TmpXSUlJZUV6Y0VvUVlvWDU3QXUyVUREaEFOV3BqSmtXbXRm&redirect_uri=http%3A%2F%2Flocalhost%3A4200&scope=openid%20profile%20email&code_challenge=HX__VGq3NlVan2C7ZS9tDa8anlNJZ-NTMscnHp0kbaw&code_challenge_method=S256&nonce=bTBYajBoYlY0TmpXSUlJZUV6Y0VvUVlvWDU3QXUyVUREaEFOV3BqSmtXbXRm HTTP/1.1" 200 3899
WARNING 2026-02-17 10:04:50,406 log 6746 6129577984 Not Found: /.well-known/appspecific/com.chrome.devtools.json
WARNING 2026-02-17 10:04:50,406 log 6746 6129577984 "GET /.well-known/appspecific/com.chrome.devtools.json HTTP/1.1" 404 5005
INFO 2026-02-17 10:04:51,923 log 6746 6129577984 "POST /o/authorize/?response_type=code&client_id=5kWtcsPK1TeThWvN7gktrTfOsoiVdaY9OMqXEIV0&state=bTBYajBoYlY0TmpXSUlJZUV6Y0VvUVlvWDU3QXUyVUREaEFOV3BqSmtXbXRm&redirect_uri=http%3A%2F%2Flocalhost%3A4200&scope=openid%20profile%20email&code_challenge=HX__VGq3NlVan2C7ZS9tDa8anlNJZ-NTMscnHp0kbaw&code_challenge_method=S256&nonce=bTBYajBoYlY0TmpXSUlJZUV6Y0VvUVlvWDU3QXUyVUREaEFOV3BqSmtXbXRm HTTP/1.1" 302 0
INFO 2026-02-17 10:04:52,245 log 6746 6164377600 "GET /o/.well-known/openid-configuration HTTP/1.1" 200 762
INFO 2026-02-17 10:04:52,323 log 6746 6164377600 "GET /o/.well-known/jwks.json HTTP/1.1" 200 474
INFO 2026-02-17 10:04:52,574 validators 6746 6164377600 Token issued for user 8 via local
INFO 2026-02-17 10:04:52,581 signals 6746 6164377600 Access token created for user 8 via client 5kWtcsPK1TeThWvN7gktrTfOsoiVdaY9OMqXEIV0
INFO 2026-02-17 10:04:52,670 log 6746 6164377600 "POST /o/token/ HTTP/1.1" 200 1387
INFO 2026-02-17 11:04:29,272 autoreload 6746 8562434240 /Users/dhrubajyotiborah/Documents/Projects/hcs_sso_with_oidc/sso/settings.py changed, reloading.
ERROR 2026-02-17 11:04:30,416 apps 61609 8562434240 Failed to register custom backends: argument of type 'module' is not iterable
INFO 2026-02-17 11:04:30,416 apps 61609 8562434240 Enabled providers: Google, Facebook
INFO 2026-02-17 11:04:30,416 apps 61609 8562434240 ✅ Social authentication app initialized successfully
INFO 2026-02-17 11:04:30,423 autoreload 61609 8562434240 Watching for file changes with StatReloader
INFO 2026-02-17 11:24:04,596 log 61609 6195277824 "OPTIONS /o/.well-known/openid-configuration HTTP/1.1" 200 0
INFO 2026-02-17 11:24:06,406 log 61609 6195277824 "GET /o/.well-known/openid-configuration HTTP/1.1" 200 787
INFO 2026-02-17 11:24:06,560 log 61609 6195277824 "OPTIONS /o/.well-known/jwks.json HTTP/1.1" 200 0
INFO 2026-02-17 11:24:06,807 log 61609 6195277824 "GET /o/.well-known/jwks.json HTTP/1.1" 200 474
INFO 2026-02-17 11:28:07,745 log 61609 6195277824 "GET /o/.well-known/openid-configuration HTTP/1.1" 200 787
INFO 2026-02-17 11:28:16,355 log 61609 6195277824 "GET /o/.well-known/openid-configuration HTTP/1.1" 200 787
INFO 2026-02-17 11:28:23,285 log 61609 6195277824 "GET /o/.well-known/openid-configuration HTTP/1.1" 200 787
INFO 2026-02-17 11:28:40,296 log 61609 6195277824 "GET /o/.well-known/openid-configuration HTTP/1.1" 200 787
INFO 2026-02-17 11:28:57,494 log 61609 6195277824 "GET /o/.well-known/openid-configuration HTTP/1.1" 200 787
INFO 2026-02-17 11:32:50,978 log 61609 6195277824 "GET /o/.well-known/openid-configuration HTTP/1.1" 200 787
INFO 2026-02-17 11:32:54,251 log 61609 6212104192 "GET /o/authorize/?response_type=code&client_id=5kWtcsPK1TeThWvN7gktrTfOsoiVdaY9OMqXEIV0&state=OUJkYzdQRkRMa1F4RkJzRVdZTDJCampqZjJncUpNV1pKYTNNclUxV2p3SjVt&redirect_uri=http%3A%2F%2Flocalhost%3A4200&scope=openid%20profile%20email%20read%20write%20api.read%20api.write%20offline_access&code_challenge=3VwLaGYIXnNg33RA0kI_gA_aYXJjZqHDGjWN9g5x2Uk&code_challenge_method=S256&nonce=OUJkYzdQRkRMa1F4RkJzRVdZTDJCampqZjJncUpNV1pKYTNNclUxV2p3SjVt HTTP/1.1" 200 4317
WARNING 2026-02-17 11:32:54,396 log 61609 6212104192 Not Found: /.well-known/appspecific/com.chrome.devtools.json
WARNING 2026-02-17 11:32:54,396 log 61609 6212104192 "GET /.well-known/appspecific/com.chrome.devtools.json HTTP/1.1" 404 5005
INFO 2026-02-17 11:32:59,790 log 61609 6212104192 "POST /o/authorize/?response_type=code&client_id=5kWtcsPK1TeThWvN7gktrTfOsoiVdaY9OMqXEIV0&state=OUJkYzdQRkRMa1F4RkJzRVdZTDJCampqZjJncUpNV1pKYTNNclUxV2p3SjVt&redirect_uri=http%3A%2F%2Flocalhost%3A4200&scope=openid%20profile%20email%20read%20write%20api.read%20api.write%20offline_access&code_challenge=3VwLaGYIXnNg33RA0kI_gA_aYXJjZqHDGjWN9g5x2Uk&code_challenge_method=S256&nonce=OUJkYzdQRkRMa1F4RkJzRVdZTDJCampqZjJncUpNV1pKYTNNclUxV2p3SjVt HTTP/1.1" 302 0
INFO 2026-02-17 11:33:00,221 log 61609 6195277824 "GET /o/.well-known/openid-configuration HTTP/1.1" 200 787
INFO 2026-02-17 11:33:00,330 log 61609 6195277824 "OPTIONS /o/token/ HTTP/1.1" 200 0
INFO 2026-02-17 11:33:00,484 validators 61609 6195277824 Token issued for user 8 via local
INFO 2026-02-17 11:33:00,491 signals 61609 6195277824 Access token created for user 8 via client 5kWtcsPK1TeThWvN7gktrTfOsoiVdaY9OMqXEIV0
INFO 2026-02-17 11:33:00,525 log 61609 6195277824 "POST /o/token/ HTTP/1.1" 200 1432
INFO 2026-02-17 11:46:48,674 autoreload 61609 8562434240 /Users/dhrubajyotiborah/Documents/Projects/hcs_sso_with_oidc/sso/settings.py changed, reloading.
ERROR 2026-02-17 11:46:49,523 apps 79443 8562434240 Failed to register custom backends: argument of type 'module' is not iterable
INFO 2026-02-17 11:46:49,523 apps 79443 8562434240 Enabled providers: Google, Facebook
INFO 2026-02-17 11:46:49,523 apps 79443 8562434240 ✅ Social authentication app initialized successfully
INFO 2026-02-17 11:46:49,530 autoreload 79443 8562434240 Watching for file changes with StatReloader
INFO 2026-02-17 11:47:37,081 autoreload 79443 8562434240 /Users/dhrubajyotiborah/Documents/Projects/hcs_sso_with_oidc/sso/settings.py changed, reloading.
ERROR 2026-02-17 11:47:37,794 apps 79786 8562434240 Failed to register custom backends: argument of type 'module' is not iterable
INFO 2026-02-17 11:47:37,794 apps 79786 8562434240 Enabled providers: Google, Facebook
INFO 2026-02-17 11:47:37,795 apps 79786 8562434240 ✅ Social authentication app initialized successfully
INFO 2026-02-17 11:47:37,801 autoreload 79786 8562434240 Watching for file changes with StatReloader
INFO 2026-02-17 11:47:52,890 log 79786 6127529984 "GET /o/.well-known/openid-configuration HTTP/1.1" 200 787
INFO 2026-02-17 11:47:53,358 log 79786 6127529984 "GET /o/.well-known/jwks.json HTTP/1.1" 200 474
INFO 2026-02-17 11:47:57,643 log 79786 6144356352 "GET /o/authorize/?response_type=code&client_id=5kWtcsPK1TeThWvN7gktrTfOsoiVdaY9OMqXEIV0&state=Wl9HRzJDaHkydlpTMEFkWXJ6dDRjUDZ5QzNYOH5tNHp4Z245OEpOOS5OWmll&redirect_uri=http%3A%2F%2Flocalhost%3A4200&scope=openid%20profile%20email%20read%20write%20api.read%20api.write%20offline_access&code_challenge=1Z72FIswJxtV8Qy5LHqN79-GzfSs7caTFe48QYRz18Y&code_challenge_method=S256&nonce=Wl9HRzJDaHkydlpTMEFkWXJ6dDRjUDZ5QzNYOH5tNHp4Z245OEpOOS5OWmll HTTP/1.1" 200 4317
WARNING 2026-02-17 11:47:58,149 log 79786 6144356352 Not Found: /.well-known/appspecific/com.chrome.devtools.json
WARNING 2026-02-17 11:47:58,150 log 79786 6144356352 "GET /.well-known/appspecific/com.chrome.devtools.json HTTP/1.1" 404 5005
INFO 2026-02-17 11:48:01,051 log 79786 6144356352 "POST /o/authorize/?response_type=code&client_id=5kWtcsPK1TeThWvN7gktrTfOsoiVdaY9OMqXEIV0&state=Wl9HRzJDaHkydlpTMEFkWXJ6dDRjUDZ5QzNYOH5tNHp4Z245OEpOOS5OWmll&redirect_uri=http%3A%2F%2Flocalhost%3A4200&scope=openid%20profile%20email%20read%20write%20api.read%20api.write%20offline_access&code_challenge=1Z72FIswJxtV8Qy5LHqN79-GzfSs7caTFe48QYRz18Y&code_challenge_method=S256&nonce=Wl9HRzJDaHkydlpTMEFkWXJ6dDRjUDZ5QzNYOH5tNHp4Z245OEpOOS5OWmll HTTP/1.1" 302 0
INFO 2026-02-17 11:48:01,402 log 79786 6127529984 "GET /o/.well-known/openid-configuration HTTP/1.1" 200 787
INFO 2026-02-17 11:48:01,689 validators 79786 6127529984 Token issued for user 8 via local
INFO 2026-02-17 11:48:01,697 signals 79786 6127529984 Access token created for user 8 via client 5kWtcsPK1TeThWvN7gktrTfOsoiVdaY9OMqXEIV0
INFO 2026-02-17 11:48:01,741 log 79786 6127529984 "POST /o/token/ HTTP/1.1" 200 1432
INFO 2026-02-17 12:01:26,251 log 79786 6127529984 "GET /o/.well-known/openid-configuration HTTP/1.1" 200 787
INFO 2026-02-17 12:01:26,340 log 79786 6127529984 "GET /o/.well-known/jwks.json HTTP/1.1" 200 474
INFO 2026-02-19 05:34:02,504 autoreload 79786 8562434240 /Users/dhrubajyotiborah/Documents/Projects/hcs_sso_with_oidc/apps/oidc/validators.py changed, reloading.
ERROR 2026-02-19 05:34:03,471 apps 17702 8562434240 Failed to register custom backends: argument of type 'module' is not iterable
INFO 2026-02-19 05:34:03,471 apps 17702 8562434240 Enabled providers: Google, Facebook
INFO 2026-02-19 05:34:03,471 apps 17702 8562434240 ✅ Social authentication app initialized successfully
INFO 2026-02-19 05:34:03,479 autoreload 17702 8562434240 Watching for file changes with StatReloader
ERROR 2026-02-19 05:35:54,717 apps 18641 8562434240 Failed to register custom backends: argument of type 'module' is not iterable
INFO 2026-02-19 05:35:54,718 apps 18641 8562434240 Enabled providers: Google, Facebook
INFO 2026-02-19 05:35:54,718 apps 18641 8562434240 ✅ Social authentication app initialized successfully
ERROR 2026-02-19 05:35:55,139 apps 18642 8562434240 Failed to register custom backends: argument of type 'module' is not iterable
INFO 2026-02-19 05:35:55,139 apps 18642 8562434240 Enabled providers: Google, Facebook
INFO 2026-02-19 05:35:55,139 apps 18642 8562434240 ✅ Social authentication app initialized successfully
INFO 2026-02-19 05:35:55,144 autoreload 18642 8562434240 Watching for file changes with StatReloader
INFO 2026-02-19 05:36:03,361 log 18642 6192345088 "GET /o/authorize/?response_type=code&client_id=5kWtcsPK1TeThWvN7gktrTfOsoiVdaY9OMqXEIV0&state=OTVkbnhSTWhqRnFaVll0NDB1MEFyRGxRc1VYZzVxdm5WTEVVWHJlWWtaRFpH&redirect_uri=http%3A%2F%2Flocalhost%3A4200&scope=openid%20profile%20email%20read%20write%20api.read%20api.write%20offline_access&code_challenge=LyCin99rvIPXuHHwidCuW9wpYKrkMZ3tPZTkrNlLDms&code_challenge_method=S256&nonce=OTVkbnhSTWhqRnFaVll0NDB1MEFyRGxRc1VYZzVxdm5WTEVVWHJlWWtaRFpH HTTP/1.1" 302 0
INFO 2026-02-19 05:36:03,436 log 18642 6192345088 "GET /accounts/login/?next=/o/authorize/%3Fresponse_type%3Dcode%26client_id%3D5kWtcsPK1TeThWvN7gktrTfOsoiVdaY9OMqXEIV0%26state%3DOTVkbnhSTWhqRnFaVll0NDB1MEFyRGxRc1VYZzVxdm5WTEVVWHJlWWtaRFpH%26redirect_uri%3Dhttp%253A%252F%252Flocalhost%253A4200%26scope%3Dopenid%2520profile%2520email%2520read%2520write%2520api.read%2520api.write%2520offline_access%26code_challenge%3DLyCin99rvIPXuHHwidCuW9wpYKrkMZ3tPZTkrNlLDms%26code_challenge_method%3DS256%26nonce%3DOTVkbnhSTWhqRnFaVll0NDB1MEFyRGxRc1VYZzVxdm5WTEVVWHJlWWtaRFpH HTTP/1.1" 200 8772
WARNING 2026-02-19 05:36:03,707 log 18642 6192345088 Not Found: /.well-known/appspecific/com.chrome.devtools.json
WARNING 2026-02-19 05:36:03,708 log 18642 6192345088 "GET /.well-known/appspecific/com.chrome.devtools.json HTTP/1.1" 404 5005
INFO 2026-02-19 05:36:18,860 log 18642 6192345088 "POST /accounts/login/?next=/o/authorize/%3Fresponse_type%3Dcode%26client_id%3D5kWtcsPK1TeThWvN7gktrTfOsoiVdaY9OMqXEIV0%26state%3DOTVkbnhSTWhqRnFaVll0NDB1MEFyRGxRc1VYZzVxdm5WTEVVWHJlWWtaRFpH%26redirect_uri%3Dhttp%253A%252F%252Flocalhost%253A4200%26scope%3Dopenid%2520profile%2520email%2520read%2520write%2520api.read%2520api.write%2520offline_access%26code_challenge%3DLyCin99rvIPXuHHwidCuW9wpYKrkMZ3tPZTkrNlLDms%26code_challenge_method%3DS256%26nonce%3DOTVkbnhSTWhqRnFaVll0NDB1MEFyRGxRc1VYZzVxdm5WTEVVWHJlWWtaRFpH HTTP/1.1" 302 0
ERROR 2026-02-19 05:36:18,919 log 18642 6192345088 Internal Server Error: /o/authorize/
Traceback (most recent call last):
  File "/Users/dhrubajyotiborah/Documents/Projects/hcs_sso_with_oidc/venv/lib/python3.12/site-packages/django/core/handlers/exception.py", line 55, in inner
    response = get_response(request)
               ^^^^^^^^^^^^^^^^^^^^^
  File "/Users/dhrubajyotiborah/Documents/Projects/hcs_sso_with_oidc/venv/lib/python3.12/site-packages/django/core/handlers/base.py", line 198, in _get_response
    response = wrapped_callback(request, *callback_args, **callback_kwargs)
               ^^^^^^^^^^^^^^^^^^^^^^^^^^^^^^^^^^^^^^^^^^^^^^^^^^^^^^^^^^^^
  File "/Users/dhrubajyotiborah/Documents/Projects/hcs_sso_with_oidc/venv/lib/python3.12/site-packages/django/views/generic/base.py", line 106, in view
    return self.dispatch(request, *args, **kwargs)
           ^^^^^^^^^^^^^^^^^^^^^^^^^^^^^^^^^^^^^^^
  File "/Users/dhrubajyotiborah/Documents/Projects/hcs_sso_with_oidc/venv/lib/python3.12/site-packages/django/utils/decorators.py", line 48, in _wrapper
    return bound_method(*args, **kwargs)
           ^^^^^^^^^^^^^^^^^^^^^^^^^^^^^
  File "/Users/dhrubajyotiborah/Documents/Projects/hcs_sso_with_oidc/venv/lib/python3.12/site-packages/oauth2_provider/views/base.py", line 49, in dispatch
    return super().dispatch(request, *args, **kwargs)
           ^^^^^^^^^^^^^^^^^^^^^^^^^^^^^^^^^^^^^^^^^^
  File "/Users/dhrubajyotiborah/Documents/Projects/hcs_sso_with_oidc/venv/lib/python3.12/site-packages/django/contrib/auth/mixins.py", line 74, in dispatch
    return super().dispatch(request, *args, **kwargs)
           ^^^^^^^^^^^^^^^^^^^^^^^^^^^^^^^^^^^^^^^^^^
  File "/Users/dhrubajyotiborah/Documents/Projects/hcs_sso_with_oidc/venv/lib/python3.12/site-packages/django/views/generic/base.py", line 145, in dispatch
    return handler(request, *args, **kwargs)
           ^^^^^^^^^^^^^^^^^^^^^^^^^^^^^^^^^
  File "/Users/dhrubajyotiborah/Documents/Projects/hcs_sso_with_oidc/venv/lib/python3.12/site-packages/oauth2_provider/views/base.py", line 153, in get
    scopes, credentials = self.validate_authorization_request(request)
                          ^^^^^^^^^^^^^^^^^^^^^^^^^^^^^^^^^^^^^^^^^^^^
  File "/Users/dhrubajyotiborah/Documents/Projects/hcs_sso_with_oidc/venv/lib/python3.12/site-packages/oauth2_provider/views/mixins.py", line 97, in validate_authorization_request
    core = self.get_oauthlib_core()
           ^^^^^^^^^^^^^^^^^^^^^^^^
  File "/Users/dhrubajyotiborah/Documents/Projects/hcs_sso_with_oidc/venv/lib/python3.12/site-packages/oauth2_provider/views/mixins.py", line 86, in get_oauthlib_core
    server = cls.get_server()
             ^^^^^^^^^^^^^^^^
  File "/Users/dhrubajyotiborah/Documents/Projects/hcs_sso_with_oidc/venv/lib/python3.12/site-packages/oauth2_provider/views/mixins.py", line 75, in get_server
    validator_class = cls.get_validator_class()
                      ^^^^^^^^^^^^^^^^^^^^^^^^^
  File "/Users/dhrubajyotiborah/Documents/Projects/hcs_sso_with_oidc/venv/lib/python3.12/site-packages/oauth2_provider/views/mixins.py", line 54, in get_validator_class
    return oauth2_settings.OAUTH2_VALIDATOR_CLASS
           ^^^^^^^^^^^^^^^^^^^^^^^^^^^^^^^^^^^^^^
  File "/Users/dhrubajyotiborah/Documents/Projects/hcs_sso_with_oidc/venv/lib/python3.12/site-packages/oauth2_provider/settings.py", line 230, in __getattr__
    val = perform_import(val, attr)
          ^^^^^^^^^^^^^^^^^^^^^^^^^
  File "/Users/dhrubajyotiborah/Documents/Projects/hcs_sso_with_oidc/venv/lib/python3.12/site-packages/oauth2_provider/settings.py", line 168, in perform_import
    return import_from_string(val, setting_name)
           ^^^^^^^^^^^^^^^^^^^^^^^^^^^^^^^^^^^^^
  File "/Users/dhrubajyotiborah/Documents/Projects/hcs_sso_with_oidc/venv/lib/python3.12/site-packages/oauth2_provider/settings.py", line 179, in import_from_string
    return import_string(val)
           ^^^^^^^^^^^^^^^^^^
  File "/Users/dhrubajyotiborah/Documents/Projects/hcs_sso_with_oidc/venv/lib/python3.12/site-packages/django/utils/module_loading.py", line 30, in import_string
    return cached_import(module_path, class_name)
           ^^^^^^^^^^^^^^^^^^^^^^^^^^^^^^^^^^^^^^
  File "/Users/dhrubajyotiborah/Documents/Projects/hcs_sso_with_oidc/venv/lib/python3.12/site-packages/django/utils/module_loading.py", line 15, in cached_import
    module = import_module(module_path)
             ^^^^^^^^^^^^^^^^^^^^^^^^^^
  File "/Library/Frameworks/Python.framework/Versions/3.12/lib/python3.12/importlib/__init__.py", line 90, in import_module
    return _bootstrap._gcd_import(name[level:], package, level)
           ^^^^^^^^^^^^^^^^^^^^^^^^^^^^^^^^^^^^^^^^^^^^^^^^^^^^
  File "<frozen importlib._bootstrap>", line 1387, in _gcd_import
  File "<frozen importlib._bootstrap>", line 1360, in _find_and_load
  File "<frozen importlib._bootstrap>", line 1331, in _find_and_load_unlocked
  File "<frozen importlib._bootstrap>", line 935, in _load_unlocked
  File "<frozen importlib._bootstrap_external>", line 991, in exec_module
  File "<frozen importlib._bootstrap_external>", line 1129, in get_code
  File "<frozen importlib._bootstrap_external>", line 1059, in source_to_code
  File "<frozen importlib._bootstrap>", line 488, in _call_with_frames_removed
  File "/Users/dhrubajyotiborah/Documents/Projects/hcs_sso_with_oidc/apps/oidc/validators.py", line 84
    })
IndentationError: unexpected indent
ERROR 2026-02-19 05:36:18,949 log 18642 6192345088 "GET /o/authorize/?response_type=code&client_id=5kWtcsPK1TeThWvN7gktrTfOsoiVdaY9OMqXEIV0&state=OTVkbnhSTWhqRnFaVll0NDB1MEFyRGxRc1VYZzVxdm5WTEVVWHJlWWtaRFpH&redirect_uri=http%3A%2F%2Flocalhost%3A4200&scope=openid%20profile%20email%20read%20write%20api.read%20api.write%20offline_access&code_challenge=LyCin99rvIPXuHHwidCuW9wpYKrkMZ3tPZTkrNlLDms&code_challenge_method=S256&nonce=OTVkbnhSTWhqRnFaVll0NDB1MEFyRGxRc1VYZzVxdm5WTEVVWHJlWWtaRFpH HTTP/1.1" 500 189641
WARNING 2026-02-19 05:36:19,081 log 18642 6192345088 Not Found: /.well-known/appspecific/com.chrome.devtools.json
WARNING 2026-02-19 05:36:19,082 log 18642 6192345088 "GET /.well-known/appspecific/com.chrome.devtools.json HTTP/1.1" 404 5005
INFO 2026-02-19 05:38:46,998 log 18642 6192345088 "GET /o/authorize/?response_type=code&client_id=5kWtcsPK1TeThWvN7gktrTfOsoiVdaY9OMqXEIV0&state=OTVkbnhSTWhqRnFaVll0NDB1MEFyRGxRc1VYZzVxdm5WTEVVWHJlWWtaRFpH&redirect_uri=http%3A%2F%2Flocalhost%3A4200&scope=openid%20profile%20email%20read%20write%20api.read%20api.write%20offline_access&code_challenge=LyCin99rvIPXuHHwidCuW9wpYKrkMZ3tPZTkrNlLDms&code_challenge_method=S256&nonce=OTVkbnhSTWhqRnFaVll0NDB1MEFyRGxRc1VYZzVxdm5WTEVVWHJlWWtaRFpH HTTP/1.1" 200 4317
WARNING 2026-02-19 05:38:47,148 log 18642 6192345088 Not Found: /.well-known/appspecific/com.chrome.devtools.json
WARNING 2026-02-19 05:38:47,148 log 18642 6192345088 "GET /.well-known/appspecific/com.chrome.devtools.json HTTP/1.1" 404 5005
INFO 2026-02-19 05:38:52,143 log 18642 6192345088 "POST /o/authorize/?response_type=code&client_id=5kWtcsPK1TeThWvN7gktrTfOsoiVdaY9OMqXEIV0&state=OTVkbnhSTWhqRnFaVll0NDB1MEFyRGxRc1VYZzVxdm5WTEVVWHJlWWtaRFpH&redirect_uri=http%3A%2F%2Flocalhost%3A4200&scope=openid%20profile%20email%20read%20write%20api.read%20api.write%20offline_access&code_challenge=LyCin99rvIPXuHHwidCuW9wpYKrkMZ3tPZTkrNlLDms&code_challenge_method=S256&nonce=OTVkbnhSTWhqRnFaVll0NDB1MEFyRGxRc1VYZzVxdm5WTEVVWHJlWWtaRFpH HTTP/1.1" 302 0
INFO 2026-02-19 05:38:52,509 log 18642 6225997824 "GET /o/.well-known/openid-configuration HTTP/1.1" 200 787
INFO 2026-02-19 05:38:52,750 log 18642 6225997824 "GET /o/.well-known/jwks.json HTTP/1.1" 200 474
INFO 2026-02-19 05:38:53,070 validators 18642 6225997824 Token issued for user 8 via local
INFO 2026-02-19 05:38:53,078 signals 18642 6225997824 Access token created for user 8 via client 5kWtcsPK1TeThWvN7gktrTfOsoiVdaY9OMqXEIV0
INFO 2026-02-19 05:38:53,122 log 18642 6225997824 "POST /o/token/ HTTP/1.1" 200 1432
INFO 2026-02-19 05:42:56,037 autoreload 18642 8562434240 /Users/dhrubajyotiborah/Documents/Projects/hcs_sso_with_oidc/apps/oidc/validators.py changed, reloading.
ERROR 2026-02-19 05:42:56,858 apps 21614 8562434240 Failed to register custom backends: argument of type 'module' is not iterable
INFO 2026-02-19 05:42:56,858 apps 21614 8562434240 Enabled providers: Google, Facebook
INFO 2026-02-19 05:42:56,858 apps 21614 8562434240 ✅ Social authentication app initialized successfully
INFO 2026-02-19 05:42:56,866 autoreload 21614 8562434240 Watching for file changes with StatReloader
INFO 2026-02-19 05:44:33,517 log 21614 6133182464 "GET /o/authorize/?response_type=code&client_id=5kWtcsPK1TeThWvN7gktrTfOsoiVdaY9OMqXEIV0&state=MFhOdjY1ajVmOC1GUi5vSFhRWHhRZkV0YUwxUFNXaGNRUWhvRH5CdlFCZWk2&redirect_uri=http%3A%2F%2Flocalhost%3A4200&scope=openid%20profile%20email%20read%20write%20api.read%20api.write%20offline_access&code_challenge=y0RAKx7-8MUNc8CDxKIP_1c-hjk4MZifqZH3Yi8Mc-c&code_challenge_method=S256&nonce=MFhOdjY1ajVmOC1GUi5vSFhRWHhRZkV0YUwxUFNXaGNRUWhvRH5CdlFCZWk2 HTTP/1.1" 200 4317
WARNING 2026-02-19 05:44:33,995 log 21614 6133182464 Not Found: /.well-known/appspecific/com.chrome.devtools.json
WARNING 2026-02-19 05:44:33,995 log 21614 6133182464 "GET /.well-known/appspecific/com.chrome.devtools.json HTTP/1.1" 404 5005
INFO 2026-02-19 05:44:36,212 log 21614 6133182464 "POST /o/authorize/?response_type=code&client_id=5kWtcsPK1TeThWvN7gktrTfOsoiVdaY9OMqXEIV0&state=MFhOdjY1ajVmOC1GUi5vSFhRWHhRZkV0YUwxUFNXaGNRUWhvRH5CdlFCZWk2&redirect_uri=http%3A%2F%2Flocalhost%3A4200&scope=openid%20profile%20email%20read%20write%20api.read%20api.write%20offline_access&code_challenge=y0RAKx7-8MUNc8CDxKIP_1c-hjk4MZifqZH3Yi8Mc-c&code_challenge_method=S256&nonce=MFhOdjY1ajVmOC1GUi5vSFhRWHhRZkV0YUwxUFNXaGNRUWhvRH5CdlFCZWk2 HTTP/1.1" 302 0
INFO 2026-02-19 05:44:36,487 log 21614 6166835200 "GET /o/.well-known/openid-configuration HTTP/1.1" 200 787
INFO 2026-02-19 05:44:36,741 log 21614 6166835200 "GET /o/.well-known/jwks.json HTTP/1.1" 200 474
INFO 2026-02-19 05:44:36,906 validators 21614 6166835200 Token issued for user 8 via local
INFO 2026-02-19 05:44:36,913 signals 21614 6166835200 Access token created for user 8 via client 5kWtcsPK1TeThWvN7gktrTfOsoiVdaY9OMqXEIV0
INFO 2026-02-19 05:44:36,959 log 21614 6166835200 "POST /o/token/ HTTP/1.1" 200 1432
INFO 2026-02-19 05:45:29,053 log 21614 6133182464 "GET /o/authorize/?response_type=code&client_id=5kWtcsPK1TeThWvN7gktrTfOsoiVdaY9OMqXEIV0&state=TlBYRVBZeDJHU2JmWVI0dEZ5dkc1TnJqVmo5UVgxZGtscEJOeEs3QTVodmE5&redirect_uri=http%3A%2F%2Flocalhost%3A4200&scope=openid%20profile%20email%20read%20write%20api.read%20api.write%20offline_access&code_challenge=ret-EzYGwAvMT2cn8V_XkjydP4y4eyAF9u5_DcQkn-c&code_challenge_method=S256&nonce=TlBYRVBZeDJHU2JmWVI0dEZ5dkc1TnJqVmo5UVgxZGtscEJOeEs3QTVodmE5 HTTP/1.1" 302 0
INFO 2026-02-19 05:45:29,105 log 21614 6133182464 "GET /accounts/login/?next=/o/authorize/%3Fresponse_type%3Dcode%26client_id%3D5kWtcsPK1TeThWvN7gktrTfOsoiVdaY9OMqXEIV0%26state%3DTlBYRVBZeDJHU2JmWVI0dEZ5dkc1TnJqVmo5UVgxZGtscEJOeEs3QTVodmE5%26redirect_uri%3Dhttp%253A%252F%252Flocalhost%253A4200%26scope%3Dopenid%2520profile%2520email%2520read%2520write%2520api.read%2520api.write%2520offline_access%26code_challenge%3Dret-EzYGwAvMT2cn8V_XkjydP4y4eyAF9u5_DcQkn-c%26code_challenge_method%3DS256%26nonce%3DTlBYRVBZeDJHU2JmWVI0dEZ5dkc1TnJqVmo5UVgxZGtscEJOeEs3QTVodmE5 HTTP/1.1" 200 8772
WARNING 2026-02-19 05:45:29,342 log 21614 6133182464 Not Found: /.well-known/appspecific/com.chrome.devtools.json
WARNING 2026-02-19 05:45:29,342 log 21614 6133182464 "GET /.well-known/appspecific/com.chrome.devtools.json HTTP/1.1" 404 5005
INFO 2026-02-19 05:45:37,918 log 21614 6133182464 "POST /accounts/login/?next=/o/authorize/%3Fresponse_type%3Dcode%26client_id%3D5kWtcsPK1TeThWvN7gktrTfOsoiVdaY9OMqXEIV0%26state%3DTlBYRVBZeDJHU2JmWVI0dEZ5dkc1TnJqVmo5UVgxZGtscEJOeEs3QTVodmE5%26redirect_uri%3Dhttp%253A%252F%252Flocalhost%253A4200%26scope%3Dopenid%2520profile%2520email%2520read%2520write%2520api.read%2520api.write%2520offline_access%26code_challenge%3Dret-EzYGwAvMT2cn8V_XkjydP4y4eyAF9u5_DcQkn-c%26code_challenge_method%3DS256%26nonce%3DTlBYRVBZeDJHU2JmWVI0dEZ5dkc1TnJqVmo5UVgxZGtscEJOeEs3QTVodmE5 HTTP/1.1" 302 0
INFO 2026-02-19 05:45:37,983 log 21614 6133182464 "GET /o/authorize/?response_type=code&client_id=5kWtcsPK1TeThWvN7gktrTfOsoiVdaY9OMqXEIV0&state=TlBYRVBZeDJHU2JmWVI0dEZ5dkc1TnJqVmo5UVgxZGtscEJOeEs3QTVodmE5&redirect_uri=http%3A%2F%2Flocalhost%3A4200&scope=openid%20profile%20email%20read%20write%20api.read%20api.write%20offline_access&code_challenge=ret-EzYGwAvMT2cn8V_XkjydP4y4eyAF9u5_DcQkn-c&code_challenge_method=S256&nonce=TlBYRVBZeDJHU2JmWVI0dEZ5dkc1TnJqVmo5UVgxZGtscEJOeEs3QTVodmE5 HTTP/1.1" 200 4317
WARNING 2026-02-19 05:45:38,065 log 21614 6133182464 Not Found: /.well-known/appspecific/com.chrome.devtools.json
WARNING 2026-02-19 05:45:38,065 log 21614 6133182464 "GET /.well-known/appspecific/com.chrome.devtools.json HTTP/1.1" 404 5005
INFO 2026-02-19 05:45:39,645 log 21614 6133182464 "POST /o/authorize/?response_type=code&client_id=5kWtcsPK1TeThWvN7gktrTfOsoiVdaY9OMqXEIV0&state=TlBYRVBZeDJHU2JmWVI0dEZ5dkc1TnJqVmo5UVgxZGtscEJOeEs3QTVodmE5&redirect_uri=http%3A%2F%2Flocalhost%3A4200&scope=openid%20profile%20email%20read%20write%20api.read%20api.write%20offline_access&code_challenge=ret-EzYGwAvMT2cn8V_XkjydP4y4eyAF9u5_DcQkn-c&code_challenge_method=S256&nonce=TlBYRVBZeDJHU2JmWVI0dEZ5dkc1TnJqVmo5UVgxZGtscEJOeEs3QTVodmE5 HTTP/1.1" 302 0
INFO 2026-02-19 05:45:39,903 log 21614 6166835200 "GET /o/.well-known/openid-configuration HTTP/1.1" 200 787
INFO 2026-02-19 05:45:39,965 log 21614 6166835200 "GET /o/.well-known/jwks.json HTTP/1.1" 200 474
INFO 2026-02-19 05:45:40,125 validators 21614 6166835200 Token issued for user 8 via local
INFO 2026-02-19 05:45:40,130 signals 21614 6166835200 Access token created for user 8 via client 5kWtcsPK1TeThWvN7gktrTfOsoiVdaY9OMqXEIV0
INFO 2026-02-19 05:45:40,208 log 21614 6166835200 "POST /o/token/ HTTP/1.1" 200 1432
INFO 2026-02-19 05:48:27,026 autoreload 21614 8562434240 /Users/dhrubajyotiborah/Documents/Projects/hcs_sso_with_oidc/apps/oidc/validators.py changed, reloading.
ERROR 2026-02-19 05:48:27,723 apps 23962 8562434240 Failed to register custom backends: argument of type 'module' is not iterable
INFO 2026-02-19 05:48:27,723 apps 23962 8562434240 Enabled providers: Google, Facebook
INFO 2026-02-19 05:48:27,723 apps 23962 8562434240 ✅ Social authentication app initialized successfully
INFO 2026-02-19 05:48:27,730 autoreload 23962 8562434240 Watching for file changes with StatReloader
INFO 2026-02-19 05:48:33,737 log 23962 6126137344 "GET /o/authorize/?response_type=code&client_id=5kWtcsPK1TeThWvN7gktrTfOsoiVdaY9OMqXEIV0&state=Rk9VQ0x4YVM0V2FlcmtqbGZwVlh3TTJ1V1l4dlZZUzZRZXl4TXZ0dTAtMnVs&redirect_uri=http%3A%2F%2Flocalhost%3A4200&scope=openid%20profile%20email%20read%20write%20api.read%20api.write%20offline_access&code_challenge=QS8rsTGQ4OnthGOQvDR0L6lgp8A21iB0Y1zpcHqcPFE&code_challenge_method=S256&nonce=Rk9VQ0x4YVM0V2FlcmtqbGZwVlh3TTJ1V1l4dlZZUzZRZXl4TXZ0dTAtMnVs HTTP/1.1" 200 4317
WARNING 2026-02-19 05:48:34,035 log 23962 6126137344 Not Found: /.well-known/appspecific/com.chrome.devtools.json
WARNING 2026-02-19 05:48:34,037 log 23962 6126137344 "GET /.well-known/appspecific/com.chrome.devtools.json HTTP/1.1" 404 5005
INFO 2026-02-19 05:48:36,958 log 23962 6126137344 "POST /o/authorize/?response_type=code&client_id=5kWtcsPK1TeThWvN7gktrTfOsoiVdaY9OMqXEIV0&state=Rk9VQ0x4YVM0V2FlcmtqbGZwVlh3TTJ1V1l4dlZZUzZRZXl4TXZ0dTAtMnVs&redirect_uri=http%3A%2F%2Flocalhost%3A4200&scope=openid%20profile%20email%20read%20write%20api.read%20api.write%20offline_access&code_challenge=QS8rsTGQ4OnthGOQvDR0L6lgp8A21iB0Y1zpcHqcPFE&code_challenge_method=S256&nonce=Rk9VQ0x4YVM0V2FlcmtqbGZwVlh3TTJ1V1l4dlZZUzZRZXl4TXZ0dTAtMnVs HTTP/1.1" 302 0
INFO 2026-02-19 05:48:37,127 log 23962 6159790080 "OPTIONS /o/.well-known/openid-configuration HTTP/1.1" 200 0
INFO 2026-02-19 05:48:37,219 log 23962 6159790080 "GET /o/.well-known/openid-configuration HTTP/1.1" 200 787
INFO 2026-02-19 05:48:37,284 log 23962 6159790080 "OPTIONS /o/.well-known/jwks.json HTTP/1.1" 200 0
INFO 2026-02-19 05:48:37,431 log 23962 6159790080 "GET /o/.well-known/jwks.json HTTP/1.1" 200 474
INFO 2026-02-19 05:48:37,574 validators 23962 6159790080 Token issued for user 8 via local
INFO 2026-02-19 05:48:37,581 signals 23962 6159790080 Access token created for user 8 via client 5kWtcsPK1TeThWvN7gktrTfOsoiVdaY9OMqXEIV0
INFO 2026-02-19 05:48:37,633 log 23962 6159790080 "POST /o/token/ HTTP/1.1" 200 1432
INFO 2026-02-19 05:49:18,875 log 23962 6159790080 "GET /o/.well-known/openid-configuration HTTP/1.1" 200 787
INFO 2026-02-19 05:49:18,926 log 23962 6159790080 "GET /o/.well-known/jwks.json HTTP/1.1" 200 474
INFO 2026-02-19 05:56:07,995 autoreload 23962 8562434240 /Users/dhrubajyotiborah/Documents/Projects/hcs_sso_with_oidc/apps/oidc/validators.py changed, reloading.
ERROR 2026-02-19 05:56:08,819 apps 27206 8562434240 Failed to register custom backends: argument of type 'module' is not iterable
INFO 2026-02-19 05:56:08,819 apps 27206 8562434240 Enabled providers: Google, Facebook
INFO 2026-02-19 05:56:08,819 apps 27206 8562434240 ✅ Social authentication app initialized successfully
INFO 2026-02-19 05:56:08,826 autoreload 27206 8562434240 Watching for file changes with StatReloader
INFO 2026-02-19 05:57:18,883 log 27206 6203109376 "GET /o/authorize/?response_type=code&client_id=5kWtcsPK1TeThWvN7gktrTfOsoiVdaY9OMqXEIV0&state=UHN2aU9mdjNaZjM1S19uOS5iTlNyaXREYnJHcnF4SktqdHFoM1RoX19xZFF1&redirect_uri=http%3A%2F%2Flocalhost%3A4200&scope=openid%20profile%20email%20read%20write%20api.read%20api.write%20offline_access&code_challenge=nzMuvAtFDwEXPPAxJ2VJlOv1RhL0cEl57oHFdez6AxI&code_challenge_method=S256&nonce=UHN2aU9mdjNaZjM1S19uOS5iTlNyaXREYnJHcnF4SktqdHFoM1RoX19xZFF1 HTTP/1.1" 302 0
INFO 2026-02-19 05:57:18,932 log 27206 6203109376 "GET /accounts/login/?next=/o/authorize/%3Fresponse_type%3Dcode%26client_id%3D5kWtcsPK1TeThWvN7gktrTfOsoiVdaY9OMqXEIV0%26state%3DUHN2aU9mdjNaZjM1S19uOS5iTlNyaXREYnJHcnF4SktqdHFoM1RoX19xZFF1%26redirect_uri%3Dhttp%253A%252F%252Flocalhost%253A4200%26scope%3Dopenid%2520profile%2520email%2520read%2520write%2520api.read%2520api.write%2520offline_access%26code_challenge%3DnzMuvAtFDwEXPPAxJ2VJlOv1RhL0cEl57oHFdez6AxI%26code_challenge_method%3DS256%26nonce%3DUHN2aU9mdjNaZjM1S19uOS5iTlNyaXREYnJHcnF4SktqdHFoM1RoX19xZFF1 HTTP/1.1" 200 8772
WARNING 2026-02-19 05:57:19,226 log 27206 6203109376 Not Found: /.well-known/appspecific/com.chrome.devtools.json
WARNING 2026-02-19 05:57:19,226 log 27206 6203109376 "GET /.well-known/appspecific/com.chrome.devtools.json HTTP/1.1" 404 5005
INFO 2026-02-19 05:57:30,524 log 27206 6203109376 "POST /accounts/login/?next=/o/authorize/%3Fresponse_type%3Dcode%26client_id%3D5kWtcsPK1TeThWvN7gktrTfOsoiVdaY9OMqXEIV0%26state%3DUHN2aU9mdjNaZjM1S19uOS5iTlNyaXREYnJHcnF4SktqdHFoM1RoX19xZFF1%26redirect_uri%3Dhttp%253A%252F%252Flocalhost%253A4200%26scope%3Dopenid%2520profile%2520email%2520read%2520write%2520api.read%2520api.write%2520offline_access%26code_challenge%3DnzMuvAtFDwEXPPAxJ2VJlOv1RhL0cEl57oHFdez6AxI%26code_challenge_method%3DS256%26nonce%3DUHN2aU9mdjNaZjM1S19uOS5iTlNyaXREYnJHcnF4SktqdHFoM1RoX19xZFF1 HTTP/1.1" 302 0
INFO 2026-02-19 05:57:30,600 log 27206 6203109376 "GET /o/authorize/?response_type=code&client_id=5kWtcsPK1TeThWvN7gktrTfOsoiVdaY9OMqXEIV0&state=UHN2aU9mdjNaZjM1S19uOS5iTlNyaXREYnJHcnF4SktqdHFoM1RoX19xZFF1&redirect_uri=http%3A%2F%2Flocalhost%3A4200&scope=openid%20profile%20email%20read%20write%20api.read%20api.write%20offline_access&code_challenge=nzMuvAtFDwEXPPAxJ2VJlOv1RhL0cEl57oHFdez6AxI&code_challenge_method=S256&nonce=UHN2aU9mdjNaZjM1S19uOS5iTlNyaXREYnJHcnF4SktqdHFoM1RoX19xZFF1 HTTP/1.1" 200 4317
WARNING 2026-02-19 05:57:30,692 log 27206 6203109376 Not Found: /.well-known/appspecific/com.chrome.devtools.json
WARNING 2026-02-19 05:57:30,693 log 27206 6203109376 "GET /.well-known/appspecific/com.chrome.devtools.json HTTP/1.1" 404 5005
INFO 2026-02-19 05:57:32,813 log 27206 6203109376 "POST /o/authorize/?response_type=code&client_id=5kWtcsPK1TeThWvN7gktrTfOsoiVdaY9OMqXEIV0&state=UHN2aU9mdjNaZjM1S19uOS5iTlNyaXREYnJHcnF4SktqdHFoM1RoX19xZFF1&redirect_uri=http%3A%2F%2Flocalhost%3A4200&scope=openid%20profile%20email%20read%20write%20api.read%20api.write%20offline_access&code_challenge=nzMuvAtFDwEXPPAxJ2VJlOv1RhL0cEl57oHFdez6AxI&code_challenge_method=S256&nonce=UHN2aU9mdjNaZjM1S19uOS5iTlNyaXREYnJHcnF4SktqdHFoM1RoX19xZFF1 HTTP/1.1" 302 0
INFO 2026-02-19 05:57:33,255 log 27206 6236762112 "GET /o/.well-known/openid-configuration HTTP/1.1" 200 787
INFO 2026-02-19 05:57:33,465 log 27206 6236762112 "GET /o/.well-known/jwks.json HTTP/1.1" 200 474
INFO 2026-02-19 05:57:33,623 validators 27206 6236762112 Token issued for user 8 via local
INFO 2026-02-19 05:57:33,630 signals 27206 6236762112 Access token created for user 8 via client 5kWtcsPK1TeThWvN7gktrTfOsoiVdaY9OMqXEIV0
INFO 2026-02-19 05:57:33,672 log 27206 6236762112 "POST /o/token/ HTTP/1.1" 200 1475
INFO 2026-02-19 06:15:44,706 log 27206 6203109376 "POST /o/introspect/ HTTP/1.1" 200 199
INFO 2026-02-19 07:12:39,052 log 27206 6203109376 "POST /o/introspect/ HTTP/1.1" 200 17
INFO 2026-02-19 07:12:39,078 log 27206 6219935744 "POST /o/introspect/ HTTP/1.1" 200 17
INFO 2026-02-19 07:13:00,896 log 27206 6219362304 "POST /o/introspect/ HTTP/1.1" 200 17
INFO 2026-02-19 07:13:00,897 log 27206 6202535936 "POST /o/introspect/ HTTP/1.1" 200 17
INFO 2026-02-19 07:13:37,147 log 27206 6202535936 "POST /o/introspect/ HTTP/1.1" 200 17
INFO 2026-02-19 07:14:19,685 log 27206 6202535936 "GET /o/authorize/?response_type=code&client_id=5kWtcsPK1TeThWvN7gktrTfOsoiVdaY9OMqXEIV0&state=LlY1TDNzS3BCVmE4ampudUVMMVVCZFFqTzQ5UGNGNGw3WXoxZWx3NW45R3h1&redirect_uri=http%3A%2F%2Flocalhost%3A4200&scope=openid%20profile%20email%20read%20write%20api.read%20api.write%20offline_access&code_challenge=w6cfym70Blajb8RlGjxPBu65pcXQnY9jpVQbm2cXVdI&code_challenge_method=S256&nonce=LlY1TDNzS3BCVmE4ampudUVMMVVCZFFqTzQ5UGNGNGw3WXoxZWx3NW45R3h1 HTTP/1.1" 302 0
INFO 2026-02-19 07:14:19,728 log 27206 6202535936 "GET /accounts/login/?next=/o/authorize/%3Fresponse_type%3Dcode%26client_id%3D5kWtcsPK1TeThWvN7gktrTfOsoiVdaY9OMqXEIV0%26state%3DLlY1TDNzS3BCVmE4ampudUVMMVVCZFFqTzQ5UGNGNGw3WXoxZWx3NW45R3h1%26redirect_uri%3Dhttp%253A%252F%252Flocalhost%253A4200%26scope%3Dopenid%2520profile%2520email%2520read%2520write%2520api.read%2520api.write%2520offline_access%26code_challenge%3Dw6cfym70Blajb8RlGjxPBu65pcXQnY9jpVQbm2cXVdI%26code_challenge_method%3DS256%26nonce%3DLlY1TDNzS3BCVmE4ampudUVMMVVCZFFqTzQ5UGNGNGw3WXoxZWx3NW45R3h1 HTTP/1.1" 200 8772
WARNING 2026-02-19 07:14:19,996 log 27206 6202535936 Not Found: /.well-known/appspecific/com.chrome.devtools.json
WARNING 2026-02-19 07:14:19,998 log 27206 6202535936 "GET /.well-known/appspecific/com.chrome.devtools.json HTTP/1.1" 404 5005
INFO 2026-02-19 07:14:33,901 log 27206 6202535936 "POST /accounts/login/?next=/o/authorize/%3Fresponse_type%3Dcode%26client_id%3D5kWtcsPK1TeThWvN7gktrTfOsoiVdaY9OMqXEIV0%26state%3DLlY1TDNzS3BCVmE4ampudUVMMVVCZFFqTzQ5UGNGNGw3WXoxZWx3NW45R3h1%26redirect_uri%3Dhttp%253A%252F%252Flocalhost%253A4200%26scope%3Dopenid%2520profile%2520email%2520read%2520write%2520api.read%2520api.write%2520offline_access%26code_challenge%3Dw6cfym70Blajb8RlGjxPBu65pcXQnY9jpVQbm2cXVdI%26code_challenge_method%3DS256%26nonce%3DLlY1TDNzS3BCVmE4ampudUVMMVVCZFFqTzQ5UGNGNGw3WXoxZWx3NW45R3h1 HTTP/1.1" 302 0
INFO 2026-02-19 07:14:33,957 log 27206 6202535936 "GET /o/authorize/?response_type=code&client_id=5kWtcsPK1TeThWvN7gktrTfOsoiVdaY9OMqXEIV0&state=LlY1TDNzS3BCVmE4ampudUVMMVVCZFFqTzQ5UGNGNGw3WXoxZWx3NW45R3h1&redirect_uri=http%3A%2F%2Flocalhost%3A4200&scope=openid%20profile%20email%20read%20write%20api.read%20api.write%20offline_access&code_challenge=w6cfym70Blajb8RlGjxPBu65pcXQnY9jpVQbm2cXVdI&code_challenge_method=S256&nonce=LlY1TDNzS3BCVmE4ampudUVMMVVCZFFqTzQ5UGNGNGw3WXoxZWx3NW45R3h1 HTTP/1.1" 200 4317
WARNING 2026-02-19 07:14:34,076 log 27206 6202535936 Not Found: /.well-known/appspecific/com.chrome.devtools.json
WARNING 2026-02-19 07:14:34,077 log 27206 6202535936 "GET /.well-known/appspecific/com.chrome.devtools.json HTTP/1.1" 404 5005
INFO 2026-02-19 07:14:36,282 log 27206 6202535936 "POST /o/authorize/?response_type=code&client_id=5kWtcsPK1TeThWvN7gktrTfOsoiVdaY9OMqXEIV0&state=LlY1TDNzS3BCVmE4ampudUVMMVVCZFFqTzQ5UGNGNGw3WXoxZWx3NW45R3h1&redirect_uri=http%3A%2F%2Flocalhost%3A4200&scope=openid%20profile%20email%20read%20write%20api.read%20api.write%20offline_access&code_challenge=w6cfym70Blajb8RlGjxPBu65pcXQnY9jpVQbm2cXVdI&code_challenge_method=S256&nonce=LlY1TDNzS3BCVmE4ampudUVMMVVCZFFqTzQ5UGNGNGw3WXoxZWx3NW45R3h1 HTTP/1.1" 302 0
INFO 2026-02-19 07:14:36,757 log 27206 6237335552 "GET /o/.well-known/openid-configuration HTTP/1.1" 200 787
INFO 2026-02-19 07:14:36,965 log 27206 6254161920 "GET /o/.well-known/jwks.json HTTP/1.1" 200 474
INFO 2026-02-19 07:14:36,975 validators 27206 6237335552 Token issued for user 8 via local
INFO 2026-02-19 07:14:37,004 signals 27206 6237335552 Access token created for user 8 via client 5kWtcsPK1TeThWvN7gktrTfOsoiVdaY9OMqXEIV0
INFO 2026-02-19 07:14:37,092 log 27206 6237335552 "POST /o/token/ HTTP/1.1" 200 1475
INFO 2026-02-19 07:14:37,517 log 27206 6270988288 "POST /o/introspect/ HTTP/1.1" 200 199
WARNING 2026-02-19 07:14:37,608 log 27206 6287814656 Not Found: /userinfo/
WARNING 2026-02-19 07:14:37,608 log 27206 6287814656 "GET /userinfo/ HTTP/1.1" 404 4848
INFO 2026-02-19 07:14:41,349 log 27206 6270988288 "POST /o/introspect/ HTTP/1.1" 200 199
INFO 2026-02-19 07:14:41,356 log 27206 6287814656 "POST /o/introspect/ HTTP/1.1" 200 199
WARNING 2026-02-19 07:14:41,383 log 27206 6304641024 Not Found: /userinfo/
WARNING 2026-02-19 07:14:41,384 log 27206 6304641024 "GET /userinfo/ HTTP/1.1" 404 4848
WARNING 2026-02-19 07:14:41,384 log 27206 6321467392 Not Found: /userinfo/
WARNING 2026-02-19 07:14:41,385 log 27206 6321467392 "GET /userinfo/ HTTP/1.1" 404 4848
INFO 2026-02-19 07:15:53,628 log 27206 6270988288 "POST /o/introspect/ HTTP/1.1" 200 199
INFO 2026-02-19 07:20:05,997 log 27206 6219362304 "POST /o/introspect/ HTTP/1.1" 200 199
INFO 2026-02-19 07:20:05,998 log 27206 6202535936 "POST /o/introspect/ HTTP/1.1" 200 199
WARNING 2026-02-19 07:20:06,032 log 27206 6237335552 Not Found: /userinfo/
WARNING 2026-02-19 07:20:06,032 log 27206 6254161920 Not Found: /userinfo/
WARNING 2026-02-19 07:20:06,032 log 27206 6237335552 "GET /userinfo/ HTTP/1.1" 404 4848
WARNING 2026-02-19 07:20:06,033 log 27206 6254161920 "GET /userinfo/ HTTP/1.1" 404 4848
INFO 2026-02-19 07:22:10,648 log 27206 6202535936 "POST /o/introspect/ HTTP/1.1" 200 199
INFO 2026-02-19 07:22:10,648 log 27206 6219362304 "POST /o/introspect/ HTTP/1.1" 200 199
WARNING 2026-02-19 07:22:10,682 log 27206 6237335552 Not Found: /userinfo/
WARNING 2026-02-19 07:22:10,682 log 27206 6254161920 Not Found: /userinfo/
WARNING 2026-02-19 07:22:10,683 log 27206 6237335552 "GET /userinfo/ HTTP/1.1" 404 4848
WARNING 2026-02-19 07:22:10,683 log 27206 6254161920 "GET /userinfo/ HTTP/1.1" 404 4848
INFO 2026-02-19 07:25:50,246 log 27206 6219362304 "POST /o/introspect/ HTTP/1.1" 200 199
INFO 2026-02-19 07:25:50,246 log 27206 6202535936 "POST /o/introspect/ HTTP/1.1" 200 199
WARNING 2026-02-19 07:25:50,281 log 27206 6237335552 Not Found: /userinfo/
WARNING 2026-02-19 07:25:50,282 log 27206 6254161920 Not Found: /userinfo/
WARNING 2026-02-19 07:25:50,282 log 27206 6254161920 "GET /userinfo/ HTTP/1.1" 404 4848
WARNING 2026-02-19 07:25:50,282 log 27206 6237335552 "GET /userinfo/ HTTP/1.1" 404 4848
INFO 2026-02-19 07:35:44,509 log 27206 6219362304 "POST /o/introspect/ HTTP/1.1" 200 199
INFO 2026-02-19 07:35:44,509 log 27206 6202535936 "POST /o/introspect/ HTTP/1.1" 200 199
WARNING 2026-02-19 07:35:44,705 log 27206 6237335552 Not Found: /userinfo/
WARNING 2026-02-19 07:35:44,706 log 27206 6237335552 "GET /userinfo/ HTTP/1.1" 404 4848
WARNING 2026-02-19 07:35:44,707 log 27206 6254161920 Not Found: /userinfo/
WARNING 2026-02-19 07:35:44,708 log 27206 6254161920 "GET /userinfo/ HTTP/1.1" 404 4848
INFO 2026-02-19 07:36:33,535 log 27206 6219362304 "POST /o/introspect/ HTTP/1.1" 200 199
INFO 2026-02-19 07:36:33,538 log 27206 6202535936 "POST /o/introspect/ HTTP/1.1" 200 199
WARNING 2026-02-19 07:36:33,569 log 27206 6254161920 Not Found: /userinfo/
WARNING 2026-02-19 07:36:33,571 log 27206 6254161920 "GET /userinfo/ HTTP/1.1" 404 4848
WARNING 2026-02-19 07:36:33,573 log 27206 6237335552 Not Found: /userinfo/
WARNING 2026-02-19 07:36:33,573 log 27206 6237335552 "GET /userinfo/ HTTP/1.1" 404 4848
INFO 2026-02-19 07:37:11,396 log 27206 6202535936 "POST /o/introspect/ HTTP/1.1" 200 199
WARNING 2026-02-19 07:37:11,761 log 27206 6219362304 Not Found: /userinfo/
WARNING 2026-02-19 07:37:11,765 log 27206 6219362304 "GET /userinfo/ HTTP/1.1" 404 4848
INFO 2026-02-19 07:37:12,809 log 27206 6219362304 "POST /o/introspect/ HTTP/1.1" 200 199
INFO 2026-02-19 07:37:12,810 log 27206 6202535936 "POST /o/introspect/ HTTP/1.1" 200 199
WARNING 2026-02-19 07:37:12,856 log 27206 6237335552 Not Found: /userinfo/
WARNING 2026-02-19 07:37:12,861 log 27206 6237335552 "GET /userinfo/ HTTP/1.1" 404 4848
WARNING 2026-02-19 07:37:12,878 log 27206 6254161920 Not Found: /userinfo/
WARNING 2026-02-19 07:37:12,882 log 27206 6254161920 "GET /userinfo/ HTTP/1.1" 404 4848
INFO 2026-02-19 07:38:38,627 log 27206 6219362304 "POST /o/introspect/ HTTP/1.1" 200 199
INFO 2026-02-19 07:38:38,628 log 27206 6202535936 "POST /o/introspect/ HTTP/1.1" 200 199
WARNING 2026-02-19 07:38:38,685 log 27206 6254161920 Not Found: /userinfo/
WARNING 2026-02-19 07:38:38,686 log 27206 6237335552 Not Found: /userinfo/
WARNING 2026-02-19 07:38:38,686 log 27206 6237335552 "GET /userinfo/ HTTP/1.1" 404 4848
WARNING 2026-02-19 07:38:38,686 log 27206 6254161920 "GET /userinfo/ HTTP/1.1" 404 4848
INFO 2026-02-19 07:38:38,796 log 27206 6202535936 "POST /o/introspect/ HTTP/1.1" 200 199
WARNING 2026-02-19 07:38:38,832 log 27206 6219362304 Not Found: /userinfo/
WARNING 2026-02-19 07:38:38,833 log 27206 6219362304 "GET /userinfo/ HTTP/1.1" 404 4848
WARNING 2026-02-19 07:42:10,519 log 27206 6202535936 Not Found: /api/oidc/
WARNING 2026-02-19 07:42:10,521 log 27206 6202535936 "GET /api/oidc/ HTTP/1.1" 404 9193
INFO 2026-02-19 07:43:50,432 log 27206 6202535936 "GET /o/.well-known/jwks.json HTTP/1.1" 200 474
WARNING 2026-02-19 07:44:12,533 log 27206 6202535936 Not Found: /o/
WARNING 2026-02-19 07:44:12,534 log 27206 6202535936 "GET /o/ HTTP/1.1" 404 10006
INFO 2026-02-19 07:45:43,934 log 27206 6219362304 "POST /o/introspect/ HTTP/1.1" 200 199
INFO 2026-02-19 07:45:43,935 log 27206 6236762112 "POST /o/introspect/ HTTP/1.1" 200 199
INFO 2026-02-19 07:45:44,008 log 27206 6270988288 "GET /o/userinfo/ HTTP/1.1" 200 225
INFO 2026-02-19 07:45:44,008 log 27206 6254161920 "GET /o/userinfo/ HTTP/1.1" 200 225
INFO 2026-02-19 07:49:50,912 log 27206 6202535936 "OPTIONS /o/.well-known/openid-configuration HTTP/1.1" 200 0
INFO 2026-02-19 07:49:52,355 log 27206 6202535936 "GET /o/.well-known/openid-configuration HTTP/1.1" 200 787
INFO 2026-02-19 07:49:52,394 log 27206 6202535936 "OPTIONS /o/.well-known/jwks.json HTTP/1.1" 200 0
INFO 2026-02-19 07:49:52,550 log 27206 6202535936 "GET /o/.well-known/jwks.json HTTP/1.1" 200 474
INFO 2026-02-19 07:49:52,933 log 27206 6254161920 "POST /o/introspect/ HTTP/1.1" 200 199
INFO 2026-02-19 07:49:52,937 log 27206 6236188672 "POST /o/introspect/ HTTP/1.1" 200 199
INFO 2026-02-19 07:49:53,008 log 27206 6287814656 "GET /o/userinfo/ HTTP/1.1" 200 225
INFO 2026-02-19 07:49:53,023 log 27206 6304641024 "GET /o/userinfo/ HTTP/1.1" 200 225
WARNING 2026-02-19 09:05:50,542 log 27206 6202535936 Not Found: /api/oidc/
WARNING 2026-02-19 09:05:50,544 log 27206 6202535936 "GET /api/oidc/ HTTP/1.1" 404 9193
INFO 2026-02-19 09:06:42,955 log 27206 6219362304 "POST /o/introspect/ HTTP/1.1" 200 17
INFO 2026-02-19 09:06:42,956 log 27206 6253588480 "POST /o/introspect/ HTTP/1.1" 200 17
INFO 2026-02-19 09:09:19,225 log 27206 6202535936 "GET /o/authorize/?response_type=code&client_id=5kWtcsPK1TeThWvN7gktrTfOsoiVdaY9OMqXEIV0&state=NTEyRXdZNk5yTjJGWDJrNkljOHRTc1RzUC5TVU5DbnFOUlJzRG1oVzBKUHlC&redirect_uri=http%3A%2F%2Flocalhost%3A4200&scope=openid%20profile%20email%20read%20write%20api.read%20api.write%20offline_access&code_challenge=Ue9EuJnd3ye9mb_nQH-UjXa5LtiPiy-oEQgNPCWUU5s&code_challenge_method=S256&nonce=NTEyRXdZNk5yTjJGWDJrNkljOHRTc1RzUC5TVU5DbnFOUlJzRG1oVzBKUHlC HTTP/1.1" 200 4317
WARNING 2026-02-19 09:09:19,385 log 27206 6202535936 Not Found: /.well-known/appspecific/com.chrome.devtools.json
WARNING 2026-02-19 09:09:19,387 log 27206 6202535936 "GET /.well-known/appspecific/com.chrome.devtools.json HTTP/1.1" 404 5005
INFO 2026-02-19 09:09:25,389 log 27206 6202535936 "POST /o/authorize/?response_type=code&client_id=5kWtcsPK1TeThWvN7gktrTfOsoiVdaY9OMqXEIV0&state=NTEyRXdZNk5yTjJGWDJrNkljOHRTc1RzUC5TVU5DbnFOUlJzRG1oVzBKUHlC&redirect_uri=http%3A%2F%2Flocalhost%3A4200&scope=openid%20profile%20email%20read%20write%20api.read%20api.write%20offline_access&code_challenge=Ue9EuJnd3ye9mb_nQH-UjXa5LtiPiy-oEQgNPCWUU5s&code_challenge_method=S256&nonce=NTEyRXdZNk5yTjJGWDJrNkljOHRTc1RzUC5TVU5DbnFOUlJzRG1oVzBKUHlC HTTP/1.1" 302 0
INFO 2026-02-19 09:09:25,843 log 27206 6236188672 "GET /o/.well-known/openid-configuration HTTP/1.1" 200 787
INFO 2026-02-19 09:09:25,864 log 27206 6236188672 "OPTIONS /o/token/ HTTP/1.1" 200 0
INFO 2026-02-19 09:09:26,009 log 27206 6253588480 "GET /o/.well-known/jwks.json HTTP/1.1" 200 474
INFO 2026-02-19 09:09:26,144 validators 27206 6236188672 Token issued for user 8 via local
INFO 2026-02-19 09:09:26,154 signals 27206 6236188672 Access token created for user 8 via client 5kWtcsPK1TeThWvN7gktrTfOsoiVdaY9OMqXEIV0
INFO 2026-02-19 09:09:26,210 log 27206 6236188672 "POST /o/token/ HTTP/1.1" 200 1475
INFO 2026-02-19 09:09:26,403 log 27206 6270988288 "POST /o/introspect/ HTTP/1.1" 200 199
INFO 2026-02-19 09:09:26,712 log 27206 6287814656 "GET /api/oidc/userinfo/ HTTP/1.1" 200 210
INFO 2026-02-19 09:09:28,958 log 27206 6287814656 "POST /o/introspect/ HTTP/1.1" 200 199
INFO 2026-02-19 09:09:28,961 log 27206 6270988288 "POST /o/introspect/ HTTP/1.1" 200 199
INFO 2026-02-19 09:09:29,000 log 27206 6304641024 "GET /api/oidc/userinfo/ HTTP/1.1" 200 210
INFO 2026-02-19 09:09:29,004 log 27206 6321467392 "GET /api/oidc/userinfo/ HTTP/1.1" 200 210
INFO 2026-02-19 09:17:48,998 log 27206 6219362304 "POST /o/introspect/ HTTP/1.1" 200 199
INFO 2026-02-19 09:17:48,999 log 27206 6202535936 "POST /o/introspect/ HTTP/1.1" 200 199
INFO 2026-02-19 09:17:49,057 log 27206 6253015040 "GET /api/oidc/userinfo/ HTTP/1.1" 200 210
INFO 2026-02-19 09:17:49,061 log 27206 6236188672 "GET /api/oidc/userinfo/ HTTP/1.1" 200 210
INFO 2026-02-19 09:18:09,787 log 27206 6219362304 "POST /o/introspect/ HTTP/1.1" 200 199
INFO 2026-02-19 09:18:09,788 log 27206 6202535936 "POST /o/introspect/ HTTP/1.1" 200 199
INFO 2026-02-19 09:18:09,840 log 27206 6253015040 "GET /api/oidc/userinfo/ HTTP/1.1" 200 210
INFO 2026-02-19 09:18:09,842 log 27206 6236188672 "GET /api/oidc/userinfo/ HTTP/1.1" 200 210
INFO 2026-02-19 09:19:06,069 log 27206 6202535936 "POST /o/introspect/ HTTP/1.1" 200 199
INFO 2026-02-19 09:19:06,368 log 27206 6219362304 "GET /api/oidc/userinfo/ HTTP/1.1" 200 210
INFO 2026-02-19 09:19:06,819 log 27206 6202535936 "POST /o/introspect/ HTTP/1.1" 200 199
INFO 2026-02-19 09:19:06,820 log 27206 6219362304 "POST /o/introspect/ HTTP/1.1" 200 199
INFO 2026-02-19 09:19:06,870 log 27206 6270414848 "GET /api/oidc/userinfo/ HTTP/1.1" 200 210
INFO 2026-02-19 09:19:06,870 log 27206 6236762112 "GET /api/oidc/userinfo/ HTTP/1.1" 200 210
INFO 2026-02-19 09:19:36,920 log 27206 6202535936 "POST /o/introspect/ HTTP/1.1" 200 199
INFO 2026-02-19 09:19:36,922 log 27206 6219362304 "POST /o/introspect/ HTTP/1.1" 200 199
INFO 2026-02-19 09:19:36,971 log 27206 6254161920 "GET /api/oidc/userinfo/ HTTP/1.1" 200 210
INFO 2026-02-19 09:19:36,973 log 27206 6237335552 "GET /api/oidc/userinfo/ HTTP/1.1" 200 210
INFO 2026-02-19 09:20:59,385 log 27206 6202535936 "POST /o/introspect/ HTTP/1.1" 200 199
INFO 2026-02-19 09:20:59,385 log 27206 6219362304 "POST /o/introspect/ HTTP/1.1" 200 199
INFO 2026-02-19 09:20:59,435 log 27206 6237335552 "GET /api/oidc/userinfo/ HTTP/1.1" 200 210
INFO 2026-02-19 09:20:59,435 log 27206 6254161920 "GET /api/oidc/userinfo/ HTTP/1.1" 200 210
INFO 2026-02-19 10:14:15,507 autoreload 27206 8562434240 /Users/dhrubajyotiborah/Documents/Projects/hcs_sso_with_oidc/apps/oidc/views/token.py changed, reloading.
ERROR 2026-02-19 10:14:16,476 apps 7819 8562434240 Failed to register custom backends: argument of type 'module' is not iterable
INFO 2026-02-19 10:14:16,476 apps 7819 8562434240 Enabled providers: Google, Facebook
INFO 2026-02-19 10:14:16,476 apps 7819 8562434240 ✅ Social authentication app initialized successfully
INFO 2026-02-19 10:14:16,484 autoreload 7819 8562434240 Watching for file changes with StatReloader
INFO 2026-02-19 10:17:04,302 log 7819 6160674816 "GET /o/authorize/?response_type=code&client_id=5kWtcsPK1TeThWvN7gktrTfOsoiVdaY9OMqXEIV0&state=QURjTHZ1SUdWTGNRQ2daT3BzT1Rhc1FqOHR4eXY4UTRQVnhnYm1HN3RVc2FF&redirect_uri=http%3A%2F%2Flocalhost%3A4200&scope=openid%20profile%20email%20read%20write%20api.read%20api.write%20offline_access&code_challenge=XlUbeLB1R8Dyh_8K4VC9uytUFu0ScspqeqwnOVSco_E&code_challenge_method=S256&nonce=QURjTHZ1SUdWTGNRQ2daT3BzT1Rhc1FqOHR4eXY4UTRQVnhnYm1HN3RVc2FF HTTP/1.1" 200 4317
WARNING 2026-02-19 10:17:04,916 log 7819 6160674816 Not Found: /.well-known/appspecific/com.chrome.devtools.json
WARNING 2026-02-19 10:17:04,920 log 7819 6160674816 "GET /.well-known/appspecific/com.chrome.devtools.json HTTP/1.1" 404 5005
INFO 2026-02-19 10:17:07,014 log 7819 6160674816 "POST /o/authorize/?response_type=code&client_id=5kWtcsPK1TeThWvN7gktrTfOsoiVdaY9OMqXEIV0&state=QURjTHZ1SUdWTGNRQ2daT3BzT1Rhc1FqOHR4eXY4UTRQVnhnYm1HN3RVc2FF&redirect_uri=http%3A%2F%2Flocalhost%3A4200&scope=openid%20profile%20email%20read%20write%20api.read%20api.write%20offline_access&code_challenge=XlUbeLB1R8Dyh_8K4VC9uytUFu0ScspqeqwnOVSco_E&code_challenge_method=S256&nonce=QURjTHZ1SUdWTGNRQ2daT3BzT1Rhc1FqOHR4eXY4UTRQVnhnYm1HN3RVc2FF HTTP/1.1" 302 0
INFO 2026-02-19 10:17:07,364 log 7819 6194327552 "GET /o/.well-known/openid-configuration HTTP/1.1" 200 787
INFO 2026-02-19 10:17:07,629 log 7819 6194327552 "GET /o/.well-known/jwks.json HTTP/1.1" 200 474
INFO 2026-02-19 10:17:08,053 validators 7819 6194327552 Token issued for user 8 via local
INFO 2026-02-19 10:17:08,063 signals 7819 6194327552 Access token created for user 8 via client 5kWtcsPK1TeThWvN7gktrTfOsoiVdaY9OMqXEIV0
INFO 2026-02-19 10:17:08,112 log 7819 6194327552 "POST /o/token/ HTTP/1.1" 200 1475
INFO 2026-02-19 10:17:08,633 log 7819 6211153920 "POST /o/introspect/ HTTP/1.1" 200 199
ERROR 2026-02-19 10:17:08,696 token 7819 6227980288 UserInfo endpoint error: 'Request' object has no attribute 'access_token'
ERROR 2026-02-19 10:17:08,752 log 7819 6227980288 Internal Server Error: /api/oidc/userinfo/
ERROR 2026-02-19 10:17:08,752 log 7819 6227980288 "GET /api/oidc/userinfo/ HTTP/1.1" 500 95
INFO 2026-02-19 10:30:20,881 autoreload 7819 8562434240 /Users/dhrubajyotiborah/Documents/Projects/hcs_sso_with_oidc/sso/settings.py changed, reloading.
ERROR 2026-02-19 10:30:21,776 apps 14545 8562434240 Failed to register custom backends: argument of type 'module' is not iterable
INFO 2026-02-19 10:30:21,776 apps 14545 8562434240 Enabled providers: Google, Facebook
INFO 2026-02-19 10:30:21,776 apps 14545 8562434240 ✅ Social authentication app initialized successfully
INFO 2026-02-19 10:30:21,784 autoreload 14545 8562434240 Watching for file changes with StatReloader
INFO 2026-02-19 10:30:31,371 log 14545 6191411200 "GET /o/authorize/?response_type=code&client_id=5kWtcsPK1TeThWvN7gktrTfOsoiVdaY9OMqXEIV0&state=a1VqOXZxZzFkfkxKZXlvM2N-OUJualRvdFFESUxnfnZBVmozUnFiUGhYTkxW&redirect_uri=http%3A%2F%2Flocalhost%3A4200&scope=openid%20profile%20email%20read%20write%20api.read%20api.write%20offline_access&code_challenge=ccaJb6PeoRwXKq70RJOo_5QAo3U9hD4I5N7IPMH2gcw&code_challenge_method=S256&nonce=a1VqOXZxZzFkfkxKZXlvM2N-OUJualRvdFFESUxnfnZBVmozUnFiUGhYTkxW HTTP/1.1" 200 4317
WARNING 2026-02-19 10:30:31,791 log 14545 6191411200 Not Found: /.well-known/appspecific/com.chrome.devtools.json
WARNING 2026-02-19 10:30:31,793 log 14545 6191411200 "GET /.well-known/appspecific/com.chrome.devtools.json HTTP/1.1" 404 5005
INFO 2026-02-19 10:30:33,827 log 14545 6191411200 "POST /o/authorize/?response_type=code&client_id=5kWtcsPK1TeThWvN7gktrTfOsoiVdaY9OMqXEIV0&state=a1VqOXZxZzFkfkxKZXlvM2N-OUJualRvdFFESUxnfnZBVmozUnFiUGhYTkxW&redirect_uri=http%3A%2F%2Flocalhost%3A4200&scope=openid%20profile%20email%20read%20write%20api.read%20api.write%20offline_access&code_challenge=ccaJb6PeoRwXKq70RJOo_5QAo3U9hD4I5N7IPMH2gcw&code_challenge_method=S256&nonce=a1VqOXZxZzFkfkxKZXlvM2N-OUJualRvdFFESUxnfnZBVmozUnFiUGhYTkxW HTTP/1.1" 302 0
INFO 2026-02-19 10:30:34,155 log 14545 6225063936 "GET /o/.well-known/openid-configuration HTTP/1.1" 200 787
INFO 2026-02-19 10:30:34,372 log 14545 6225063936 "GET /o/.well-known/jwks.json HTTP/1.1" 200 474
INFO 2026-02-19 10:30:34,517 validators 14545 6225063936 Token issued for user 8 via local
INFO 2026-02-19 10:30:34,524 signals 14545 6225063936 Access token created for user 8 via client 5kWtcsPK1TeThWvN7gktrTfOsoiVdaY9OMqXEIV0
INFO 2026-02-19 10:30:34,567 log 14545 6225063936 "POST /o/token/ HTTP/1.1" 200 1475
INFO 2026-02-19 10:30:34,801 log 14545 6241890304 "POST /o/introspect/ HTTP/1.1" 200 199
ERROR 2026-02-19 10:30:34,941 log 14545 6258716672 Internal Server Error: /api/oidc/userinfo/
Traceback (most recent call last):
  File "/Users/dhrubajyotiborah/Documents/Projects/hcs_sso_with_oidc/venv/lib/python3.12/site-packages/rest_framework/request.py", line 74, in wrap_attributeerrors
    yield
  File "/Users/dhrubajyotiborah/Documents/Projects/hcs_sso_with_oidc/venv/lib/python3.12/site-packages/rest_framework/request.py", line 232, in user
    self._authenticate()
  File "/Users/dhrubajyotiborah/Documents/Projects/hcs_sso_with_oidc/venv/lib/python3.12/site-packages/rest_framework/request.py", line 385, in _authenticate
    user_auth_tuple = authenticator.authenticate(self)
                      ^^^^^^^^^^^^^^^^^^^^^^^^^^^^^^^^
  File "/Users/dhrubajyotiborah/Documents/Projects/hcs_sso_with_oidc/apps/api/authentication_introspection.py", line 173, in authenticate
    claims = introspect_token(token, use_cache=True)
             ^^^^^^^^^^^^^^^^^^^^^^^^^^^^^^^^^^^^^^^
  File "/Users/dhrubajyotiborah/Documents/Projects/hcs_sso_with_oidc/apps/api/authentication_introspection.py", line 90, in introspect_token
    introspection_url = settings.SSO_INTROSPECTION_URL  # e.g., http://sso.example.com/o/introspect/
                        ^^^^^^^^^^^^^^^^^^^^^^^^^^^^^^
  File "/Users/dhrubajyotiborah/Documents/Projects/hcs_sso_with_oidc/venv/lib/python3.12/site-packages/django/conf/__init__.py", line 77, in __getattr__
    val = getattr(_wrapped, name)
          ^^^^^^^^^^^^^^^^^^^^^^^
AttributeError: 'Settings' object has no attribute 'SSO_INTROSPECTION_URL'

During handling of the above exception, another exception occurred:

Traceback (most recent call last):
  File "/Users/dhrubajyotiborah/Documents/Projects/hcs_sso_with_oidc/venv/lib/python3.12/site-packages/django/core/handlers/exception.py", line 55, in inner
    response = get_response(request)
               ^^^^^^^^^^^^^^^^^^^^^
  File "/Users/dhrubajyotiborah/Documents/Projects/hcs_sso_with_oidc/venv/lib/python3.12/site-packages/django/core/handlers/base.py", line 198, in _get_response
    response = wrapped_callback(request, *callback_args, **callback_kwargs)
               ^^^^^^^^^^^^^^^^^^^^^^^^^^^^^^^^^^^^^^^^^^^^^^^^^^^^^^^^^^^^
  File "/Users/dhrubajyotiborah/Documents/Projects/hcs_sso_with_oidc/venv/lib/python3.12/site-packages/django/views/decorators/csrf.py", line 65, in _view_wrapper
    return view_func(request, *args, **kwargs)
           ^^^^^^^^^^^^^^^^^^^^^^^^^^^^^^^^^^^
  File "/Users/dhrubajyotiborah/Documents/Projects/hcs_sso_with_oidc/venv/lib/python3.12/site-packages/django/views/generic/base.py", line 106, in view
    return self.dispatch(request, *args, **kwargs)
           ^^^^^^^^^^^^^^^^^^^^^^^^^^^^^^^^^^^^^^^
  File "/Users/dhrubajyotiborah/Documents/Projects/hcs_sso_with_oidc/venv/lib/python3.12/site-packages/rest_framework/views.py", line 515, in dispatch
    response = self.handle_exception(exc)
               ^^^^^^^^^^^^^^^^^^^^^^^^^^
  File "/Users/dhrubajyotiborah/Documents/Projects/hcs_sso_with_oidc/venv/lib/python3.12/site-packages/rest_framework/views.py", line 475, in handle_exception
    self.raise_uncaught_exception(exc)
  File "/Users/dhrubajyotiborah/Documents/Projects/hcs_sso_with_oidc/venv/lib/python3.12/site-packages/rest_framework/views.py", line 486, in raise_uncaught_exception
    raise exc
  File "/Users/dhrubajyotiborah/Documents/Projects/hcs_sso_with_oidc/venv/lib/python3.12/site-packages/rest_framework/views.py", line 503, in dispatch
    self.initial(request, *args, **kwargs)
  File "/Users/dhrubajyotiborah/Documents/Projects/hcs_sso_with_oidc/venv/lib/python3.12/site-packages/rest_framework/views.py", line 420, in initial
    self.perform_authentication(request)
  File "/Users/dhrubajyotiborah/Documents/Projects/hcs_sso_with_oidc/venv/lib/python3.12/site-packages/rest_framework/views.py", line 330, in perform_authentication
    request.user
  File "/Users/dhrubajyotiborah/Documents/Projects/hcs_sso_with_oidc/venv/lib/python3.12/site-packages/rest_framework/request.py", line 231, in user
    with wrap_attributeerrors():
  File "/Library/Frameworks/Python.framework/Versions/3.12/lib/python3.12/contextlib.py", line 158, in __exit__
    self.gen.throw(value)
  File "/Users/dhrubajyotiborah/Documents/Projects/hcs_sso_with_oidc/venv/lib/python3.12/site-packages/rest_framework/request.py", line 78, in wrap_attributeerrors
    raise exc.with_traceback(info[2])
  File "/Users/dhrubajyotiborah/Documents/Projects/hcs_sso_with_oidc/venv/lib/python3.12/site-packages/rest_framework/request.py", line 74, in wrap_attributeerrors
    yield
  File "/Users/dhrubajyotiborah/Documents/Projects/hcs_sso_with_oidc/venv/lib/python3.12/site-packages/rest_framework/request.py", line 232, in user
    self._authenticate()
  File "/Users/dhrubajyotiborah/Documents/Projects/hcs_sso_with_oidc/venv/lib/python3.12/site-packages/rest_framework/request.py", line 385, in _authenticate
    user_auth_tuple = authenticator.authenticate(self)
                      ^^^^^^^^^^^^^^^^^^^^^^^^^^^^^^^^
  File "/Users/dhrubajyotiborah/Documents/Projects/hcs_sso_with_oidc/apps/api/authentication_introspection.py", line 173, in authenticate
    claims = introspect_token(token, use_cache=True)
             ^^^^^^^^^^^^^^^^^^^^^^^^^^^^^^^^^^^^^^^
  File "/Users/dhrubajyotiborah/Documents/Projects/hcs_sso_with_oidc/apps/api/authentication_introspection.py", line 90, in introspect_token
    introspection_url = settings.SSO_INTROSPECTION_URL  # e.g., http://sso.example.com/o/introspect/
                        ^^^^^^^^^^^^^^^^^^^^^^^^^^^^^^
  File "/Users/dhrubajyotiborah/Documents/Projects/hcs_sso_with_oidc/venv/lib/python3.12/site-packages/django/conf/__init__.py", line 77, in __getattr__
    val = getattr(_wrapped, name)
          ^^^^^^^^^^^^^^^^^^^^^^^
rest_framework.request.WrappedAttributeError: 'Settings' object has no attribute 'SSO_INTROSPECTION_URL'
ERROR 2026-02-19 10:30:34,984 log 14545 6258716672 "GET /api/oidc/userinfo/ HTTP/1.1" 500 170661
INFO 2026-02-19 10:30:51,406 log 14545 6241890304 "POST /o/introspect/ HTTP/1.1" 200 199
INFO 2026-02-19 10:30:51,406 log 14545 6258716672 "POST /o/introspect/ HTTP/1.1" 200 199
ERROR 2026-02-19 10:30:51,451 log 14545 6276116480 Internal Server Error: /api/oidc/userinfo/
Traceback (most recent call last):
  File "/Users/dhrubajyotiborah/Documents/Projects/hcs_sso_with_oidc/venv/lib/python3.12/site-packages/rest_framework/request.py", line 74, in wrap_attributeerrors
    yield
  File "/Users/dhrubajyotiborah/Documents/Projects/hcs_sso_with_oidc/venv/lib/python3.12/site-packages/rest_framework/request.py", line 232, in user
    self._authenticate()
  File "/Users/dhrubajyotiborah/Documents/Projects/hcs_sso_with_oidc/venv/lib/python3.12/site-packages/rest_framework/request.py", line 385, in _authenticate
    user_auth_tuple = authenticator.authenticate(self)
                      ^^^^^^^^^^^^^^^^^^^^^^^^^^^^^^^^
  File "/Users/dhrubajyotiborah/Documents/Projects/hcs_sso_with_oidc/apps/api/authentication_introspection.py", line 173, in authenticate
    claims = introspect_token(token, use_cache=True)
             ^^^^^^^^^^^^^^^^^^^^^^^^^^^^^^^^^^^^^^^
  File "/Users/dhrubajyotiborah/Documents/Projects/hcs_sso_with_oidc/apps/api/authentication_introspection.py", line 90, in introspect_token
    introspection_url = settings.SSO_INTROSPECTION_URL  # e.g., http://sso.example.com/o/introspect/
                        ^^^^^^^^^^^^^^^^^^^^^^^^^^^^^^
  File "/Users/dhrubajyotiborah/Documents/Projects/hcs_sso_with_oidc/venv/lib/python3.12/site-packages/django/conf/__init__.py", line 77, in __getattr__
    val = getattr(_wrapped, name)
          ^^^^^^^^^^^^^^^^^^^^^^^
AttributeError: 'Settings' object has no attribute 'SSO_INTROSPECTION_URL'

During handling of the above exception, another exception occurred:

Traceback (most recent call last):
  File "/Users/dhrubajyotiborah/Documents/Projects/hcs_sso_with_oidc/venv/lib/python3.12/site-packages/django/core/handlers/exception.py", line 55, in inner
    response = get_response(request)
               ^^^^^^^^^^^^^^^^^^^^^
  File "/Users/dhrubajyotiborah/Documents/Projects/hcs_sso_with_oidc/venv/lib/python3.12/site-packages/django/core/handlers/base.py", line 198, in _get_response
    response = wrapped_callback(request, *callback_args, **callback_kwargs)
               ^^^^^^^^^^^^^^^^^^^^^^^^^^^^^^^^^^^^^^^^^^^^^^^^^^^^^^^^^^^^
  File "/Users/dhrubajyotiborah/Documents/Projects/hcs_sso_with_oidc/venv/lib/python3.12/site-packages/django/views/decorators/csrf.py", line 65, in _view_wrapper
    return view_func(request, *args, **kwargs)
           ^^^^^^^^^^^^^^^^^^^^^^^^^^^^^^^^^^^
  File "/Users/dhrubajyotiborah/Documents/Projects/hcs_sso_with_oidc/venv/lib/python3.12/site-packages/django/views/generic/base.py", line 106, in view
    return self.dispatch(request, *args, **kwargs)
           ^^^^^^^^^^^^^^^^^^^^^^^^^^^^^^^^^^^^^^^
  File "/Users/dhrubajyotiborah/Documents/Projects/hcs_sso_with_oidc/venv/lib/python3.12/site-packages/rest_framework/views.py", line 515, in dispatch
    response = self.handle_exception(exc)
               ^^^^^^^^^^^^^^^^^^^^^^^^^^
  File "/Users/dhrubajyotiborah/Documents/Projects/hcs_sso_with_oidc/venv/lib/python3.12/site-packages/rest_framework/views.py", line 475, in handle_exception
    self.raise_uncaught_exception(exc)
  File "/Users/dhrubajyotiborah/Documents/Projects/hcs_sso_with_oidc/venv/lib/python3.12/site-packages/rest_framework/views.py", line 486, in raise_uncaught_exception
    raise exc
  File "/Users/dhrubajyotiborah/Documents/Projects/hcs_sso_with_oidc/venv/lib/python3.12/site-packages/rest_framework/views.py", line 503, in dispatch
    self.initial(request, *args, **kwargs)
  File "/Users/dhrubajyotiborah/Documents/Projects/hcs_sso_with_oidc/venv/lib/python3.12/site-packages/rest_framework/views.py", line 420, in initial
    self.perform_authentication(request)
  File "/Users/dhrubajyotiborah/Documents/Projects/hcs_sso_with_oidc/venv/lib/python3.12/site-packages/rest_framework/views.py", line 330, in perform_authentication
    request.user
  File "/Users/dhrubajyotiborah/Documents/Projects/hcs_sso_with_oidc/venv/lib/python3.12/site-packages/rest_framework/request.py", line 231, in user
    with wrap_attributeerrors():
  File "/Library/Frameworks/Python.framework/Versions/3.12/lib/python3.12/contextlib.py", line 158, in __exit__
    self.gen.throw(value)
  File "/Users/dhrubajyotiborah/Documents/Projects/hcs_sso_with_oidc/venv/lib/python3.12/site-packages/rest_framework/request.py", line 78, in wrap_attributeerrors
    raise exc.with_traceback(info[2])
  File "/Users/dhrubajyotiborah/Documents/Projects/hcs_sso_with_oidc/venv/lib/python3.12/site-packages/rest_framework/request.py", line 74, in wrap_attributeerrors
    yield
  File "/Users/dhrubajyotiborah/Documents/Projects/hcs_sso_with_oidc/venv/lib/python3.12/site-packages/rest_framework/request.py", line 232, in user
    self._authenticate()
  File "/Users/dhrubajyotiborah/Documents/Projects/hcs_sso_with_oidc/venv/lib/python3.12/site-packages/rest_framework/request.py", line 385, in _authenticate
    user_auth_tuple = authenticator.authenticate(self)
                      ^^^^^^^^^^^^^^^^^^^^^^^^^^^^^^^^
  File "/Users/dhrubajyotiborah/Documents/Projects/hcs_sso_with_oidc/apps/api/authentication_introspection.py", line 173, in authenticate
    claims = introspect_token(token, use_cache=True)
             ^^^^^^^^^^^^^^^^^^^^^^^^^^^^^^^^^^^^^^^
  File "/Users/dhrubajyotiborah/Documents/Projects/hcs_sso_with_oidc/apps/api/authentication_introspection.py", line 90, in introspect_token
    introspection_url = settings.SSO_INTROSPECTION_URL  # e.g., http://sso.example.com/o/introspect/
                        ^^^^^^^^^^^^^^^^^^^^^^^^^^^^^^
  File "/Users/dhrubajyotiborah/Documents/Projects/hcs_sso_with_oidc/venv/lib/python3.12/site-packages/django/conf/__init__.py", line 77, in __getattr__
    val = getattr(_wrapped, name)
          ^^^^^^^^^^^^^^^^^^^^^^^
rest_framework.request.WrappedAttributeError: 'Settings' object has no attribute 'SSO_INTROSPECTION_URL'
ERROR 2026-02-19 10:30:51,461 log 14545 6292942848 Internal Server Error: /api/oidc/userinfo/
Traceback (most recent call last):
  File "/Users/dhrubajyotiborah/Documents/Projects/hcs_sso_with_oidc/venv/lib/python3.12/site-packages/rest_framework/request.py", line 74, in wrap_attributeerrors
    yield
  File "/Users/dhrubajyotiborah/Documents/Projects/hcs_sso_with_oidc/venv/lib/python3.12/site-packages/rest_framework/request.py", line 232, in user
    self._authenticate()
  File "/Users/dhrubajyotiborah/Documents/Projects/hcs_sso_with_oidc/venv/lib/python3.12/site-packages/rest_framework/request.py", line 385, in _authenticate
    user_auth_tuple = authenticator.authenticate(self)
                      ^^^^^^^^^^^^^^^^^^^^^^^^^^^^^^^^
  File "/Users/dhrubajyotiborah/Documents/Projects/hcs_sso_with_oidc/apps/api/authentication_introspection.py", line 173, in authenticate
    claims = introspect_token(token, use_cache=True)
             ^^^^^^^^^^^^^^^^^^^^^^^^^^^^^^^^^^^^^^^
  File "/Users/dhrubajyotiborah/Documents/Projects/hcs_sso_with_oidc/apps/api/authentication_introspection.py", line 90, in introspect_token
    introspection_url = settings.SSO_INTROSPECTION_URL  # e.g., http://sso.example.com/o/introspect/
                        ^^^^^^^^^^^^^^^^^^^^^^^^^^^^^^
  File "/Users/dhrubajyotiborah/Documents/Projects/hcs_sso_with_oidc/venv/lib/python3.12/site-packages/django/conf/__init__.py", line 77, in __getattr__
    val = getattr(_wrapped, name)
          ^^^^^^^^^^^^^^^^^^^^^^^
AttributeError: 'Settings' object has no attribute 'SSO_INTROSPECTION_URL'

During handling of the above exception, another exception occurred:

Traceback (most recent call last):
  File "/Users/dhrubajyotiborah/Documents/Projects/hcs_sso_with_oidc/venv/lib/python3.12/site-packages/django/core/handlers/exception.py", line 55, in inner
    response = get_response(request)
               ^^^^^^^^^^^^^^^^^^^^^
  File "/Users/dhrubajyotiborah/Documents/Projects/hcs_sso_with_oidc/venv/lib/python3.12/site-packages/django/core/handlers/base.py", line 198, in _get_response
    response = wrapped_callback(request, *callback_args, **callback_kwargs)
               ^^^^^^^^^^^^^^^^^^^^^^^^^^^^^^^^^^^^^^^^^^^^^^^^^^^^^^^^^^^^
  File "/Users/dhrubajyotiborah/Documents/Projects/hcs_sso_with_oidc/venv/lib/python3.12/site-packages/django/views/decorators/csrf.py", line 65, in _view_wrapper
    return view_func(request, *args, **kwargs)
           ^^^^^^^^^^^^^^^^^^^^^^^^^^^^^^^^^^^
  File "/Users/dhrubajyotiborah/Documents/Projects/hcs_sso_with_oidc/venv/lib/python3.12/site-packages/django/views/generic/base.py", line 106, in view
    return self.dispatch(request, *args, **kwargs)
           ^^^^^^^^^^^^^^^^^^^^^^^^^^^^^^^^^^^^^^^
  File "/Users/dhrubajyotiborah/Documents/Projects/hcs_sso_with_oidc/venv/lib/python3.12/site-packages/rest_framework/views.py", line 515, in dispatch
    response = self.handle_exception(exc)
               ^^^^^^^^^^^^^^^^^^^^^^^^^^
  File "/Users/dhrubajyotiborah/Documents/Projects/hcs_sso_with_oidc/venv/lib/python3.12/site-packages/rest_framework/views.py", line 475, in handle_exception
    self.raise_uncaught_exception(exc)
  File "/Users/dhrubajyotiborah/Documents/Projects/hcs_sso_with_oidc/venv/lib/python3.12/site-packages/rest_framework/views.py", line 486, in raise_uncaught_exception
    raise exc
  File "/Users/dhrubajyotiborah/Documents/Projects/hcs_sso_with_oidc/venv/lib/python3.12/site-packages/rest_framework/views.py", line 503, in dispatch
    self.initial(request, *args, **kwargs)
  File "/Users/dhrubajyotiborah/Documents/Projects/hcs_sso_with_oidc/venv/lib/python3.12/site-packages/rest_framework/views.py", line 420, in initial
    self.perform_authentication(request)
  File "/Users/dhrubajyotiborah/Documents/Projects/hcs_sso_with_oidc/venv/lib/python3.12/site-packages/rest_framework/views.py", line 330, in perform_authentication
    request.user
  File "/Users/dhrubajyotiborah/Documents/Projects/hcs_sso_with_oidc/venv/lib/python3.12/site-packages/rest_framework/request.py", line 231, in user
    with wrap_attributeerrors():
  File "/Library/Frameworks/Python.framework/Versions/3.12/lib/python3.12/contextlib.py", line 158, in __exit__
    self.gen.throw(value)
  File "/Users/dhrubajyotiborah/Documents/Projects/hcs_sso_with_oidc/venv/lib/python3.12/site-packages/rest_framework/request.py", line 78, in wrap_attributeerrors
    raise exc.with_traceback(info[2])
  File "/Users/dhrubajyotiborah/Documents/Projects/hcs_sso_with_oidc/venv/lib/python3.12/site-packages/rest_framework/request.py", line 74, in wrap_attributeerrors
    yield
  File "/Users/dhrubajyotiborah/Documents/Projects/hcs_sso_with_oidc/venv/lib/python3.12/site-packages/rest_framework/request.py", line 232, in user
    self._authenticate()
  File "/Users/dhrubajyotiborah/Documents/Projects/hcs_sso_with_oidc/venv/lib/python3.12/site-packages/rest_framework/request.py", line 385, in _authenticate
    user_auth_tuple = authenticator.authenticate(self)
                      ^^^^^^^^^^^^^^^^^^^^^^^^^^^^^^^^
  File "/Users/dhrubajyotiborah/Documents/Projects/hcs_sso_with_oidc/apps/api/authentication_introspection.py", line 173, in authenticate
    claims = introspect_token(token, use_cache=True)
             ^^^^^^^^^^^^^^^^^^^^^^^^^^^^^^^^^^^^^^^
  File "/Users/dhrubajyotiborah/Documents/Projects/hcs_sso_with_oidc/apps/api/authentication_introspection.py", line 90, in introspect_token
    introspection_url = settings.SSO_INTROSPECTION_URL  # e.g., http://sso.example.com/o/introspect/
                        ^^^^^^^^^^^^^^^^^^^^^^^^^^^^^^
  File "/Users/dhrubajyotiborah/Documents/Projects/hcs_sso_with_oidc/venv/lib/python3.12/site-packages/django/conf/__init__.py", line 77, in __getattr__
    val = getattr(_wrapped, name)
          ^^^^^^^^^^^^^^^^^^^^^^^
rest_framework.request.WrappedAttributeError: 'Settings' object has no attribute 'SSO_INTROSPECTION_URL'
ERROR 2026-02-19 10:30:51,498 log 14545 6276116480 "GET /api/oidc/userinfo/ HTTP/1.1" 500 170661
ERROR 2026-02-19 10:30:51,500 log 14545 6292942848 "GET /api/oidc/userinfo/ HTTP/1.1" 500 170661
INFO 2026-02-19 10:32:27,228 log 14545 6208237568 "POST /o/introspect/ HTTP/1.1" 200 199
ERROR 2026-02-19 10:32:27,279 log 14545 6241890304 Internal Server Error: /api/oidc/userinfo/
Traceback (most recent call last):
  File "/Users/dhrubajyotiborah/Documents/Projects/hcs_sso_with_oidc/venv/lib/python3.12/site-packages/rest_framework/request.py", line 74, in wrap_attributeerrors
    yield
  File "/Users/dhrubajyotiborah/Documents/Projects/hcs_sso_with_oidc/venv/lib/python3.12/site-packages/rest_framework/request.py", line 232, in user
    self._authenticate()
  File "/Users/dhrubajyotiborah/Documents/Projects/hcs_sso_with_oidc/venv/lib/python3.12/site-packages/rest_framework/request.py", line 385, in _authenticate
    user_auth_tuple = authenticator.authenticate(self)
                      ^^^^^^^^^^^^^^^^^^^^^^^^^^^^^^^^
  File "/Users/dhrubajyotiborah/Documents/Projects/hcs_sso_with_oidc/apps/api/authentication_introspection.py", line 173, in authenticate
    claims = introspect_token(token, use_cache=True)
             ^^^^^^^^^^^^^^^^^^^^^^^^^^^^^^^^^^^^^^^
  File "/Users/dhrubajyotiborah/Documents/Projects/hcs_sso_with_oidc/apps/api/authentication_introspection.py", line 90, in introspect_token
    introspection_url = settings.SSO_INTROSPECTION_URL  # e.g., http://sso.example.com/o/introspect/
                        ^^^^^^^^^^^^^^^^^^^^^^^^^^^^^^
  File "/Users/dhrubajyotiborah/Documents/Projects/hcs_sso_with_oidc/venv/lib/python3.12/site-packages/django/conf/__init__.py", line 77, in __getattr__
    val = getattr(_wrapped, name)
          ^^^^^^^^^^^^^^^^^^^^^^^
AttributeError: 'Settings' object has no attribute 'SSO_INTROSPECTION_URL'

During handling of the above exception, another exception occurred:

Traceback (most recent call last):
  File "/Users/dhrubajyotiborah/Documents/Projects/hcs_sso_with_oidc/venv/lib/python3.12/site-packages/django/core/handlers/exception.py", line 55, in inner
    response = get_response(request)
               ^^^^^^^^^^^^^^^^^^^^^
  File "/Users/dhrubajyotiborah/Documents/Projects/hcs_sso_with_oidc/venv/lib/python3.12/site-packages/django/core/handlers/base.py", line 198, in _get_response
    response = wrapped_callback(request, *callback_args, **callback_kwargs)
               ^^^^^^^^^^^^^^^^^^^^^^^^^^^^^^^^^^^^^^^^^^^^^^^^^^^^^^^^^^^^
  File "/Users/dhrubajyotiborah/Documents/Projects/hcs_sso_with_oidc/venv/lib/python3.12/site-packages/django/views/decorators/csrf.py", line 65, in _view_wrapper
    return view_func(request, *args, **kwargs)
           ^^^^^^^^^^^^^^^^^^^^^^^^^^^^^^^^^^^
  File "/Users/dhrubajyotiborah/Documents/Projects/hcs_sso_with_oidc/venv/lib/python3.12/site-packages/django/views/generic/base.py", line 106, in view
    return self.dispatch(request, *args, **kwargs)
           ^^^^^^^^^^^^^^^^^^^^^^^^^^^^^^^^^^^^^^^
  File "/Users/dhrubajyotiborah/Documents/Projects/hcs_sso_with_oidc/venv/lib/python3.12/site-packages/rest_framework/views.py", line 515, in dispatch
    response = self.handle_exception(exc)
               ^^^^^^^^^^^^^^^^^^^^^^^^^^
  File "/Users/dhrubajyotiborah/Documents/Projects/hcs_sso_with_oidc/venv/lib/python3.12/site-packages/rest_framework/views.py", line 475, in handle_exception
    self.raise_uncaught_exception(exc)
  File "/Users/dhrubajyotiborah/Documents/Projects/hcs_sso_with_oidc/venv/lib/python3.12/site-packages/rest_framework/views.py", line 486, in raise_uncaught_exception
    raise exc
  File "/Users/dhrubajyotiborah/Documents/Projects/hcs_sso_with_oidc/venv/lib/python3.12/site-packages/rest_framework/views.py", line 503, in dispatch
    self.initial(request, *args, **kwargs)
  File "/Users/dhrubajyotiborah/Documents/Projects/hcs_sso_with_oidc/venv/lib/python3.12/site-packages/rest_framework/views.py", line 420, in initial
    self.perform_authentication(request)
  File "/Users/dhrubajyotiborah/Documents/Projects/hcs_sso_with_oidc/venv/lib/python3.12/site-packages/rest_framework/views.py", line 330, in perform_authentication
    request.user
  File "/Users/dhrubajyotiborah/Documents/Projects/hcs_sso_with_oidc/venv/lib/python3.12/site-packages/rest_framework/request.py", line 231, in user
    with wrap_attributeerrors():
  File "/Library/Frameworks/Python.framework/Versions/3.12/lib/python3.12/contextlib.py", line 158, in __exit__
    self.gen.throw(value)
  File "/Users/dhrubajyotiborah/Documents/Projects/hcs_sso_with_oidc/venv/lib/python3.12/site-packages/rest_framework/request.py", line 78, in wrap_attributeerrors
    raise exc.with_traceback(info[2])
  File "/Users/dhrubajyotiborah/Documents/Projects/hcs_sso_with_oidc/venv/lib/python3.12/site-packages/rest_framework/request.py", line 74, in wrap_attributeerrors
    yield
  File "/Users/dhrubajyotiborah/Documents/Projects/hcs_sso_with_oidc/venv/lib/python3.12/site-packages/rest_framework/request.py", line 232, in user
    self._authenticate()
  File "/Users/dhrubajyotiborah/Documents/Projects/hcs_sso_with_oidc/venv/lib/python3.12/site-packages/rest_framework/request.py", line 385, in _authenticate
    user_auth_tuple = authenticator.authenticate(self)
                      ^^^^^^^^^^^^^^^^^^^^^^^^^^^^^^^^
  File "/Users/dhrubajyotiborah/Documents/Projects/hcs_sso_with_oidc/apps/api/authentication_introspection.py", line 173, in authenticate
    claims = introspect_token(token, use_cache=True)
             ^^^^^^^^^^^^^^^^^^^^^^^^^^^^^^^^^^^^^^^
  File "/Users/dhrubajyotiborah/Documents/Projects/hcs_sso_with_oidc/apps/api/authentication_introspection.py", line 90, in introspect_token
    introspection_url = settings.SSO_INTROSPECTION_URL  # e.g., http://sso.example.com/o/introspect/
                        ^^^^^^^^^^^^^^^^^^^^^^^^^^^^^^
  File "/Users/dhrubajyotiborah/Documents/Projects/hcs_sso_with_oidc/venv/lib/python3.12/site-packages/django/conf/__init__.py", line 77, in __getattr__
    val = getattr(_wrapped, name)
          ^^^^^^^^^^^^^^^^^^^^^^^
rest_framework.request.WrappedAttributeError: 'Settings' object has no attribute 'SSO_INTROSPECTION_URL'
ERROR 2026-02-19 10:32:27,319 log 14545 6241890304 "GET /api/oidc/userinfo/ HTTP/1.1" 500 170661
INFO 2026-02-19 10:32:31,905 log 14545 6208237568 "POST /o/introspect/ HTTP/1.1" 200 199
INFO 2026-02-19 10:32:31,905 log 14545 6241890304 "POST /o/introspect/ HTTP/1.1" 200 199
ERROR 2026-02-19 10:32:31,955 log 14545 6259290112 Internal Server Error: /api/oidc/userinfo/
Traceback (most recent call last):
  File "/Users/dhrubajyotiborah/Documents/Projects/hcs_sso_with_oidc/venv/lib/python3.12/site-packages/rest_framework/request.py", line 74, in wrap_attributeerrors
    yield
  File "/Users/dhrubajyotiborah/Documents/Projects/hcs_sso_with_oidc/venv/lib/python3.12/site-packages/rest_framework/request.py", line 232, in user
    self._authenticate()
  File "/Users/dhrubajyotiborah/Documents/Projects/hcs_sso_with_oidc/venv/lib/python3.12/site-packages/rest_framework/request.py", line 385, in _authenticate
    user_auth_tuple = authenticator.authenticate(self)
                      ^^^^^^^^^^^^^^^^^^^^^^^^^^^^^^^^
  File "/Users/dhrubajyotiborah/Documents/Projects/hcs_sso_with_oidc/apps/api/authentication_introspection.py", line 173, in authenticate
    claims = introspect_token(token, use_cache=True)
             ^^^^^^^^^^^^^^^^^^^^^^^^^^^^^^^^^^^^^^^
  File "/Users/dhrubajyotiborah/Documents/Projects/hcs_sso_with_oidc/apps/api/authentication_introspection.py", line 90, in introspect_token
    introspection_url = settings.SSO_INTROSPECTION_URL  # e.g., http://sso.example.com/o/introspect/
                        ^^^^^^^^^^^^^^^^^^^^^^^^^^^^^^
  File "/Users/dhrubajyotiborah/Documents/Projects/hcs_sso_with_oidc/venv/lib/python3.12/site-packages/django/conf/__init__.py", line 77, in __getattr__
    val = getattr(_wrapped, name)
          ^^^^^^^^^^^^^^^^^^^^^^^
AttributeError: 'Settings' object has no attribute 'SSO_INTROSPECTION_URL'

During handling of the above exception, another exception occurred:

Traceback (most recent call last):
  File "/Users/dhrubajyotiborah/Documents/Projects/hcs_sso_with_oidc/venv/lib/python3.12/site-packages/django/core/handlers/exception.py", line 55, in inner
    response = get_response(request)
               ^^^^^^^^^^^^^^^^^^^^^
  File "/Users/dhrubajyotiborah/Documents/Projects/hcs_sso_with_oidc/venv/lib/python3.12/site-packages/django/core/handlers/base.py", line 198, in _get_response
    response = wrapped_callback(request, *callback_args, **callback_kwargs)
               ^^^^^^^^^^^^^^^^^^^^^^^^^^^^^^^^^^^^^^^^^^^^^^^^^^^^^^^^^^^^
  File "/Users/dhrubajyotiborah/Documents/Projects/hcs_sso_with_oidc/venv/lib/python3.12/site-packages/django/views/decorators/csrf.py", line 65, in _view_wrapper
    return view_func(request, *args, **kwargs)
           ^^^^^^^^^^^^^^^^^^^^^^^^^^^^^^^^^^^
  File "/Users/dhrubajyotiborah/Documents/Projects/hcs_sso_with_oidc/venv/lib/python3.12/site-packages/django/views/generic/base.py", line 106, in view
    return self.dispatch(request, *args, **kwargs)
           ^^^^^^^^^^^^^^^^^^^^^^^^^^^^^^^^^^^^^^^
  File "/Users/dhrubajyotiborah/Documents/Projects/hcs_sso_with_oidc/venv/lib/python3.12/site-packages/rest_framework/views.py", line 515, in dispatch
    response = self.handle_exception(exc)
               ^^^^^^^^^^^^^^^^^^^^^^^^^^
  File "/Users/dhrubajyotiborah/Documents/Projects/hcs_sso_with_oidc/venv/lib/python3.12/site-packages/rest_framework/views.py", line 475, in handle_exception
    self.raise_uncaught_exception(exc)
  File "/Users/dhrubajyotiborah/Documents/Projects/hcs_sso_with_oidc/venv/lib/python3.12/site-packages/rest_framework/views.py", line 486, in raise_uncaught_exception
    raise exc
  File "/Users/dhrubajyotiborah/Documents/Projects/hcs_sso_with_oidc/venv/lib/python3.12/site-packages/rest_framework/views.py", line 503, in dispatch
    self.initial(request, *args, **kwargs)
  File "/Users/dhrubajyotiborah/Documents/Projects/hcs_sso_with_oidc/venv/lib/python3.12/site-packages/rest_framework/views.py", line 420, in initial
    self.perform_authentication(request)
  File "/Users/dhrubajyotiborah/Documents/Projects/hcs_sso_with_oidc/venv/lib/python3.12/site-packages/rest_framework/views.py", line 330, in perform_authentication
    request.user
  File "/Users/dhrubajyotiborah/Documents/Projects/hcs_sso_with_oidc/venv/lib/python3.12/site-packages/rest_framework/request.py", line 231, in user
    with wrap_attributeerrors():
  File "/Library/Frameworks/Python.framework/Versions/3.12/lib/python3.12/contextlib.py", line 158, in __exit__
    self.gen.throw(value)
  File "/Users/dhrubajyotiborah/Documents/Projects/hcs_sso_with_oidc/venv/lib/python3.12/site-packages/rest_framework/request.py", line 78, in wrap_attributeerrors
    raise exc.with_traceback(info[2])
  File "/Users/dhrubajyotiborah/Documents/Projects/hcs_sso_with_oidc/venv/lib/python3.12/site-packages/rest_framework/request.py", line 74, in wrap_attributeerrors
    yield
  File "/Users/dhrubajyotiborah/Documents/Projects/hcs_sso_with_oidc/venv/lib/python3.12/site-packages/rest_framework/request.py", line 232, in user
    self._authenticate()
  File "/Users/dhrubajyotiborah/Documents/Projects/hcs_sso_with_oidc/venv/lib/python3.12/site-packages/rest_framework/request.py", line 385, in _authenticate
    user_auth_tuple = authenticator.authenticate(self)
                      ^^^^^^^^^^^^^^^^^^^^^^^^^^^^^^^^
  File "/Users/dhrubajyotiborah/Documents/Projects/hcs_sso_with_oidc/apps/api/authentication_introspection.py", line 173, in authenticate
    claims = introspect_token(token, use_cache=True)
             ^^^^^^^^^^^^^^^^^^^^^^^^^^^^^^^^^^^^^^^
  File "/Users/dhrubajyotiborah/Documents/Projects/hcs_sso_with_oidc/apps/api/authentication_introspection.py", line 90, in introspect_token
    introspection_url = settings.SSO_INTROSPECTION_URL  # e.g., http://sso.example.com/o/introspect/
                        ^^^^^^^^^^^^^^^^^^^^^^^^^^^^^^
  File "/Users/dhrubajyotiborah/Documents/Projects/hcs_sso_with_oidc/venv/lib/python3.12/site-packages/django/conf/__init__.py", line 77, in __getattr__
    val = getattr(_wrapped, name)
          ^^^^^^^^^^^^^^^^^^^^^^^
rest_framework.request.WrappedAttributeError: 'Settings' object has no attribute 'SSO_INTROSPECTION_URL'
ERROR 2026-02-19 10:32:31,966 log 14545 6276116480 Internal Server Error: /api/oidc/userinfo/
Traceback (most recent call last):
  File "/Users/dhrubajyotiborah/Documents/Projects/hcs_sso_with_oidc/venv/lib/python3.12/site-packages/rest_framework/request.py", line 74, in wrap_attributeerrors
    yield
  File "/Users/dhrubajyotiborah/Documents/Projects/hcs_sso_with_oidc/venv/lib/python3.12/site-packages/rest_framework/request.py", line 232, in user
    self._authenticate()
  File "/Users/dhrubajyotiborah/Documents/Projects/hcs_sso_with_oidc/venv/lib/python3.12/site-packages/rest_framework/request.py", line 385, in _authenticate
    user_auth_tuple = authenticator.authenticate(self)
                      ^^^^^^^^^^^^^^^^^^^^^^^^^^^^^^^^
  File "/Users/dhrubajyotiborah/Documents/Projects/hcs_sso_with_oidc/apps/api/authentication_introspection.py", line 173, in authenticate
    claims = introspect_token(token, use_cache=True)
             ^^^^^^^^^^^^^^^^^^^^^^^^^^^^^^^^^^^^^^^
  File "/Users/dhrubajyotiborah/Documents/Projects/hcs_sso_with_oidc/apps/api/authentication_introspection.py", line 90, in introspect_token
    introspection_url = settings.SSO_INTROSPECTION_URL  # e.g., http://sso.example.com/o/introspect/
                        ^^^^^^^^^^^^^^^^^^^^^^^^^^^^^^
  File "/Users/dhrubajyotiborah/Documents/Projects/hcs_sso_with_oidc/venv/lib/python3.12/site-packages/django/conf/__init__.py", line 77, in __getattr__
    val = getattr(_wrapped, name)
          ^^^^^^^^^^^^^^^^^^^^^^^
AttributeError: 'Settings' object has no attribute 'SSO_INTROSPECTION_URL'

During handling of the above exception, another exception occurred:

Traceback (most recent call last):
  File "/Users/dhrubajyotiborah/Documents/Projects/hcs_sso_with_oidc/venv/lib/python3.12/site-packages/django/core/handlers/exception.py", line 55, in inner
    response = get_response(request)
               ^^^^^^^^^^^^^^^^^^^^^
  File "/Users/dhrubajyotiborah/Documents/Projects/hcs_sso_with_oidc/venv/lib/python3.12/site-packages/django/core/handlers/base.py", line 198, in _get_response
    response = wrapped_callback(request, *callback_args, **callback_kwargs)
               ^^^^^^^^^^^^^^^^^^^^^^^^^^^^^^^^^^^^^^^^^^^^^^^^^^^^^^^^^^^^
  File "/Users/dhrubajyotiborah/Documents/Projects/hcs_sso_with_oidc/venv/lib/python3.12/site-packages/django/views/decorators/csrf.py", line 65, in _view_wrapper
    return view_func(request, *args, **kwargs)
           ^^^^^^^^^^^^^^^^^^^^^^^^^^^^^^^^^^^
  File "/Users/dhrubajyotiborah/Documents/Projects/hcs_sso_with_oidc/venv/lib/python3.12/site-packages/django/views/generic/base.py", line 106, in view
    return self.dispatch(request, *args, **kwargs)
           ^^^^^^^^^^^^^^^^^^^^^^^^^^^^^^^^^^^^^^^
  File "/Users/dhrubajyotiborah/Documents/Projects/hcs_sso_with_oidc/venv/lib/python3.12/site-packages/rest_framework/views.py", line 515, in dispatch
    response = self.handle_exception(exc)
               ^^^^^^^^^^^^^^^^^^^^^^^^^^
  File "/Users/dhrubajyotiborah/Documents/Projects/hcs_sso_with_oidc/venv/lib/python3.12/site-packages/rest_framework/views.py", line 475, in handle_exception
    self.raise_uncaught_exception(exc)
  File "/Users/dhrubajyotiborah/Documents/Projects/hcs_sso_with_oidc/venv/lib/python3.12/site-packages/rest_framework/views.py", line 486, in raise_uncaught_exception
    raise exc
  File "/Users/dhrubajyotiborah/Documents/Projects/hcs_sso_with_oidc/venv/lib/python3.12/site-packages/rest_framework/views.py", line 503, in dispatch
    self.initial(request, *args, **kwargs)
  File "/Users/dhrubajyotiborah/Documents/Projects/hcs_sso_with_oidc/venv/lib/python3.12/site-packages/rest_framework/views.py", line 420, in initial
    self.perform_authentication(request)
  File "/Users/dhrubajyotiborah/Documents/Projects/hcs_sso_with_oidc/venv/lib/python3.12/site-packages/rest_framework/views.py", line 330, in perform_authentication
    request.user
  File "/Users/dhrubajyotiborah/Documents/Projects/hcs_sso_with_oidc/venv/lib/python3.12/site-packages/rest_framework/request.py", line 231, in user
    with wrap_attributeerrors():
  File "/Library/Frameworks/Python.framework/Versions/3.12/lib/python3.12/contextlib.py", line 158, in __exit__
    self.gen.throw(value)
  File "/Users/dhrubajyotiborah/Documents/Projects/hcs_sso_with_oidc/venv/lib/python3.12/site-packages/rest_framework/request.py", line 78, in wrap_attributeerrors
    raise exc.with_traceback(info[2])
  File "/Users/dhrubajyotiborah/Documents/Projects/hcs_sso_with_oidc/venv/lib/python3.12/site-packages/rest_framework/request.py", line 74, in wrap_attributeerrors
    yield
  File "/Users/dhrubajyotiborah/Documents/Projects/hcs_sso_with_oidc/venv/lib/python3.12/site-packages/rest_framework/request.py", line 232, in user
    self._authenticate()
  File "/Users/dhrubajyotiborah/Documents/Projects/hcs_sso_with_oidc/venv/lib/python3.12/site-packages/rest_framework/request.py", line 385, in _authenticate
    user_auth_tuple = authenticator.authenticate(self)
                      ^^^^^^^^^^^^^^^^^^^^^^^^^^^^^^^^
  File "/Users/dhrubajyotiborah/Documents/Projects/hcs_sso_with_oidc/apps/api/authentication_introspection.py", line 173, in authenticate
    claims = introspect_token(token, use_cache=True)
             ^^^^^^^^^^^^^^^^^^^^^^^^^^^^^^^^^^^^^^^
  File "/Users/dhrubajyotiborah/Documents/Projects/hcs_sso_with_oidc/apps/api/authentication_introspection.py", line 90, in introspect_token
    introspection_url = settings.SSO_INTROSPECTION_URL  # e.g., http://sso.example.com/o/introspect/
                        ^^^^^^^^^^^^^^^^^^^^^^^^^^^^^^
  File "/Users/dhrubajyotiborah/Documents/Projects/hcs_sso_with_oidc/venv/lib/python3.12/site-packages/django/conf/__init__.py", line 77, in __getattr__
    val = getattr(_wrapped, name)
          ^^^^^^^^^^^^^^^^^^^^^^^
rest_framework.request.WrappedAttributeError: 'Settings' object has no attribute 'SSO_INTROSPECTION_URL'
ERROR 2026-02-19 10:32:31,992 log 14545 6259290112 "GET /api/oidc/userinfo/ HTTP/1.1" 500 170661
ERROR 2026-02-19 10:32:32,006 log 14545 6276116480 "GET /api/oidc/userinfo/ HTTP/1.1" 500 170661
INFO 2026-02-19 10:32:44,831 log 14545 6241890304 "POST /o/introspect/ HTTP/1.1" 200 199
INFO 2026-02-19 10:32:44,832 log 14545 6208237568 "POST /o/introspect/ HTTP/1.1" 200 199
ERROR 2026-02-19 10:32:44,876 log 14545 6259290112 Internal Server Error: /api/oidc/userinfo/
Traceback (most recent call last):
  File "/Users/dhrubajyotiborah/Documents/Projects/hcs_sso_with_oidc/venv/lib/python3.12/site-packages/rest_framework/request.py", line 74, in wrap_attributeerrors
    yield
  File "/Users/dhrubajyotiborah/Documents/Projects/hcs_sso_with_oidc/venv/lib/python3.12/site-packages/rest_framework/request.py", line 232, in user
    self._authenticate()
  File "/Users/dhrubajyotiborah/Documents/Projects/hcs_sso_with_oidc/venv/lib/python3.12/site-packages/rest_framework/request.py", line 385, in _authenticate
    user_auth_tuple = authenticator.authenticate(self)
                      ^^^^^^^^^^^^^^^^^^^^^^^^^^^^^^^^
  File "/Users/dhrubajyotiborah/Documents/Projects/hcs_sso_with_oidc/apps/api/authentication_introspection.py", line 173, in authenticate
    claims = introspect_token(token, use_cache=True)
             ^^^^^^^^^^^^^^^^^^^^^^^^^^^^^^^^^^^^^^^
  File "/Users/dhrubajyotiborah/Documents/Projects/hcs_sso_with_oidc/apps/api/authentication_introspection.py", line 90, in introspect_token
    introspection_url = settings.SSO_INTROSPECTION_URL  # e.g., http://sso.example.com/o/introspect/
                        ^^^^^^^^^^^^^^^^^^^^^^^^^^^^^^
  File "/Users/dhrubajyotiborah/Documents/Projects/hcs_sso_with_oidc/venv/lib/python3.12/site-packages/django/conf/__init__.py", line 77, in __getattr__
    val = getattr(_wrapped, name)
          ^^^^^^^^^^^^^^^^^^^^^^^
AttributeError: 'Settings' object has no attribute 'SSO_INTROSPECTION_URL'

During handling of the above exception, another exception occurred:

Traceback (most recent call last):
  File "/Users/dhrubajyotiborah/Documents/Projects/hcs_sso_with_oidc/venv/lib/python3.12/site-packages/django/core/handlers/exception.py", line 55, in inner
    response = get_response(request)
               ^^^^^^^^^^^^^^^^^^^^^
  File "/Users/dhrubajyotiborah/Documents/Projects/hcs_sso_with_oidc/venv/lib/python3.12/site-packages/django/core/handlers/base.py", line 198, in _get_response
    response = wrapped_callback(request, *callback_args, **callback_kwargs)
               ^^^^^^^^^^^^^^^^^^^^^^^^^^^^^^^^^^^^^^^^^^^^^^^^^^^^^^^^^^^^
  File "/Users/dhrubajyotiborah/Documents/Projects/hcs_sso_with_oidc/venv/lib/python3.12/site-packages/django/views/decorators/csrf.py", line 65, in _view_wrapper
    return view_func(request, *args, **kwargs)
           ^^^^^^^^^^^^^^^^^^^^^^^^^^^^^^^^^^^
  File "/Users/dhrubajyotiborah/Documents/Projects/hcs_sso_with_oidc/venv/lib/python3.12/site-packages/django/views/generic/base.py", line 106, in view
    return self.dispatch(request, *args, **kwargs)
           ^^^^^^^^^^^^^^^^^^^^^^^^^^^^^^^^^^^^^^^
  File "/Users/dhrubajyotiborah/Documents/Projects/hcs_sso_with_oidc/venv/lib/python3.12/site-packages/rest_framework/views.py", line 515, in dispatch
    response = self.handle_exception(exc)
               ^^^^^^^^^^^^^^^^^^^^^^^^^^
  File "/Users/dhrubajyotiborah/Documents/Projects/hcs_sso_with_oidc/venv/lib/python3.12/site-packages/rest_framework/views.py", line 475, in handle_exception
    self.raise_uncaught_exception(exc)
  File "/Users/dhrubajyotiborah/Documents/Projects/hcs_sso_with_oidc/venv/lib/python3.12/site-packages/rest_framework/views.py", line 486, in raise_uncaught_exception
    raise exc
  File "/Users/dhrubajyotiborah/Documents/Projects/hcs_sso_with_oidc/venv/lib/python3.12/site-packages/rest_framework/views.py", line 503, in dispatch
    self.initial(request, *args, **kwargs)
  File "/Users/dhrubajyotiborah/Documents/Projects/hcs_sso_with_oidc/venv/lib/python3.12/site-packages/rest_framework/views.py", line 420, in initial
    self.perform_authentication(request)
  File "/Users/dhrubajyotiborah/Documents/Projects/hcs_sso_with_oidc/venv/lib/python3.12/site-packages/rest_framework/views.py", line 330, in perform_authentication
    request.user
  File "/Users/dhrubajyotiborah/Documents/Projects/hcs_sso_with_oidc/venv/lib/python3.12/site-packages/rest_framework/request.py", line 231, in user
    with wrap_attributeerrors():
  File "/Library/Frameworks/Python.framework/Versions/3.12/lib/python3.12/contextlib.py", line 158, in __exit__
    self.gen.throw(value)
  File "/Users/dhrubajyotiborah/Documents/Projects/hcs_sso_with_oidc/venv/lib/python3.12/site-packages/rest_framework/request.py", line 78, in wrap_attributeerrors
    raise exc.with_traceback(info[2])
  File "/Users/dhrubajyotiborah/Documents/Projects/hcs_sso_with_oidc/venv/lib/python3.12/site-packages/rest_framework/request.py", line 74, in wrap_attributeerrors
    yield
  File "/Users/dhrubajyotiborah/Documents/Projects/hcs_sso_with_oidc/venv/lib/python3.12/site-packages/rest_framework/request.py", line 232, in user
    self._authenticate()
  File "/Users/dhrubajyotiborah/Documents/Projects/hcs_sso_with_oidc/venv/lib/python3.12/site-packages/rest_framework/request.py", line 385, in _authenticate
    user_auth_tuple = authenticator.authenticate(self)
                      ^^^^^^^^^^^^^^^^^^^^^^^^^^^^^^^^
  File "/Users/dhrubajyotiborah/Documents/Projects/hcs_sso_with_oidc/apps/api/authentication_introspection.py", line 173, in authenticate
    claims = introspect_token(token, use_cache=True)
             ^^^^^^^^^^^^^^^^^^^^^^^^^^^^^^^^^^^^^^^
  File "/Users/dhrubajyotiborah/Documents/Projects/hcs_sso_with_oidc/apps/api/authentication_introspection.py", line 90, in introspect_token
    introspection_url = settings.SSO_INTROSPECTION_URL  # e.g., http://sso.example.com/o/introspect/
                        ^^^^^^^^^^^^^^^^^^^^^^^^^^^^^^
  File "/Users/dhrubajyotiborah/Documents/Projects/hcs_sso_with_oidc/venv/lib/python3.12/site-packages/django/conf/__init__.py", line 77, in __getattr__
    val = getattr(_wrapped, name)
          ^^^^^^^^^^^^^^^^^^^^^^^
rest_framework.request.WrappedAttributeError: 'Settings' object has no attribute 'SSO_INTROSPECTION_URL'
ERROR 2026-02-19 10:32:44,886 log 14545 6276116480 Internal Server Error: /api/oidc/userinfo/
Traceback (most recent call last):
  File "/Users/dhrubajyotiborah/Documents/Projects/hcs_sso_with_oidc/venv/lib/python3.12/site-packages/rest_framework/request.py", line 74, in wrap_attributeerrors
    yield
  File "/Users/dhrubajyotiborah/Documents/Projects/hcs_sso_with_oidc/venv/lib/python3.12/site-packages/rest_framework/request.py", line 232, in user
    self._authenticate()
  File "/Users/dhrubajyotiborah/Documents/Projects/hcs_sso_with_oidc/venv/lib/python3.12/site-packages/rest_framework/request.py", line 385, in _authenticate
    user_auth_tuple = authenticator.authenticate(self)
                      ^^^^^^^^^^^^^^^^^^^^^^^^^^^^^^^^
  File "/Users/dhrubajyotiborah/Documents/Projects/hcs_sso_with_oidc/apps/api/authentication_introspection.py", line 173, in authenticate
    claims = introspect_token(token, use_cache=True)
             ^^^^^^^^^^^^^^^^^^^^^^^^^^^^^^^^^^^^^^^
  File "/Users/dhrubajyotiborah/Documents/Projects/hcs_sso_with_oidc/apps/api/authentication_introspection.py", line 90, in introspect_token
    introspection_url = settings.SSO_INTROSPECTION_URL  # e.g., http://sso.example.com/o/introspect/
                        ^^^^^^^^^^^^^^^^^^^^^^^^^^^^^^
  File "/Users/dhrubajyotiborah/Documents/Projects/hcs_sso_with_oidc/venv/lib/python3.12/site-packages/django/conf/__init__.py", line 77, in __getattr__
    val = getattr(_wrapped, name)
          ^^^^^^^^^^^^^^^^^^^^^^^
AttributeError: 'Settings' object has no attribute 'SSO_INTROSPECTION_URL'

During handling of the above exception, another exception occurred:

Traceback (most recent call last):
  File "/Users/dhrubajyotiborah/Documents/Projects/hcs_sso_with_oidc/venv/lib/python3.12/site-packages/django/core/handlers/exception.py", line 55, in inner
    response = get_response(request)
               ^^^^^^^^^^^^^^^^^^^^^
  File "/Users/dhrubajyotiborah/Documents/Projects/hcs_sso_with_oidc/venv/lib/python3.12/site-packages/django/core/handlers/base.py", line 198, in _get_response
    response = wrapped_callback(request, *callback_args, **callback_kwargs)
               ^^^^^^^^^^^^^^^^^^^^^^^^^^^^^^^^^^^^^^^^^^^^^^^^^^^^^^^^^^^^
  File "/Users/dhrubajyotiborah/Documents/Projects/hcs_sso_with_oidc/venv/lib/python3.12/site-packages/django/views/decorators/csrf.py", line 65, in _view_wrapper
    return view_func(request, *args, **kwargs)
           ^^^^^^^^^^^^^^^^^^^^^^^^^^^^^^^^^^^
  File "/Users/dhrubajyotiborah/Documents/Projects/hcs_sso_with_oidc/venv/lib/python3.12/site-packages/django/views/generic/base.py", line 106, in view
    return self.dispatch(request, *args, **kwargs)
           ^^^^^^^^^^^^^^^^^^^^^^^^^^^^^^^^^^^^^^^
  File "/Users/dhrubajyotiborah/Documents/Projects/hcs_sso_with_oidc/venv/lib/python3.12/site-packages/rest_framework/views.py", line 515, in dispatch
    response = self.handle_exception(exc)
               ^^^^^^^^^^^^^^^^^^^^^^^^^^
  File "/Users/dhrubajyotiborah/Documents/Projects/hcs_sso_with_oidc/venv/lib/python3.12/site-packages/rest_framework/views.py", line 475, in handle_exception
    self.raise_uncaught_exception(exc)
  File "/Users/dhrubajyotiborah/Documents/Projects/hcs_sso_with_oidc/venv/lib/python3.12/site-packages/rest_framework/views.py", line 486, in raise_uncaught_exception
    raise exc
  File "/Users/dhrubajyotiborah/Documents/Projects/hcs_sso_with_oidc/venv/lib/python3.12/site-packages/rest_framework/views.py", line 503, in dispatch
    self.initial(request, *args, **kwargs)
  File "/Users/dhrubajyotiborah/Documents/Projects/hcs_sso_with_oidc/venv/lib/python3.12/site-packages/rest_framework/views.py", line 420, in initial
    self.perform_authentication(request)
  File "/Users/dhrubajyotiborah/Documents/Projects/hcs_sso_with_oidc/venv/lib/python3.12/site-packages/rest_framework/views.py", line 330, in perform_authentication
    request.user
  File "/Users/dhrubajyotiborah/Documents/Projects/hcs_sso_with_oidc/venv/lib/python3.12/site-packages/rest_framework/request.py", line 231, in user
    with wrap_attributeerrors():
  File "/Library/Frameworks/Python.framework/Versions/3.12/lib/python3.12/contextlib.py", line 158, in __exit__
    self.gen.throw(value)
  File "/Users/dhrubajyotiborah/Documents/Projects/hcs_sso_with_oidc/venv/lib/python3.12/site-packages/rest_framework/request.py", line 78, in wrap_attributeerrors
    raise exc.with_traceback(info[2])
  File "/Users/dhrubajyotiborah/Documents/Projects/hcs_sso_with_oidc/venv/lib/python3.12/site-packages/rest_framework/request.py", line 74, in wrap_attributeerrors
    yield
  File "/Users/dhrubajyotiborah/Documents/Projects/hcs_sso_with_oidc/venv/lib/python3.12/site-packages/rest_framework/request.py", line 232, in user
    self._authenticate()
  File "/Users/dhrubajyotiborah/Documents/Projects/hcs_sso_with_oidc/venv/lib/python3.12/site-packages/rest_framework/request.py", line 385, in _authenticate
    user_auth_tuple = authenticator.authenticate(self)
                      ^^^^^^^^^^^^^^^^^^^^^^^^^^^^^^^^
  File "/Users/dhrubajyotiborah/Documents/Projects/hcs_sso_with_oidc/apps/api/authentication_introspection.py", line 173, in authenticate
    claims = introspect_token(token, use_cache=True)
             ^^^^^^^^^^^^^^^^^^^^^^^^^^^^^^^^^^^^^^^
  File "/Users/dhrubajyotiborah/Documents/Projects/hcs_sso_with_oidc/apps/api/authentication_introspection.py", line 90, in introspect_token
    introspection_url = settings.SSO_INTROSPECTION_URL  # e.g., http://sso.example.com/o/introspect/
                        ^^^^^^^^^^^^^^^^^^^^^^^^^^^^^^
  File "/Users/dhrubajyotiborah/Documents/Projects/hcs_sso_with_oidc/venv/lib/python3.12/site-packages/django/conf/__init__.py", line 77, in __getattr__
    val = getattr(_wrapped, name)
          ^^^^^^^^^^^^^^^^^^^^^^^
rest_framework.request.WrappedAttributeError: 'Settings' object has no attribute 'SSO_INTROSPECTION_URL'
ERROR 2026-02-19 10:32:44,926 log 14545 6276116480 "GET /api/oidc/userinfo/ HTTP/1.1" 500 170661
ERROR 2026-02-19 10:32:44,926 log 14545 6259290112 "GET /api/oidc/userinfo/ HTTP/1.1" 500 170661
INFO 2026-02-19 10:32:56,874 log 14545 6208237568 "POST /o/introspect/ HTTP/1.1" 200 199
INFO 2026-02-19 10:32:56,874 log 14545 6241890304 "POST /o/introspect/ HTTP/1.1" 200 199
ERROR 2026-02-19 10:32:56,919 log 14545 6259290112 Internal Server Error: /api/oidc/userinfo/
Traceback (most recent call last):
  File "/Users/dhrubajyotiborah/Documents/Projects/hcs_sso_with_oidc/venv/lib/python3.12/site-packages/rest_framework/request.py", line 74, in wrap_attributeerrors
    yield
  File "/Users/dhrubajyotiborah/Documents/Projects/hcs_sso_with_oidc/venv/lib/python3.12/site-packages/rest_framework/request.py", line 232, in user
    self._authenticate()
  File "/Users/dhrubajyotiborah/Documents/Projects/hcs_sso_with_oidc/venv/lib/python3.12/site-packages/rest_framework/request.py", line 385, in _authenticate
    user_auth_tuple = authenticator.authenticate(self)
                      ^^^^^^^^^^^^^^^^^^^^^^^^^^^^^^^^
  File "/Users/dhrubajyotiborah/Documents/Projects/hcs_sso_with_oidc/apps/api/authentication_introspection.py", line 173, in authenticate
    claims = introspect_token(token, use_cache=True)
             ^^^^^^^^^^^^^^^^^^^^^^^^^^^^^^^^^^^^^^^
  File "/Users/dhrubajyotiborah/Documents/Projects/hcs_sso_with_oidc/apps/api/authentication_introspection.py", line 90, in introspect_token
    introspection_url = settings.SSO_INTROSPECTION_URL  # e.g., http://sso.example.com/o/introspect/
                        ^^^^^^^^^^^^^^^^^^^^^^^^^^^^^^
  File "/Users/dhrubajyotiborah/Documents/Projects/hcs_sso_with_oidc/venv/lib/python3.12/site-packages/django/conf/__init__.py", line 77, in __getattr__
    val = getattr(_wrapped, name)
          ^^^^^^^^^^^^^^^^^^^^^^^
AttributeError: 'Settings' object has no attribute 'SSO_INTROSPECTION_URL'

During handling of the above exception, another exception occurred:

Traceback (most recent call last):
  File "/Users/dhrubajyotiborah/Documents/Projects/hcs_sso_with_oidc/venv/lib/python3.12/site-packages/django/core/handlers/exception.py", line 55, in inner
    response = get_response(request)
               ^^^^^^^^^^^^^^^^^^^^^
  File "/Users/dhrubajyotiborah/Documents/Projects/hcs_sso_with_oidc/venv/lib/python3.12/site-packages/django/core/handlers/base.py", line 198, in _get_response
    response = wrapped_callback(request, *callback_args, **callback_kwargs)
               ^^^^^^^^^^^^^^^^^^^^^^^^^^^^^^^^^^^^^^^^^^^^^^^^^^^^^^^^^^^^
  File "/Users/dhrubajyotiborah/Documents/Projects/hcs_sso_with_oidc/venv/lib/python3.12/site-packages/django/views/decorators/csrf.py", line 65, in _view_wrapper
    return view_func(request, *args, **kwargs)
           ^^^^^^^^^^^^^^^^^^^^^^^^^^^^^^^^^^^
  File "/Users/dhrubajyotiborah/Documents/Projects/hcs_sso_with_oidc/venv/lib/python3.12/site-packages/django/views/generic/base.py", line 106, in view
    return self.dispatch(request, *args, **kwargs)
           ^^^^^^^^^^^^^^^^^^^^^^^^^^^^^^^^^^^^^^^
  File "/Users/dhrubajyotiborah/Documents/Projects/hcs_sso_with_oidc/venv/lib/python3.12/site-packages/rest_framework/views.py", line 515, in dispatch
    response = self.handle_exception(exc)
               ^^^^^^^^^^^^^^^^^^^^^^^^^^
  File "/Users/dhrubajyotiborah/Documents/Projects/hcs_sso_with_oidc/venv/lib/python3.12/site-packages/rest_framework/views.py", line 475, in handle_exception
    self.raise_uncaught_exception(exc)
  File "/Users/dhrubajyotiborah/Documents/Projects/hcs_sso_with_oidc/venv/lib/python3.12/site-packages/rest_framework/views.py", line 486, in raise_uncaught_exception
    raise exc
  File "/Users/dhrubajyotiborah/Documents/Projects/hcs_sso_with_oidc/venv/lib/python3.12/site-packages/rest_framework/views.py", line 503, in dispatch
    self.initial(request, *args, **kwargs)
  File "/Users/dhrubajyotiborah/Documents/Projects/hcs_sso_with_oidc/venv/lib/python3.12/site-packages/rest_framework/views.py", line 420, in initial
    self.perform_authentication(request)
  File "/Users/dhrubajyotiborah/Documents/Projects/hcs_sso_with_oidc/venv/lib/python3.12/site-packages/rest_framework/views.py", line 330, in perform_authentication
    request.user
  File "/Users/dhrubajyotiborah/Documents/Projects/hcs_sso_with_oidc/venv/lib/python3.12/site-packages/rest_framework/request.py", line 231, in user
    with wrap_attributeerrors():
  File "/Library/Frameworks/Python.framework/Versions/3.12/lib/python3.12/contextlib.py", line 158, in __exit__
    self.gen.throw(value)
  File "/Users/dhrubajyotiborah/Documents/Projects/hcs_sso_with_oidc/venv/lib/python3.12/site-packages/rest_framework/request.py", line 78, in wrap_attributeerrors
    raise exc.with_traceback(info[2])
  File "/Users/dhrubajyotiborah/Documents/Projects/hcs_sso_with_oidc/venv/lib/python3.12/site-packages/rest_framework/request.py", line 74, in wrap_attributeerrors
    yield
  File "/Users/dhrubajyotiborah/Documents/Projects/hcs_sso_with_oidc/venv/lib/python3.12/site-packages/rest_framework/request.py", line 232, in user
    self._authenticate()
  File "/Users/dhrubajyotiborah/Documents/Projects/hcs_sso_with_oidc/venv/lib/python3.12/site-packages/rest_framework/request.py", line 385, in _authenticate
    user_auth_tuple = authenticator.authenticate(self)
                      ^^^^^^^^^^^^^^^^^^^^^^^^^^^^^^^^
  File "/Users/dhrubajyotiborah/Documents/Projects/hcs_sso_with_oidc/apps/api/authentication_introspection.py", line 173, in authenticate
    claims = introspect_token(token, use_cache=True)
             ^^^^^^^^^^^^^^^^^^^^^^^^^^^^^^^^^^^^^^^
  File "/Users/dhrubajyotiborah/Documents/Projects/hcs_sso_with_oidc/apps/api/authentication_introspection.py", line 90, in introspect_token
    introspection_url = settings.SSO_INTROSPECTION_URL  # e.g., http://sso.example.com/o/introspect/
                        ^^^^^^^^^^^^^^^^^^^^^^^^^^^^^^
  File "/Users/dhrubajyotiborah/Documents/Projects/hcs_sso_with_oidc/venv/lib/python3.12/site-packages/django/conf/__init__.py", line 77, in __getattr__
    val = getattr(_wrapped, name)
          ^^^^^^^^^^^^^^^^^^^^^^^
rest_framework.request.WrappedAttributeError: 'Settings' object has no attribute 'SSO_INTROSPECTION_URL'
ERROR 2026-02-19 10:32:56,928 log 14545 6276116480 Internal Server Error: /api/oidc/userinfo/
Traceback (most recent call last):
  File "/Users/dhrubajyotiborah/Documents/Projects/hcs_sso_with_oidc/venv/lib/python3.12/site-packages/rest_framework/request.py", line 74, in wrap_attributeerrors
    yield
  File "/Users/dhrubajyotiborah/Documents/Projects/hcs_sso_with_oidc/venv/lib/python3.12/site-packages/rest_framework/request.py", line 232, in user
    self._authenticate()
  File "/Users/dhrubajyotiborah/Documents/Projects/hcs_sso_with_oidc/venv/lib/python3.12/site-packages/rest_framework/request.py", line 385, in _authenticate
    user_auth_tuple = authenticator.authenticate(self)
                      ^^^^^^^^^^^^^^^^^^^^^^^^^^^^^^^^
  File "/Users/dhrubajyotiborah/Documents/Projects/hcs_sso_with_oidc/apps/api/authentication_introspection.py", line 173, in authenticate
    claims = introspect_token(token, use_cache=True)
             ^^^^^^^^^^^^^^^^^^^^^^^^^^^^^^^^^^^^^^^
  File "/Users/dhrubajyotiborah/Documents/Projects/hcs_sso_with_oidc/apps/api/authentication_introspection.py", line 90, in introspect_token
    introspection_url = settings.SSO_INTROSPECTION_URL  # e.g., http://sso.example.com/o/introspect/
                        ^^^^^^^^^^^^^^^^^^^^^^^^^^^^^^
  File "/Users/dhrubajyotiborah/Documents/Projects/hcs_sso_with_oidc/venv/lib/python3.12/site-packages/django/conf/__init__.py", line 77, in __getattr__
    val = getattr(_wrapped, name)
          ^^^^^^^^^^^^^^^^^^^^^^^
AttributeError: 'Settings' object has no attribute 'SSO_INTROSPECTION_URL'

During handling of the above exception, another exception occurred:

Traceback (most recent call last):
  File "/Users/dhrubajyotiborah/Documents/Projects/hcs_sso_with_oidc/venv/lib/python3.12/site-packages/django/core/handlers/exception.py", line 55, in inner
    response = get_response(request)
               ^^^^^^^^^^^^^^^^^^^^^
  File "/Users/dhrubajyotiborah/Documents/Projects/hcs_sso_with_oidc/venv/lib/python3.12/site-packages/django/core/handlers/base.py", line 198, in _get_response
    response = wrapped_callback(request, *callback_args, **callback_kwargs)
               ^^^^^^^^^^^^^^^^^^^^^^^^^^^^^^^^^^^^^^^^^^^^^^^^^^^^^^^^^^^^
  File "/Users/dhrubajyotiborah/Documents/Projects/hcs_sso_with_oidc/venv/lib/python3.12/site-packages/django/views/decorators/csrf.py", line 65, in _view_wrapper
    return view_func(request, *args, **kwargs)
           ^^^^^^^^^^^^^^^^^^^^^^^^^^^^^^^^^^^
  File "/Users/dhrubajyotiborah/Documents/Projects/hcs_sso_with_oidc/venv/lib/python3.12/site-packages/django/views/generic/base.py", line 106, in view
    return self.dispatch(request, *args, **kwargs)
           ^^^^^^^^^^^^^^^^^^^^^^^^^^^^^^^^^^^^^^^
  File "/Users/dhrubajyotiborah/Documents/Projects/hcs_sso_with_oidc/venv/lib/python3.12/site-packages/rest_framework/views.py", line 515, in dispatch
    response = self.handle_exception(exc)
               ^^^^^^^^^^^^^^^^^^^^^^^^^^
  File "/Users/dhrubajyotiborah/Documents/Projects/hcs_sso_with_oidc/venv/lib/python3.12/site-packages/rest_framework/views.py", line 475, in handle_exception
    self.raise_uncaught_exception(exc)
  File "/Users/dhrubajyotiborah/Documents/Projects/hcs_sso_with_oidc/venv/lib/python3.12/site-packages/rest_framework/views.py", line 486, in raise_uncaught_exception
    raise exc
  File "/Users/dhrubajyotiborah/Documents/Projects/hcs_sso_with_oidc/venv/lib/python3.12/site-packages/rest_framework/views.py", line 503, in dispatch
    self.initial(request, *args, **kwargs)
  File "/Users/dhrubajyotiborah/Documents/Projects/hcs_sso_with_oidc/venv/lib/python3.12/site-packages/rest_framework/views.py", line 420, in initial
    self.perform_authentication(request)
  File "/Users/dhrubajyotiborah/Documents/Projects/hcs_sso_with_oidc/venv/lib/python3.12/site-packages/rest_framework/views.py", line 330, in perform_authentication
    request.user
  File "/Users/dhrubajyotiborah/Documents/Projects/hcs_sso_with_oidc/venv/lib/python3.12/site-packages/rest_framework/request.py", line 231, in user
    with wrap_attributeerrors():
  File "/Library/Frameworks/Python.framework/Versions/3.12/lib/python3.12/contextlib.py", line 158, in __exit__
    self.gen.throw(value)
  File "/Users/dhrubajyotiborah/Documents/Projects/hcs_sso_with_oidc/venv/lib/python3.12/site-packages/rest_framework/request.py", line 78, in wrap_attributeerrors
    raise exc.with_traceback(info[2])
  File "/Users/dhrubajyotiborah/Documents/Projects/hcs_sso_with_oidc/venv/lib/python3.12/site-packages/rest_framework/request.py", line 74, in wrap_attributeerrors
    yield
  File "/Users/dhrubajyotiborah/Documents/Projects/hcs_sso_with_oidc/venv/lib/python3.12/site-packages/rest_framework/request.py", line 232, in user
    self._authenticate()
  File "/Users/dhrubajyotiborah/Documents/Projects/hcs_sso_with_oidc/venv/lib/python3.12/site-packages/rest_framework/request.py", line 385, in _authenticate
    user_auth_tuple = authenticator.authenticate(self)
                      ^^^^^^^^^^^^^^^^^^^^^^^^^^^^^^^^
  File "/Users/dhrubajyotiborah/Documents/Projects/hcs_sso_with_oidc/apps/api/authentication_introspection.py", line 173, in authenticate
    claims = introspect_token(token, use_cache=True)
             ^^^^^^^^^^^^^^^^^^^^^^^^^^^^^^^^^^^^^^^
  File "/Users/dhrubajyotiborah/Documents/Projects/hcs_sso_with_oidc/apps/api/authentication_introspection.py", line 90, in introspect_token
    introspection_url = settings.SSO_INTROSPECTION_URL  # e.g., http://sso.example.com/o/introspect/
                        ^^^^^^^^^^^^^^^^^^^^^^^^^^^^^^
  File "/Users/dhrubajyotiborah/Documents/Projects/hcs_sso_with_oidc/venv/lib/python3.12/site-packages/django/conf/__init__.py", line 77, in __getattr__
    val = getattr(_wrapped, name)
          ^^^^^^^^^^^^^^^^^^^^^^^
rest_framework.request.WrappedAttributeError: 'Settings' object has no attribute 'SSO_INTROSPECTION_URL'
ERROR 2026-02-19 10:32:56,962 log 14545 6259290112 "GET /api/oidc/userinfo/ HTTP/1.1" 500 170661
ERROR 2026-02-19 10:32:56,963 log 14545 6276116480 "GET /api/oidc/userinfo/ HTTP/1.1" 500 170661
INFO 2026-02-19 10:33:39,549 autoreload 14545 8562434240 /Users/dhrubajyotiborah/Documents/Projects/hcs_sso_with_oidc/sso/settings.py changed, reloading.
ERROR 2026-02-19 10:33:40,363 apps 16103 8562434240 Failed to register custom backends: argument of type 'module' is not iterable
INFO 2026-02-19 10:33:40,363 apps 16103 8562434240 Enabled providers: Google, Facebook
INFO 2026-02-19 10:33:40,363 apps 16103 8562434240 ✅ Social authentication app initialized successfully
INFO 2026-02-19 10:33:40,370 autoreload 16103 8562434240 Watching for file changes with StatReloader
INFO 2026-02-19 10:33:45,266 log 16103 6170488832 "GET /o/authorize/?response_type=code&client_id=5kWtcsPK1TeThWvN7gktrTfOsoiVdaY9OMqXEIV0&state=WlVRVWwwMnBUWFR1MS5BWG14bVkwSmJzUHJud0JWZnNUSndnQ3Vnd0Z2a2VD&redirect_uri=http%3A%2F%2Flocalhost%3A4200&scope=openid%20profile%20email%20read%20write%20api.read%20api.write%20offline_access&code_challenge=bfbhNNQMQUbQUPe2ILgivsc1pkBhGpihcF4YFm78e6s&code_challenge_method=S256&nonce=WlVRVWwwMnBUWFR1MS5BWG14bVkwSmJzUHJud0JWZnNUSndnQ3Vnd0Z2a2VD HTTP/1.1" 200 4317
WARNING 2026-02-19 10:33:45,417 log 16103 6170488832 Not Found: /.well-known/appspecific/com.chrome.devtools.json
WARNING 2026-02-19 10:33:45,417 log 16103 6170488832 "GET /.well-known/appspecific/com.chrome.devtools.json HTTP/1.1" 404 5005
INFO 2026-02-19 10:33:47,922 log 16103 6170488832 "POST /o/authorize/?response_type=code&client_id=5kWtcsPK1TeThWvN7gktrTfOsoiVdaY9OMqXEIV0&state=WlVRVWwwMnBUWFR1MS5BWG14bVkwSmJzUHJud0JWZnNUSndnQ3Vnd0Z2a2VD&redirect_uri=http%3A%2F%2Flocalhost%3A4200&scope=openid%20profile%20email%20read%20write%20api.read%20api.write%20offline_access&code_challenge=bfbhNNQMQUbQUPe2ILgivsc1pkBhGpihcF4YFm78e6s&code_challenge_method=S256&nonce=WlVRVWwwMnBUWFR1MS5BWG14bVkwSmJzUHJud0JWZnNUSndnQ3Vnd0Z2a2VD HTTP/1.1" 302 0
INFO 2026-02-19 10:33:48,475 log 16103 6204141568 "GET /o/.well-known/openid-configuration HTTP/1.1" 200 787
INFO 2026-02-19 10:33:48,725 log 16103 6204141568 "GET /o/.well-known/jwks.json HTTP/1.1" 200 474
INFO 2026-02-19 10:33:48,885 validators 16103 6204141568 Token issued for user 8 via local
INFO 2026-02-19 10:33:48,892 signals 16103 6204141568 Access token created for user 8 via client 5kWtcsPK1TeThWvN7gktrTfOsoiVdaY9OMqXEIV0
INFO 2026-02-19 10:33:48,930 log 16103 6204141568 "POST /o/token/ HTTP/1.1" 200 1475
INFO 2026-02-19 10:33:49,249 log 16103 6220967936 "POST /o/introspect/ HTTP/1.1" 200 199
ERROR 2026-02-19 10:33:49,378 token 16103 6237794304 UserInfo endpoint error: 'Request' object has no attribute 'access_token'
ERROR 2026-02-19 10:33:49,391 log 16103 6237794304 Internal Server Error: /api/oidc/userinfo/
ERROR 2026-02-19 10:33:49,391 log 16103 6237794304 "GET /api/oidc/userinfo/ HTTP/1.1" 500 95
INFO 2026-02-19 10:33:53,262 log 16103 6237794304 "POST /o/introspect/ HTTP/1.1" 200 199
INFO 2026-02-19 10:33:53,262 log 16103 6220967936 "POST /o/introspect/ HTTP/1.1" 200 199
ERROR 2026-02-19 10:33:53,292 token 16103 6254620672 UserInfo endpoint error: 'Request' object has no attribute 'access_token'
ERROR 2026-02-19 10:33:53,292 token 16103 6271447040 UserInfo endpoint error: 'Request' object has no attribute 'access_token'
ERROR 2026-02-19 10:33:53,301 log 16103 6254620672 Internal Server Error: /api/oidc/userinfo/
ERROR 2026-02-19 10:33:53,302 log 16103 6271447040 Internal Server Error: /api/oidc/userinfo/
ERROR 2026-02-19 10:33:53,302 log 16103 6254620672 "GET /api/oidc/userinfo/ HTTP/1.1" 500 95
ERROR 2026-02-19 10:33:53,302 log 16103 6271447040 "GET /api/oidc/userinfo/ HTTP/1.1" 500 95
INFO 2026-02-19 10:36:39,579 autoreload 16103 8562434240 /Users/dhrubajyotiborah/Documents/Projects/hcs_sso_with_oidc/sso/settings.py changed, reloading.
ERROR 2026-02-19 10:36:40,407 apps 17359 8562434240 Failed to register custom backends: argument of type 'module' is not iterable
INFO 2026-02-19 10:36:40,408 apps 17359 8562434240 Enabled providers: Google, Facebook
INFO 2026-02-19 10:36:40,408 apps 17359 8562434240 ✅ Social authentication app initialized successfully
INFO 2026-02-19 10:36:40,415 autoreload 17359 8562434240 Watching for file changes with StatReloader
INFO 2026-02-19 10:36:41,665 autoreload 17359 8562434240 /Users/dhrubajyotiborah/Documents/Projects/hcs_sso_with_oidc/sso/settings.py changed, reloading.
ERROR 2026-02-19 10:36:42,166 apps 17378 8562434240 Failed to register custom backends: argument of type 'module' is not iterable
INFO 2026-02-19 10:36:42,166 apps 17378 8562434240 Enabled providers: Google, Facebook
INFO 2026-02-19 10:36:42,166 apps 17378 8562434240 ✅ Social authentication app initialized successfully
INFO 2026-02-19 10:36:42,171 autoreload 17378 8562434240 Watching for file changes with StatReloader
INFO 2026-02-19 10:36:51,837 autoreload 17378 8562434240 /Users/dhrubajyotiborah/Documents/Projects/hcs_sso_with_oidc/sso/settings.py changed, reloading.
ERROR 2026-02-19 10:36:52,472 apps 17459 8562434240 Failed to register custom backends: argument of type 'module' is not iterable
INFO 2026-02-19 10:36:52,472 apps 17459 8562434240 Enabled providers: Google, Facebook
INFO 2026-02-19 10:36:52,472 apps 17459 8562434240 ✅ Social authentication app initialized successfully
INFO 2026-02-19 10:36:52,477 autoreload 17459 8562434240 Watching for file changes with StatReloader
INFO 2026-02-19 10:36:57,985 autoreload 17459 8562434240 /Users/dhrubajyotiborah/Documents/Projects/hcs_sso_with_oidc/sso/settings.py changed, reloading.
ERROR 2026-02-19 10:36:58,470 apps 17514 8562434240 Failed to register custom backends: argument of type 'module' is not iterable
INFO 2026-02-19 10:36:58,470 apps 17514 8562434240 Enabled providers: Google, Facebook
INFO 2026-02-19 10:36:58,470 apps 17514 8562434240 ✅ Social authentication app initialized successfully
INFO 2026-02-19 10:36:58,473 autoreload 17514 8562434240 Watching for file changes with StatReloader
INFO 2026-02-19 10:37:07,127 autoreload 17514 8562434240 /Users/dhrubajyotiborah/Documents/Projects/hcs_sso_with_oidc/sso/settings.py changed, reloading.
ERROR 2026-02-19 10:37:07,621 apps 17579 8562434240 Failed to register custom backends: argument of type 'module' is not iterable
INFO 2026-02-19 10:37:07,621 apps 17579 8562434240 Enabled providers: Google, Facebook
INFO 2026-02-19 10:37:07,621 apps 17579 8562434240 ✅ Social authentication app initialized successfully
INFO 2026-02-19 10:37:07,626 autoreload 17579 8562434240 Watching for file changes with StatReloader
ERROR 2026-02-19 10:37:20,108 apps 17773 8562434240 Failed to register custom backends: argument of type 'module' is not iterable
INFO 2026-02-19 10:37:20,109 apps 17773 8562434240 Enabled providers: Google, Facebook
INFO 2026-02-19 10:37:20,109 apps 17773 8562434240 ✅ Social authentication app initialized successfully
ERROR 2026-02-19 10:37:20,547 apps 17775 8562434240 Failed to register custom backends: argument of type 'module' is not iterable
INFO 2026-02-19 10:37:20,547 apps 17775 8562434240 Enabled providers: Google, Facebook
INFO 2026-02-19 10:37:20,547 apps 17775 8562434240 ✅ Social authentication app initialized successfully
INFO 2026-02-19 10:37:20,552 autoreload 17775 8562434240 Watching for file changes with StatReloader
INFO 2026-02-19 10:37:25,486 log 17775 6136623104 "GET /o/authorize/?response_type=code&client_id=5kWtcsPK1TeThWvN7gktrTfOsoiVdaY9OMqXEIV0&state=VDJPVTMxTm1EYXBCT0V-bG1KVkFaa3VyYnhWRVdmREhBTlJJNWktYUZFZVAu&redirect_uri=http%3A%2F%2Flocalhost%3A4200&scope=openid%20profile%20email%20read%20write%20api.read%20api.write%20offline_access&code_challenge=KhirdzCbsRL0KlvTTDB8Af5O-ppngEb5Cf426-XPEHU&code_challenge_method=S256&nonce=VDJPVTMxTm1EYXBCT0V-bG1KVkFaa3VyYnhWRVdmREhBTlJJNWktYUZFZVAu HTTP/1.1" 200 4317
WARNING 2026-02-19 10:37:26,119 log 17775 6136623104 Not Found: /.well-known/appspecific/com.chrome.devtools.json
WARNING 2026-02-19 10:37:26,119 log 17775 6136623104 "GET /.well-known/appspecific/com.chrome.devtools.json HTTP/1.1" 404 5005
INFO 2026-02-19 10:37:28,039 log 17775 6136623104 "POST /o/authorize/?response_type=code&client_id=5kWtcsPK1TeThWvN7gktrTfOsoiVdaY9OMqXEIV0&state=VDJPVTMxTm1EYXBCT0V-bG1KVkFaa3VyYnhWRVdmREhBTlJJNWktYUZFZVAu&redirect_uri=http%3A%2F%2Flocalhost%3A4200&scope=openid%20profile%20email%20read%20write%20api.read%20api.write%20offline_access&code_challenge=KhirdzCbsRL0KlvTTDB8Af5O-ppngEb5Cf426-XPEHU&code_challenge_method=S256&nonce=VDJPVTMxTm1EYXBCT0V-bG1KVkFaa3VyYnhWRVdmREhBTlJJNWktYUZFZVAu HTTP/1.1" 302 0
INFO 2026-02-19 10:37:28,475 log 17775 6170275840 "GET /o/.well-known/openid-configuration HTTP/1.1" 200 787
INFO 2026-02-19 10:37:28,696 log 17775 6170275840 "GET /o/.well-known/jwks.json HTTP/1.1" 200 474
INFO 2026-02-19 10:37:28,843 validators 17775 6170275840 Token issued for user 8 via local
INFO 2026-02-19 10:37:28,850 signals 17775 6170275840 Access token created for user 8 via client 5kWtcsPK1TeThWvN7gktrTfOsoiVdaY9OMqXEIV0
INFO 2026-02-19 10:37:28,896 log 17775 6170275840 "POST /o/token/ HTTP/1.1" 200 1475
INFO 2026-02-19 10:37:29,269 log 17775 6187102208 "POST /o/introspect/ HTTP/1.1" 200 199
ERROR 2026-02-19 10:37:29,356 log 17775 6203928576 Internal Server Error: /api/oidc/userinfo/
Traceback (most recent call last):
  File "/Users/dhrubajyotiborah/Documents/Projects/hcs_sso_with_oidc/venv/lib/python3.12/site-packages/rest_framework/request.py", line 74, in wrap_attributeerrors
    yield
  File "/Users/dhrubajyotiborah/Documents/Projects/hcs_sso_with_oidc/venv/lib/python3.12/site-packages/rest_framework/request.py", line 232, in user
    self._authenticate()
  File "/Users/dhrubajyotiborah/Documents/Projects/hcs_sso_with_oidc/venv/lib/python3.12/site-packages/rest_framework/request.py", line 385, in _authenticate
    user_auth_tuple = authenticator.authenticate(self)
                      ^^^^^^^^^^^^^^^^^^^^^^^^^^^^^^^^
  File "/Users/dhrubajyotiborah/Documents/Projects/hcs_sso_with_oidc/apps/api/authentication_introspection.py", line 173, in authenticate
    claims = introspect_token(token, use_cache=True)
             ^^^^^^^^^^^^^^^^^^^^^^^^^^^^^^^^^^^^^^^
  File "/Users/dhrubajyotiborah/Documents/Projects/hcs_sso_with_oidc/apps/api/authentication_introspection.py", line 90, in introspect_token
    introspection_url = settings.SSO_INTROSPECTION_URL  # e.g., http://sso.example.com/o/introspect/
                        ^^^^^^^^^^^^^^^^^^^^^^^^^^^^^^
  File "/Users/dhrubajyotiborah/Documents/Projects/hcs_sso_with_oidc/venv/lib/python3.12/site-packages/django/conf/__init__.py", line 77, in __getattr__
    val = getattr(_wrapped, name)
          ^^^^^^^^^^^^^^^^^^^^^^^
AttributeError: 'Settings' object has no attribute 'SSO_INTROSPECTION_URL'

During handling of the above exception, another exception occurred:

Traceback (most recent call last):
  File "/Users/dhrubajyotiborah/Documents/Projects/hcs_sso_with_oidc/venv/lib/python3.12/site-packages/django/core/handlers/exception.py", line 55, in inner
    response = get_response(request)
               ^^^^^^^^^^^^^^^^^^^^^
  File "/Users/dhrubajyotiborah/Documents/Projects/hcs_sso_with_oidc/venv/lib/python3.12/site-packages/django/core/handlers/base.py", line 198, in _get_response
    response = wrapped_callback(request, *callback_args, **callback_kwargs)
               ^^^^^^^^^^^^^^^^^^^^^^^^^^^^^^^^^^^^^^^^^^^^^^^^^^^^^^^^^^^^
  File "/Users/dhrubajyotiborah/Documents/Projects/hcs_sso_with_oidc/venv/lib/python3.12/site-packages/django/views/decorators/csrf.py", line 65, in _view_wrapper
    return view_func(request, *args, **kwargs)
           ^^^^^^^^^^^^^^^^^^^^^^^^^^^^^^^^^^^
  File "/Users/dhrubajyotiborah/Documents/Projects/hcs_sso_with_oidc/venv/lib/python3.12/site-packages/django/views/generic/base.py", line 106, in view
    return self.dispatch(request, *args, **kwargs)
           ^^^^^^^^^^^^^^^^^^^^^^^^^^^^^^^^^^^^^^^
  File "/Users/dhrubajyotiborah/Documents/Projects/hcs_sso_with_oidc/venv/lib/python3.12/site-packages/rest_framework/views.py", line 515, in dispatch
    response = self.handle_exception(exc)
               ^^^^^^^^^^^^^^^^^^^^^^^^^^
  File "/Users/dhrubajyotiborah/Documents/Projects/hcs_sso_with_oidc/venv/lib/python3.12/site-packages/rest_framework/views.py", line 475, in handle_exception
    self.raise_uncaught_exception(exc)
  File "/Users/dhrubajyotiborah/Documents/Projects/hcs_sso_with_oidc/venv/lib/python3.12/site-packages/rest_framework/views.py", line 486, in raise_uncaught_exception
    raise exc
  File "/Users/dhrubajyotiborah/Documents/Projects/hcs_sso_with_oidc/venv/lib/python3.12/site-packages/rest_framework/views.py", line 503, in dispatch
    self.initial(request, *args, **kwargs)
  File "/Users/dhrubajyotiborah/Documents/Projects/hcs_sso_with_oidc/venv/lib/python3.12/site-packages/rest_framework/views.py", line 420, in initial
    self.perform_authentication(request)
  File "/Users/dhrubajyotiborah/Documents/Projects/hcs_sso_with_oidc/venv/lib/python3.12/site-packages/rest_framework/views.py", line 330, in perform_authentication
    request.user
  File "/Users/dhrubajyotiborah/Documents/Projects/hcs_sso_with_oidc/venv/lib/python3.12/site-packages/rest_framework/request.py", line 231, in user
    with wrap_attributeerrors():
  File "/Library/Frameworks/Python.framework/Versions/3.12/lib/python3.12/contextlib.py", line 158, in __exit__
    self.gen.throw(value)
  File "/Users/dhrubajyotiborah/Documents/Projects/hcs_sso_with_oidc/venv/lib/python3.12/site-packages/rest_framework/request.py", line 78, in wrap_attributeerrors
    raise exc.with_traceback(info[2])
  File "/Users/dhrubajyotiborah/Documents/Projects/hcs_sso_with_oidc/venv/lib/python3.12/site-packages/rest_framework/request.py", line 74, in wrap_attributeerrors
    yield
  File "/Users/dhrubajyotiborah/Documents/Projects/hcs_sso_with_oidc/venv/lib/python3.12/site-packages/rest_framework/request.py", line 232, in user
    self._authenticate()
  File "/Users/dhrubajyotiborah/Documents/Projects/hcs_sso_with_oidc/venv/lib/python3.12/site-packages/rest_framework/request.py", line 385, in _authenticate
    user_auth_tuple = authenticator.authenticate(self)
                      ^^^^^^^^^^^^^^^^^^^^^^^^^^^^^^^^
  File "/Users/dhrubajyotiborah/Documents/Projects/hcs_sso_with_oidc/apps/api/authentication_introspection.py", line 173, in authenticate
    claims = introspect_token(token, use_cache=True)
             ^^^^^^^^^^^^^^^^^^^^^^^^^^^^^^^^^^^^^^^
  File "/Users/dhrubajyotiborah/Documents/Projects/hcs_sso_with_oidc/apps/api/authentication_introspection.py", line 90, in introspect_token
    introspection_url = settings.SSO_INTROSPECTION_URL  # e.g., http://sso.example.com/o/introspect/
                        ^^^^^^^^^^^^^^^^^^^^^^^^^^^^^^
  File "/Users/dhrubajyotiborah/Documents/Projects/hcs_sso_with_oidc/venv/lib/python3.12/site-packages/django/conf/__init__.py", line 77, in __getattr__
    val = getattr(_wrapped, name)
          ^^^^^^^^^^^^^^^^^^^^^^^
rest_framework.request.WrappedAttributeError: 'Settings' object has no attribute 'SSO_INTROSPECTION_URL'
ERROR 2026-02-19 10:37:29,396 log 17775 6203928576 "GET /api/oidc/userinfo/ HTTP/1.1" 500 170661
INFO 2026-02-19 10:37:31,134 log 17775 6187102208 "POST /o/introspect/ HTTP/1.1" 200 199
ERROR 2026-02-19 10:37:31,177 log 17775 6203928576 Internal Server Error: /api/oidc/userinfo/
Traceback (most recent call last):
  File "/Users/dhrubajyotiborah/Documents/Projects/hcs_sso_with_oidc/venv/lib/python3.12/site-packages/rest_framework/request.py", line 74, in wrap_attributeerrors
    yield
  File "/Users/dhrubajyotiborah/Documents/Projects/hcs_sso_with_oidc/venv/lib/python3.12/site-packages/rest_framework/request.py", line 232, in user
    self._authenticate()
  File "/Users/dhrubajyotiborah/Documents/Projects/hcs_sso_with_oidc/venv/lib/python3.12/site-packages/rest_framework/request.py", line 385, in _authenticate
    user_auth_tuple = authenticator.authenticate(self)
                      ^^^^^^^^^^^^^^^^^^^^^^^^^^^^^^^^
  File "/Users/dhrubajyotiborah/Documents/Projects/hcs_sso_with_oidc/apps/api/authentication_introspection.py", line 173, in authenticate
    claims = introspect_token(token, use_cache=True)
             ^^^^^^^^^^^^^^^^^^^^^^^^^^^^^^^^^^^^^^^
  File "/Users/dhrubajyotiborah/Documents/Projects/hcs_sso_with_oidc/apps/api/authentication_introspection.py", line 90, in introspect_token
    introspection_url = settings.SSO_INTROSPECTION_URL  # e.g., http://sso.example.com/o/introspect/
                        ^^^^^^^^^^^^^^^^^^^^^^^^^^^^^^
  File "/Users/dhrubajyotiborah/Documents/Projects/hcs_sso_with_oidc/venv/lib/python3.12/site-packages/django/conf/__init__.py", line 77, in __getattr__
    val = getattr(_wrapped, name)
          ^^^^^^^^^^^^^^^^^^^^^^^
AttributeError: 'Settings' object has no attribute 'SSO_INTROSPECTION_URL'

During handling of the above exception, another exception occurred:

Traceback (most recent call last):
  File "/Users/dhrubajyotiborah/Documents/Projects/hcs_sso_with_oidc/venv/lib/python3.12/site-packages/django/core/handlers/exception.py", line 55, in inner
    response = get_response(request)
               ^^^^^^^^^^^^^^^^^^^^^
  File "/Users/dhrubajyotiborah/Documents/Projects/hcs_sso_with_oidc/venv/lib/python3.12/site-packages/django/core/handlers/base.py", line 198, in _get_response
    response = wrapped_callback(request, *callback_args, **callback_kwargs)
               ^^^^^^^^^^^^^^^^^^^^^^^^^^^^^^^^^^^^^^^^^^^^^^^^^^^^^^^^^^^^
  File "/Users/dhrubajyotiborah/Documents/Projects/hcs_sso_with_oidc/venv/lib/python3.12/site-packages/django/views/decorators/csrf.py", line 65, in _view_wrapper
    return view_func(request, *args, **kwargs)
           ^^^^^^^^^^^^^^^^^^^^^^^^^^^^^^^^^^^
  File "/Users/dhrubajyotiborah/Documents/Projects/hcs_sso_with_oidc/venv/lib/python3.12/site-packages/django/views/generic/base.py", line 106, in view
    return self.dispatch(request, *args, **kwargs)
           ^^^^^^^^^^^^^^^^^^^^^^^^^^^^^^^^^^^^^^^
  File "/Users/dhrubajyotiborah/Documents/Projects/hcs_sso_with_oidc/venv/lib/python3.12/site-packages/rest_framework/views.py", line 515, in dispatch
    response = self.handle_exception(exc)
               ^^^^^^^^^^^^^^^^^^^^^^^^^^
  File "/Users/dhrubajyotiborah/Documents/Projects/hcs_sso_with_oidc/venv/lib/python3.12/site-packages/rest_framework/views.py", line 475, in handle_exception
    self.raise_uncaught_exception(exc)
  File "/Users/dhrubajyotiborah/Documents/Projects/hcs_sso_with_oidc/venv/lib/python3.12/site-packages/rest_framework/views.py", line 486, in raise_uncaught_exception
    raise exc
  File "/Users/dhrubajyotiborah/Documents/Projects/hcs_sso_with_oidc/venv/lib/python3.12/site-packages/rest_framework/views.py", line 503, in dispatch
    self.initial(request, *args, **kwargs)
  File "/Users/dhrubajyotiborah/Documents/Projects/hcs_sso_with_oidc/venv/lib/python3.12/site-packages/rest_framework/views.py", line 420, in initial
    self.perform_authentication(request)
  File "/Users/dhrubajyotiborah/Documents/Projects/hcs_sso_with_oidc/venv/lib/python3.12/site-packages/rest_framework/views.py", line 330, in perform_authentication
    request.user
  File "/Users/dhrubajyotiborah/Documents/Projects/hcs_sso_with_oidc/venv/lib/python3.12/site-packages/rest_framework/request.py", line 231, in user
    with wrap_attributeerrors():
  File "/Library/Frameworks/Python.framework/Versions/3.12/lib/python3.12/contextlib.py", line 158, in __exit__
    self.gen.throw(value)
  File "/Users/dhrubajyotiborah/Documents/Projects/hcs_sso_with_oidc/venv/lib/python3.12/site-packages/rest_framework/request.py", line 78, in wrap_attributeerrors
    raise exc.with_traceback(info[2])
  File "/Users/dhrubajyotiborah/Documents/Projects/hcs_sso_with_oidc/venv/lib/python3.12/site-packages/rest_framework/request.py", line 74, in wrap_attributeerrors
    yield
  File "/Users/dhrubajyotiborah/Documents/Projects/hcs_sso_with_oidc/venv/lib/python3.12/site-packages/rest_framework/request.py", line 232, in user
    self._authenticate()
  File "/Users/dhrubajyotiborah/Documents/Projects/hcs_sso_with_oidc/venv/lib/python3.12/site-packages/rest_framework/request.py", line 385, in _authenticate
    user_auth_tuple = authenticator.authenticate(self)
                      ^^^^^^^^^^^^^^^^^^^^^^^^^^^^^^^^
  File "/Users/dhrubajyotiborah/Documents/Projects/hcs_sso_with_oidc/apps/api/authentication_introspection.py", line 173, in authenticate
    claims = introspect_token(token, use_cache=True)
             ^^^^^^^^^^^^^^^^^^^^^^^^^^^^^^^^^^^^^^^
  File "/Users/dhrubajyotiborah/Documents/Projects/hcs_sso_with_oidc/apps/api/authentication_introspection.py", line 90, in introspect_token
    introspection_url = settings.SSO_INTROSPECTION_URL  # e.g., http://sso.example.com/o/introspect/
                        ^^^^^^^^^^^^^^^^^^^^^^^^^^^^^^
  File "/Users/dhrubajyotiborah/Documents/Projects/hcs_sso_with_oidc/venv/lib/python3.12/site-packages/django/conf/__init__.py", line 77, in __getattr__
    val = getattr(_wrapped, name)
          ^^^^^^^^^^^^^^^^^^^^^^^
rest_framework.request.WrappedAttributeError: 'Settings' object has no attribute 'SSO_INTROSPECTION_URL'
INFO 2026-02-19 10:37:31,224 log 17775 6220754944 "POST /o/introspect/ HTTP/1.1" 200 199
ERROR 2026-02-19 10:37:31,255 log 17775 6237581312 Internal Server Error: /api/oidc/userinfo/
Traceback (most recent call last):
  File "/Users/dhrubajyotiborah/Documents/Projects/hcs_sso_with_oidc/venv/lib/python3.12/site-packages/rest_framework/request.py", line 74, in wrap_attributeerrors
    yield
  File "/Users/dhrubajyotiborah/Documents/Projects/hcs_sso_with_oidc/venv/lib/python3.12/site-packages/rest_framework/request.py", line 232, in user
    self._authenticate()
  File "/Users/dhrubajyotiborah/Documents/Projects/hcs_sso_with_oidc/venv/lib/python3.12/site-packages/rest_framework/request.py", line 385, in _authenticate
    user_auth_tuple = authenticator.authenticate(self)
                      ^^^^^^^^^^^^^^^^^^^^^^^^^^^^^^^^
  File "/Users/dhrubajyotiborah/Documents/Projects/hcs_sso_with_oidc/apps/api/authentication_introspection.py", line 173, in authenticate
    claims = introspect_token(token, use_cache=True)
             ^^^^^^^^^^^^^^^^^^^^^^^^^^^^^^^^^^^^^^^
  File "/Users/dhrubajyotiborah/Documents/Projects/hcs_sso_with_oidc/apps/api/authentication_introspection.py", line 90, in introspect_token
    introspection_url = settings.SSO_INTROSPECTION_URL  # e.g., http://sso.example.com/o/introspect/
                        ^^^^^^^^^^^^^^^^^^^^^^^^^^^^^^
  File "/Users/dhrubajyotiborah/Documents/Projects/hcs_sso_with_oidc/venv/lib/python3.12/site-packages/django/conf/__init__.py", line 77, in __getattr__
    val = getattr(_wrapped, name)
          ^^^^^^^^^^^^^^^^^^^^^^^
AttributeError: 'Settings' object has no attribute 'SSO_INTROSPECTION_URL'

During handling of the above exception, another exception occurred:

Traceback (most recent call last):
  File "/Users/dhrubajyotiborah/Documents/Projects/hcs_sso_with_oidc/venv/lib/python3.12/site-packages/django/core/handlers/exception.py", line 55, in inner
    response = get_response(request)
               ^^^^^^^^^^^^^^^^^^^^^
  File "/Users/dhrubajyotiborah/Documents/Projects/hcs_sso_with_oidc/venv/lib/python3.12/site-packages/django/core/handlers/base.py", line 198, in _get_response
    response = wrapped_callback(request, *callback_args, **callback_kwargs)
               ^^^^^^^^^^^^^^^^^^^^^^^^^^^^^^^^^^^^^^^^^^^^^^^^^^^^^^^^^^^^
  File "/Users/dhrubajyotiborah/Documents/Projects/hcs_sso_with_oidc/venv/lib/python3.12/site-packages/django/views/decorators/csrf.py", line 65, in _view_wrapper
    return view_func(request, *args, **kwargs)
           ^^^^^^^^^^^^^^^^^^^^^^^^^^^^^^^^^^^
  File "/Users/dhrubajyotiborah/Documents/Projects/hcs_sso_with_oidc/venv/lib/python3.12/site-packages/django/views/generic/base.py", line 106, in view
    return self.dispatch(request, *args, **kwargs)
           ^^^^^^^^^^^^^^^^^^^^^^^^^^^^^^^^^^^^^^^
  File "/Users/dhrubajyotiborah/Documents/Projects/hcs_sso_with_oidc/venv/lib/python3.12/site-packages/rest_framework/views.py", line 515, in dispatch
    response = self.handle_exception(exc)
               ^^^^^^^^^^^^^^^^^^^^^^^^^^
  File "/Users/dhrubajyotiborah/Documents/Projects/hcs_sso_with_oidc/venv/lib/python3.12/site-packages/rest_framework/views.py", line 475, in handle_exception
    self.raise_uncaught_exception(exc)
  File "/Users/dhrubajyotiborah/Documents/Projects/hcs_sso_with_oidc/venv/lib/python3.12/site-packages/rest_framework/views.py", line 486, in raise_uncaught_exception
    raise exc
  File "/Users/dhrubajyotiborah/Documents/Projects/hcs_sso_with_oidc/venv/lib/python3.12/site-packages/rest_framework/views.py", line 503, in dispatch
    self.initial(request, *args, **kwargs)
  File "/Users/dhrubajyotiborah/Documents/Projects/hcs_sso_with_oidc/venv/lib/python3.12/site-packages/rest_framework/views.py", line 420, in initial
    self.perform_authentication(request)
  File "/Users/dhrubajyotiborah/Documents/Projects/hcs_sso_with_oidc/venv/lib/python3.12/site-packages/rest_framework/views.py", line 330, in perform_authentication
    request.user
  File "/Users/dhrubajyotiborah/Documents/Projects/hcs_sso_with_oidc/venv/lib/python3.12/site-packages/rest_framework/request.py", line 231, in user
    with wrap_attributeerrors():
  File "/Library/Frameworks/Python.framework/Versions/3.12/lib/python3.12/contextlib.py", line 158, in __exit__
    self.gen.throw(value)
  File "/Users/dhrubajyotiborah/Documents/Projects/hcs_sso_with_oidc/venv/lib/python3.12/site-packages/rest_framework/request.py", line 78, in wrap_attributeerrors
    raise exc.with_traceback(info[2])
  File "/Users/dhrubajyotiborah/Documents/Projects/hcs_sso_with_oidc/venv/lib/python3.12/site-packages/rest_framework/request.py", line 74, in wrap_attributeerrors
    yield
  File "/Users/dhrubajyotiborah/Documents/Projects/hcs_sso_with_oidc/venv/lib/python3.12/site-packages/rest_framework/request.py", line 232, in user
    self._authenticate()
  File "/Users/dhrubajyotiborah/Documents/Projects/hcs_sso_with_oidc/venv/lib/python3.12/site-packages/rest_framework/request.py", line 385, in _authenticate
    user_auth_tuple = authenticator.authenticate(self)
                      ^^^^^^^^^^^^^^^^^^^^^^^^^^^^^^^^
  File "/Users/dhrubajyotiborah/Documents/Projects/hcs_sso_with_oidc/apps/api/authentication_introspection.py", line 173, in authenticate
    claims = introspect_token(token, use_cache=True)
             ^^^^^^^^^^^^^^^^^^^^^^^^^^^^^^^^^^^^^^^
  File "/Users/dhrubajyotiborah/Documents/Projects/hcs_sso_with_oidc/apps/api/authentication_introspection.py", line 90, in introspect_token
    introspection_url = settings.SSO_INTROSPECTION_URL  # e.g., http://sso.example.com/o/introspect/
                        ^^^^^^^^^^^^^^^^^^^^^^^^^^^^^^
  File "/Users/dhrubajyotiborah/Documents/Projects/hcs_sso_with_oidc/venv/lib/python3.12/site-packages/django/conf/__init__.py", line 77, in __getattr__
    val = getattr(_wrapped, name)
          ^^^^^^^^^^^^^^^^^^^^^^^
rest_framework.request.WrappedAttributeError: 'Settings' object has no attribute 'SSO_INTROSPECTION_URL'
ERROR 2026-02-19 10:37:31,299 log 17775 6203928576 "GET /api/oidc/userinfo/ HTTP/1.1" 500 170661
ERROR 2026-02-19 10:37:31,365 log 17775 6237581312 "GET /api/oidc/userinfo/ HTTP/1.1" 500 170661
INFO 2026-02-19 10:38:22,838 autoreload 17775 8562434240 /Users/dhrubajyotiborah/Documents/Projects/hcs_sso_with_oidc/sso/settings.py changed, reloading.
ERROR 2026-02-19 10:42:23,930 apps 20088 8562434240 Failed to register custom backends: argument of type 'module' is not iterable
INFO 2026-02-19 10:42:23,930 apps 20088 8562434240 Enabled providers: Google, Facebook
INFO 2026-02-19 10:42:23,930 apps 20088 8562434240 ✅ Social authentication app initialized successfully
ERROR 2026-02-19 10:42:24,344 apps 20089 8562434240 Failed to register custom backends: argument of type 'module' is not iterable
INFO 2026-02-19 10:42:24,344 apps 20089 8562434240 Enabled providers: Google, Facebook
INFO 2026-02-19 10:42:24,344 apps 20089 8562434240 ✅ Social authentication app initialized successfully
INFO 2026-02-19 10:42:24,350 autoreload 20089 8562434240 Watching for file changes with StatReloader
INFO 2026-02-19 10:42:32,277 log 20089 6205386752 "GET /o/authorize/?response_type=code&client_id=5kWtcsPK1TeThWvN7gktrTfOsoiVdaY9OMqXEIV0&state=QjRNRX5Kbm1KRGNxVnlyVHI4cTV1cGVYMUNRQkhMdlZqOHdiRkFsTXNSa3cx&redirect_uri=http%3A%2F%2Flocalhost%3A4200&scope=openid%20profile%20email%20read%20write%20api.read%20api.write%20offline_access&code_challenge=jqO_rDn2ahTamPmHNCqOW9Q9W6qDZ3zuoM_Mnv-9WzA&code_challenge_method=S256&nonce=QjRNRX5Kbm1KRGNxVnlyVHI4cTV1cGVYMUNRQkhMdlZqOHdiRkFsTXNSa3cx HTTP/1.1" 200 4317
WARNING 2026-02-19 10:42:32,622 log 20089 6205386752 Not Found: /.well-known/appspecific/com.chrome.devtools.json
WARNING 2026-02-19 10:42:32,622 log 20089 6205386752 "GET /.well-known/appspecific/com.chrome.devtools.json HTTP/1.1" 404 5005
INFO 2026-02-19 10:43:36,860 log 20089 6205386752 "POST /o/authorize/?response_type=code&client_id=5kWtcsPK1TeThWvN7gktrTfOsoiVdaY9OMqXEIV0&state=QjRNRX5Kbm1KRGNxVnlyVHI4cTV1cGVYMUNRQkhMdlZqOHdiRkFsTXNSa3cx&redirect_uri=http%3A%2F%2Flocalhost%3A4200&scope=openid%20profile%20email%20read%20write%20api.read%20api.write%20offline_access&code_challenge=jqO_rDn2ahTamPmHNCqOW9Q9W6qDZ3zuoM_Mnv-9WzA&code_challenge_method=S256&nonce=QjRNRX5Kbm1KRGNxVnlyVHI4cTV1cGVYMUNRQkhMdlZqOHdiRkFsTXNSa3cx HTTP/1.1" 302 0
INFO 2026-02-19 10:43:37,371 log 20089 6239039488 "GET /o/.well-known/openid-configuration HTTP/1.1" 200 787
INFO 2026-02-19 10:43:37,620 log 20089 6239039488 "GET /o/.well-known/jwks.json HTTP/1.1" 200 474
INFO 2026-02-19 10:43:37,827 validators 20089 6239039488 Token issued for user 8 via local
INFO 2026-02-19 10:43:37,840 signals 20089 6239039488 Access token created for user 8 via client 5kWtcsPK1TeThWvN7gktrTfOsoiVdaY9OMqXEIV0
INFO 2026-02-19 10:43:37,899 log 20089 6239039488 "POST /o/token/ HTTP/1.1" 200 1475
INFO 2026-02-19 10:43:38,167 log 20089 6255865856 "POST /o/introspect/ HTTP/1.1" 200 199
ERROR 2026-02-19 10:43:38,300 log 20089 6272692224 Internal Server Error: /api/oidc/userinfo/
Traceback (most recent call last):
  File "/Users/dhrubajyotiborah/Documents/Projects/hcs_sso_with_oidc/venv/lib/python3.12/site-packages/rest_framework/request.py", line 74, in wrap_attributeerrors
    yield
  File "/Users/dhrubajyotiborah/Documents/Projects/hcs_sso_with_oidc/venv/lib/python3.12/site-packages/rest_framework/request.py", line 232, in user
    self._authenticate()
  File "/Users/dhrubajyotiborah/Documents/Projects/hcs_sso_with_oidc/venv/lib/python3.12/site-packages/rest_framework/request.py", line 385, in _authenticate
    user_auth_tuple = authenticator.authenticate(self)
                      ^^^^^^^^^^^^^^^^^^^^^^^^^^^^^^^^
  File "/Users/dhrubajyotiborah/Documents/Projects/hcs_sso_with_oidc/apps/api/authentication_introspection.py", line 173, in authenticate
    claims = introspect_token(token, use_cache=True)
             ^^^^^^^^^^^^^^^^^^^^^^^^^^^^^^^^^^^^^^^
  File "/Users/dhrubajyotiborah/Documents/Projects/hcs_sso_with_oidc/apps/api/authentication_introspection.py", line 90, in introspect_token
    introspection_url = settings.SSO_INTROSPECTION_URL  # e.g., http://sso.example.com/o/introspect/
                        ^^^^^^^^^^^^^^^^^^^^^^^^^^^^^^
  File "/Users/dhrubajyotiborah/Documents/Projects/hcs_sso_with_oidc/venv/lib/python3.12/site-packages/django/conf/__init__.py", line 77, in __getattr__
    val = getattr(_wrapped, name)
          ^^^^^^^^^^^^^^^^^^^^^^^
AttributeError: 'Settings' object has no attribute 'SSO_INTROSPECTION_URL'

During handling of the above exception, another exception occurred:

Traceback (most recent call last):
  File "/Users/dhrubajyotiborah/Documents/Projects/hcs_sso_with_oidc/venv/lib/python3.12/site-packages/django/core/handlers/exception.py", line 55, in inner
    response = get_response(request)
               ^^^^^^^^^^^^^^^^^^^^^
  File "/Users/dhrubajyotiborah/Documents/Projects/hcs_sso_with_oidc/venv/lib/python3.12/site-packages/django/core/handlers/base.py", line 198, in _get_response
    response = wrapped_callback(request, *callback_args, **callback_kwargs)
               ^^^^^^^^^^^^^^^^^^^^^^^^^^^^^^^^^^^^^^^^^^^^^^^^^^^^^^^^^^^^
  File "/Users/dhrubajyotiborah/Documents/Projects/hcs_sso_with_oidc/venv/lib/python3.12/site-packages/django/views/decorators/csrf.py", line 65, in _view_wrapper
    return view_func(request, *args, **kwargs)
           ^^^^^^^^^^^^^^^^^^^^^^^^^^^^^^^^^^^
  File "/Users/dhrubajyotiborah/Documents/Projects/hcs_sso_with_oidc/venv/lib/python3.12/site-packages/django/views/generic/base.py", line 106, in view
    return self.dispatch(request, *args, **kwargs)
           ^^^^^^^^^^^^^^^^^^^^^^^^^^^^^^^^^^^^^^^
  File "/Users/dhrubajyotiborah/Documents/Projects/hcs_sso_with_oidc/venv/lib/python3.12/site-packages/rest_framework/views.py", line 515, in dispatch
    response = self.handle_exception(exc)
               ^^^^^^^^^^^^^^^^^^^^^^^^^^
  File "/Users/dhrubajyotiborah/Documents/Projects/hcs_sso_with_oidc/venv/lib/python3.12/site-packages/rest_framework/views.py", line 475, in handle_exception
    self.raise_uncaught_exception(exc)
  File "/Users/dhrubajyotiborah/Documents/Projects/hcs_sso_with_oidc/venv/lib/python3.12/site-packages/rest_framework/views.py", line 486, in raise_uncaught_exception
    raise exc
  File "/Users/dhrubajyotiborah/Documents/Projects/hcs_sso_with_oidc/venv/lib/python3.12/site-packages/rest_framework/views.py", line 503, in dispatch
    self.initial(request, *args, **kwargs)
  File "/Users/dhrubajyotiborah/Documents/Projects/hcs_sso_with_oidc/venv/lib/python3.12/site-packages/rest_framework/views.py", line 420, in initial
    self.perform_authentication(request)
  File "/Users/dhrubajyotiborah/Documents/Projects/hcs_sso_with_oidc/venv/lib/python3.12/site-packages/rest_framework/views.py", line 330, in perform_authentication
    request.user
  File "/Users/dhrubajyotiborah/Documents/Projects/hcs_sso_with_oidc/venv/lib/python3.12/site-packages/rest_framework/request.py", line 231, in user
    with wrap_attributeerrors():
  File "/Library/Frameworks/Python.framework/Versions/3.12/lib/python3.12/contextlib.py", line 158, in __exit__
    self.gen.throw(value)
  File "/Users/dhrubajyotiborah/Documents/Projects/hcs_sso_with_oidc/venv/lib/python3.12/site-packages/rest_framework/request.py", line 78, in wrap_attributeerrors
    raise exc.with_traceback(info[2])
  File "/Users/dhrubajyotiborah/Documents/Projects/hcs_sso_with_oidc/venv/lib/python3.12/site-packages/rest_framework/request.py", line 74, in wrap_attributeerrors
    yield
  File "/Users/dhrubajyotiborah/Documents/Projects/hcs_sso_with_oidc/venv/lib/python3.12/site-packages/rest_framework/request.py", line 232, in user
    self._authenticate()
  File "/Users/dhrubajyotiborah/Documents/Projects/hcs_sso_with_oidc/venv/lib/python3.12/site-packages/rest_framework/request.py", line 385, in _authenticate
    user_auth_tuple = authenticator.authenticate(self)
                      ^^^^^^^^^^^^^^^^^^^^^^^^^^^^^^^^
  File "/Users/dhrubajyotiborah/Documents/Projects/hcs_sso_with_oidc/apps/api/authentication_introspection.py", line 173, in authenticate
    claims = introspect_token(token, use_cache=True)
             ^^^^^^^^^^^^^^^^^^^^^^^^^^^^^^^^^^^^^^^
  File "/Users/dhrubajyotiborah/Documents/Projects/hcs_sso_with_oidc/apps/api/authentication_introspection.py", line 90, in introspect_token
    introspection_url = settings.SSO_INTROSPECTION_URL  # e.g., http://sso.example.com/o/introspect/
                        ^^^^^^^^^^^^^^^^^^^^^^^^^^^^^^
  File "/Users/dhrubajyotiborah/Documents/Projects/hcs_sso_with_oidc/venv/lib/python3.12/site-packages/django/conf/__init__.py", line 77, in __getattr__
    val = getattr(_wrapped, name)
          ^^^^^^^^^^^^^^^^^^^^^^^
rest_framework.request.WrappedAttributeError: 'Settings' object has no attribute 'SSO_INTROSPECTION_URL'
ERROR 2026-02-19 10:43:38,332 log 20089 6272692224 "GET /api/oidc/userinfo/ HTTP/1.1" 500 170661
INFO 2026-02-19 10:49:38,716 autoreload 20089 8562434240 /Users/dhrubajyotiborah/Documents/Projects/hcs_sso_with_oidc/sso/settings.py changed, reloading.
ERROR 2026-02-19 10:49:39,499 apps 23132 8562434240 Failed to register custom backends: argument of type 'module' is not iterable
INFO 2026-02-19 10:49:39,499 apps 23132 8562434240 Enabled providers: Google, Facebook
INFO 2026-02-19 10:49:39,499 apps 23132 8562434240 ✅ Social authentication app initialized successfully
INFO 2026-02-19 10:49:39,506 autoreload 23132 8562434240 Watching for file changes with StatReloader
INFO 2026-02-19 10:49:50,133 log 23132 6205239296 "GET /o/authorize/?response_type=code&client_id=5kWtcsPK1TeThWvN7gktrTfOsoiVdaY9OMqXEIV0&state=WmtEcGdwS3hWbGhSNXNjYmhEMmo3RWMya1RrczBNbzY1bHRmWXNfVjlCSExX&redirect_uri=http%3A%2F%2Flocalhost%3A4200&scope=openid%20profile%20email%20read%20write%20api.read%20api.write%20offline_access&code_challenge=fgrSZa8EAcQMGXH-QPNxBMzBe8KuNAMNz7Dulo6UIFc&code_challenge_method=S256&nonce=WmtEcGdwS3hWbGhSNXNjYmhEMmo3RWMya1RrczBNbzY1bHRmWXNfVjlCSExX HTTP/1.1" 200 4317
WARNING 2026-02-19 10:49:50,382 log 23132 6205239296 Not Found: /.well-known/appspecific/com.chrome.devtools.json
WARNING 2026-02-19 10:49:50,383 log 23132 6205239296 "GET /.well-known/appspecific/com.chrome.devtools.json HTTP/1.1" 404 5005
INFO 2026-02-19 10:49:52,205 log 23132 6205239296 "POST /o/authorize/?response_type=code&client_id=5kWtcsPK1TeThWvN7gktrTfOsoiVdaY9OMqXEIV0&state=WmtEcGdwS3hWbGhSNXNjYmhEMmo3RWMya1RrczBNbzY1bHRmWXNfVjlCSExX&redirect_uri=http%3A%2F%2Flocalhost%3A4200&scope=openid%20profile%20email%20read%20write%20api.read%20api.write%20offline_access&code_challenge=fgrSZa8EAcQMGXH-QPNxBMzBe8KuNAMNz7Dulo6UIFc&code_challenge_method=S256&nonce=WmtEcGdwS3hWbGhSNXNjYmhEMmo3RWMya1RrczBNbzY1bHRmWXNfVjlCSExX HTTP/1.1" 302 0
INFO 2026-02-19 10:49:52,551 log 23132 6238892032 "GET /o/.well-known/openid-configuration HTTP/1.1" 200 787
INFO 2026-02-19 10:49:52,765 log 23132 6238892032 "GET /o/.well-known/jwks.json HTTP/1.1" 200 474
INFO 2026-02-19 10:49:53,016 validators 23132 6238892032 Token issued for user 8 via local
INFO 2026-02-19 10:49:53,024 signals 23132 6238892032 Access token created for user 8 via client 5kWtcsPK1TeThWvN7gktrTfOsoiVdaY9OMqXEIV0
INFO 2026-02-19 10:49:53,069 log 23132 6238892032 "POST /o/token/ HTTP/1.1" 200 1475
INFO 2026-02-19 10:49:53,390 log 23132 6255718400 "POST /o/introspect/ HTTP/1.1" 200 199
ERROR 2026-02-19 10:49:53,494 token 23132 6272544768 UserInfo endpoint error: 'Request' object has no attribute 'access_token'
ERROR 2026-02-19 10:49:53,507 log 23132 6272544768 Internal Server Error: /api/oidc/userinfo/
ERROR 2026-02-19 10:49:53,507 log 23132 6272544768 "GET /api/oidc/userinfo/ HTTP/1.1" 500 95
INFO 2026-02-19 10:49:56,380 log 23132 6255718400 "POST /o/introspect/ HTTP/1.1" 200 199
INFO 2026-02-19 10:49:56,380 log 23132 6272544768 "POST /o/introspect/ HTTP/1.1" 200 199
ERROR 2026-02-19 10:49:56,402 token 23132 6306770944 UserInfo endpoint error: 'Request' object has no attribute 'access_token'
ERROR 2026-02-19 10:49:56,402 token 23132 6289944576 UserInfo endpoint error: 'Request' object has no attribute 'access_token'
ERROR 2026-02-19 10:49:56,411 log 23132 6306770944 Internal Server Error: /api/oidc/userinfo/
ERROR 2026-02-19 10:49:56,412 log 23132 6306770944 "GET /api/oidc/userinfo/ HTTP/1.1" 500 95
ERROR 2026-02-19 10:49:56,413 log 23132 6289944576 Internal Server Error: /api/oidc/userinfo/
ERROR 2026-02-19 10:49:56,413 log 23132 6289944576 "GET /api/oidc/userinfo/ HTTP/1.1" 500 95
INFO 2026-02-19 10:52:24,538 autoreload 23132 8562434240 /Users/dhrubajyotiborah/Documents/Projects/hcs_sso_with_oidc/apps/oidc/views/token.py changed, reloading.
ERROR 2026-02-19 10:52:25,291 apps 24300 8562434240 Failed to register custom backends: argument of type 'module' is not iterable
INFO 2026-02-19 10:52:25,291 apps 24300 8562434240 Enabled providers: Google, Facebook
INFO 2026-02-19 10:52:25,291 apps 24300 8562434240 ✅ Social authentication app initialized successfully
INFO 2026-02-19 10:52:25,299 autoreload 24300 8562434240 Watching for file changes with StatReloader
INFO 2026-02-19 10:53:06,495 autoreload 24300 8562434240 /Users/dhrubajyotiborah/Documents/Projects/hcs_sso_with_oidc/apps/oidc/views/token.py changed, reloading.
ERROR 2026-02-19 10:53:07,208 apps 24605 8562434240 Failed to register custom backends: argument of type 'module' is not iterable
INFO 2026-02-19 10:53:07,208 apps 24605 8562434240 Enabled providers: Google, Facebook
INFO 2026-02-19 10:53:07,208 apps 24605 8562434240 ✅ Social authentication app initialized successfully
INFO 2026-02-19 10:53:07,215 autoreload 24605 8562434240 Watching for file changes with StatReloader
INFO 2026-02-19 10:53:22,176 autoreload 24605 8562434240 /Users/dhrubajyotiborah/Documents/Projects/hcs_sso_with_oidc/apps/oidc/views/token.py changed, reloading.
ERROR 2026-02-19 10:53:22,887 apps 24718 8562434240 Failed to register custom backends: argument of type 'module' is not iterable
INFO 2026-02-19 10:53:22,888 apps 24718 8562434240 Enabled providers: Google, Facebook
INFO 2026-02-19 10:53:22,888 apps 24718 8562434240 ✅ Social authentication app initialized successfully
INFO 2026-02-19 10:53:22,893 autoreload 24718 8562434240 Watching for file changes with StatReloader
ERROR 2026-02-19 10:53:32,793 apps 24896 8562434240 Failed to register custom backends: argument of type 'module' is not iterable
INFO 2026-02-19 10:53:32,793 apps 24896 8562434240 Enabled providers: Google, Facebook
INFO 2026-02-19 10:53:32,793 apps 24896 8562434240 ✅ Social authentication app initialized successfully
ERROR 2026-02-19 10:53:33,216 apps 24898 8562434240 Failed to register custom backends: argument of type 'module' is not iterable
INFO 2026-02-19 10:53:33,216 apps 24898 8562434240 Enabled providers: Google, Facebook
INFO 2026-02-19 10:53:33,216 apps 24898 8562434240 ✅ Social authentication app initialized successfully
INFO 2026-02-19 10:53:33,222 autoreload 24898 8562434240 Watching for file changes with StatReloader
INFO 2026-02-19 10:53:40,414 log 24898 6165999616 "GET /o/authorize/?response_type=code&client_id=5kWtcsPK1TeThWvN7gktrTfOsoiVdaY9OMqXEIV0&state=X254SDJXcDdsa0RrLXhHTm1JWVROeEkwMEcwLW9UaHdLZVUydUFwVXBtTHB-&redirect_uri=http%3A%2F%2Flocalhost%3A4200&scope=openid%20profile%20email%20read%20write%20api.read%20api.write%20offline_access&code_challenge=KVT6bysW7hkBzGbX7sadqsim6JONFBO8X1xQfxU9noc&code_challenge_method=S256&nonce=X254SDJXcDdsa0RrLXhHTm1JWVROeEkwMEcwLW9UaHdLZVUydUFwVXBtTHB- HTTP/1.1" 200 4317
WARNING 2026-02-19 10:53:40,887 log 24898 6165999616 Not Found: /.well-known/appspecific/com.chrome.devtools.json
WARNING 2026-02-19 10:53:40,887 log 24898 6165999616 "GET /.well-known/appspecific/com.chrome.devtools.json HTTP/1.1" 404 5005
INFO 2026-02-19 10:53:42,693 log 24898 6165999616 "POST /o/authorize/?response_type=code&client_id=5kWtcsPK1TeThWvN7gktrTfOsoiVdaY9OMqXEIV0&state=X254SDJXcDdsa0RrLXhHTm1JWVROeEkwMEcwLW9UaHdLZVUydUFwVXBtTHB-&redirect_uri=http%3A%2F%2Flocalhost%3A4200&scope=openid%20profile%20email%20read%20write%20api.read%20api.write%20offline_access&code_challenge=KVT6bysW7hkBzGbX7sadqsim6JONFBO8X1xQfxU9noc&code_challenge_method=S256&nonce=X254SDJXcDdsa0RrLXhHTm1JWVROeEkwMEcwLW9UaHdLZVUydUFwVXBtTHB- HTTP/1.1" 302 0
INFO 2026-02-19 10:53:43,019 log 24898 6199652352 "GET /o/.well-known/openid-configuration HTTP/1.1" 200 787
INFO 2026-02-19 10:53:43,252 log 24898 6199652352 "GET /o/.well-known/jwks.json HTTP/1.1" 200 474
INFO 2026-02-19 10:53:43,398 validators 24898 6199652352 Token issued for user 8 via local
INFO 2026-02-19 10:53:43,404 signals 24898 6199652352 Access token created for user 8 via client 5kWtcsPK1TeThWvN7gktrTfOsoiVdaY9OMqXEIV0
INFO 2026-02-19 10:53:43,454 log 24898 6199652352 "POST /o/token/ HTTP/1.1" 200 1475
INFO 2026-02-19 10:53:43,750 log 24898 6216478720 "POST /o/introspect/ HTTP/1.1" 200 199
INFO 2026-02-19 10:53:43,822 log 24898 6233305088 "GET /api/oidc/userinfo/ HTTP/1.1" 200 210
INFO 2026-02-19 11:32:10,299 log 24898 6165999616 "OPTIONS /o/.well-known/openid-configuration HTTP/1.1" 200 0
INFO 2026-02-19 11:32:12,144 log 24898 6165999616 "GET /o/.well-known/openid-configuration HTTP/1.1" 200 787
INFO 2026-02-19 11:32:12,190 log 24898 6165999616 "OPTIONS /o/.well-known/jwks.json HTTP/1.1" 200 0
INFO 2026-02-19 11:32:12,310 log 24898 6165999616 "GET /o/.well-known/jwks.json HTTP/1.1" 200 474
INFO 2026-02-19 11:32:13,406 log 24898 6182825984 "POST /o/introspect/ HTTP/1.1" 200 199
INFO 2026-02-19 11:32:13,530 log 24898 6199652352 "GET /api/oidc/userinfo/ HTTP/1.1" 200 210
INFO 2026-02-20 05:07:07,991 log 24898 6165999616 "GET /o/authorize/?response_type=code&client_id=5kWtcsPK1TeThWvN7gktrTfOsoiVdaY9OMqXEIV0&state=SG5SMTRrR1dxYkwzMHR0Rm9Qc0Y4Y2Z-Z0FuQU1EbVBXZ3Jnd0hPQVBPREda&redirect_uri=http%3A%2F%2Flocalhost%3A4200&scope=openid%20profile%20email%20read%20write%20api.read%20api.write%20offline_access&code_challenge=5DR4vOeQ19XE-ixpnvztMkOg2w5s1Pg_7IIR0pP2h1Q&code_challenge_method=S256&nonce=SG5SMTRrR1dxYkwzMHR0Rm9Qc0Y4Y2Z-Z0FuQU1EbVBXZ3Jnd0hPQVBPREda HTTP/1.1" 302 0
INFO 2026-02-20 05:07:08,045 log 24898 6165999616 "GET /accounts/login/?next=/o/authorize/%3Fresponse_type%3Dcode%26client_id%3D5kWtcsPK1TeThWvN7gktrTfOsoiVdaY9OMqXEIV0%26state%3DSG5SMTRrR1dxYkwzMHR0Rm9Qc0Y4Y2Z-Z0FuQU1EbVBXZ3Jnd0hPQVBPREda%26redirect_uri%3Dhttp%253A%252F%252Flocalhost%253A4200%26scope%3Dopenid%2520profile%2520email%2520read%2520write%2520api.read%2520api.write%2520offline_access%26code_challenge%3D5DR4vOeQ19XE-ixpnvztMkOg2w5s1Pg_7IIR0pP2h1Q%26code_challenge_method%3DS256%26nonce%3DSG5SMTRrR1dxYkwzMHR0Rm9Qc0Y4Y2Z-Z0FuQU1EbVBXZ3Jnd0hPQVBPREda HTTP/1.1" 200 8772
WARNING 2026-02-20 05:07:08,204 log 24898 6165999616 Not Found: /.well-known/appspecific/com.chrome.devtools.json
WARNING 2026-02-20 05:07:08,205 log 24898 6165999616 "GET /.well-known/appspecific/com.chrome.devtools.json HTTP/1.1" 404 5005
INFO 2026-02-20 05:09:01,596 log 24898 6165999616 "POST /accounts/login/?next=/o/authorize/%3Fresponse_type%3Dcode%26client_id%3D5kWtcsPK1TeThWvN7gktrTfOsoiVdaY9OMqXEIV0%26state%3DSG5SMTRrR1dxYkwzMHR0Rm9Qc0Y4Y2Z-Z0FuQU1EbVBXZ3Jnd0hPQVBPREda%26redirect_uri%3Dhttp%253A%252F%252Flocalhost%253A4200%26scope%3Dopenid%2520profile%2520email%2520read%2520write%2520api.read%2520api.write%2520offline_access%26code_challenge%3D5DR4vOeQ19XE-ixpnvztMkOg2w5s1Pg_7IIR0pP2h1Q%26code_challenge_method%3DS256%26nonce%3DSG5SMTRrR1dxYkwzMHR0Rm9Qc0Y4Y2Z-Z0FuQU1EbVBXZ3Jnd0hPQVBPREda HTTP/1.1" 302 0
INFO 2026-02-20 05:09:01,722 log 24898 6165999616 "GET /o/authorize/?response_type=code&client_id=5kWtcsPK1TeThWvN7gktrTfOsoiVdaY9OMqXEIV0&state=SG5SMTRrR1dxYkwzMHR0Rm9Qc0Y4Y2Z-Z0FuQU1EbVBXZ3Jnd0hPQVBPREda&redirect_uri=http%3A%2F%2Flocalhost%3A4200&scope=openid%20profile%20email%20read%20write%20api.read%20api.write%20offline_access&code_challenge=5DR4vOeQ19XE-ixpnvztMkOg2w5s1Pg_7IIR0pP2h1Q&code_challenge_method=S256&nonce=SG5SMTRrR1dxYkwzMHR0Rm9Qc0Y4Y2Z-Z0FuQU1EbVBXZ3Jnd0hPQVBPREda HTTP/1.1" 200 4317
WARNING 2026-02-20 05:09:01,807 log 24898 6165999616 Not Found: /.well-known/appspecific/com.chrome.devtools.json
WARNING 2026-02-20 05:09:01,807 log 24898 6165999616 "GET /.well-known/appspecific/com.chrome.devtools.json HTTP/1.1" 404 5005
INFO 2026-02-20 05:09:03,262 log 24898 6165999616 "POST /o/authorize/?response_type=code&client_id=5kWtcsPK1TeThWvN7gktrTfOsoiVdaY9OMqXEIV0&state=SG5SMTRrR1dxYkwzMHR0Rm9Qc0Y4Y2Z-Z0FuQU1EbVBXZ3Jnd0hPQVBPREda&redirect_uri=http%3A%2F%2Flocalhost%3A4200&scope=openid%20profile%20email%20read%20write%20api.read%20api.write%20offline_access&code_challenge=5DR4vOeQ19XE-ixpnvztMkOg2w5s1Pg_7IIR0pP2h1Q&code_challenge_method=S256&nonce=SG5SMTRrR1dxYkwzMHR0Rm9Qc0Y4Y2Z-Z0FuQU1EbVBXZ3Jnd0hPQVBPREda HTTP/1.1" 302 0
INFO 2026-02-20 05:09:03,579 log 24898 6199652352 "GET /o/.well-known/openid-configuration HTTP/1.1" 200 787
INFO 2026-02-20 05:09:03,667 log 24898 6199652352 "GET /o/.well-known/jwks.json HTTP/1.1" 200 474
INFO 2026-02-20 05:09:04,014 validators 24898 6199652352 Token issued for user 8 via local
INFO 2026-02-20 05:09:04,043 signals 24898 6199652352 Access token created for user 8 via client 5kWtcsPK1TeThWvN7gktrTfOsoiVdaY9OMqXEIV0
INFO 2026-02-20 05:09:04,108 log 24898 6199652352 "POST /o/token/ HTTP/1.1" 200 1475
INFO 2026-02-20 05:09:04,464 log 24898 6216478720 "POST /o/introspect/ HTTP/1.1" 200 199
INFO 2026-02-20 05:09:04,534 log 24898 6233305088 "GET /api/oidc/userinfo/ HTTP/1.1" 200 210
INFO 2026-02-20 05:09:37,991 log 24898 6165999616 "GET /o/authorize/?response_type=code&client_id=5kWtcsPK1TeThWvN7gktrTfOsoiVdaY9OMqXEIV0&state=QjRUS3RBanl1V1cxN0pDTldSeEkzTkZFWXpaUk9mdnlJM3ppS1NkaExxR2ht&redirect_uri=http%3A%2F%2Flocalhost%3A4200&scope=openid%20profile%20email%20read%20write%20api.read%20api.write%20offline_access&code_challenge=0JVp-aediXuIxTe2HGC2NJnHNXgSgmRq3Z4xDkgy2Ic&code_challenge_method=S256&nonce=QjRUS3RBanl1V1cxN0pDTldSeEkzTkZFWXpaUk9mdnlJM3ppS1NkaExxR2ht HTTP/1.1" 302 0
INFO 2026-02-20 05:09:38,032 log 24898 6165999616 "GET /accounts/login/?next=/o/authorize/%3Fresponse_type%3Dcode%26client_id%3D5kWtcsPK1TeThWvN7gktrTfOsoiVdaY9OMqXEIV0%26state%3DQjRUS3RBanl1V1cxN0pDTldSeEkzTkZFWXpaUk9mdnlJM3ppS1NkaExxR2ht%26redirect_uri%3Dhttp%253A%252F%252Flocalhost%253A4200%26scope%3Dopenid%2520profile%2520email%2520read%2520write%2520api.read%2520api.write%2520offline_access%26code_challenge%3D0JVp-aediXuIxTe2HGC2NJnHNXgSgmRq3Z4xDkgy2Ic%26code_challenge_method%3DS256%26nonce%3DQjRUS3RBanl1V1cxN0pDTldSeEkzTkZFWXpaUk9mdnlJM3ppS1NkaExxR2ht HTTP/1.1" 200 8772
WARNING 2026-02-20 05:09:38,285 log 24898 6165999616 Not Found: /.well-known/appspecific/com.chrome.devtools.json
WARNING 2026-02-20 05:09:38,287 log 24898 6165999616 "GET /.well-known/appspecific/com.chrome.devtools.json HTTP/1.1" 404 5005
INFO 2026-02-20 05:09:40,987 log 24898 6165999616 "GET /api/users/register-form/ HTTP/1.1" 200 18947
WARNING 2026-02-20 05:09:41,069 log 24898 6165999616 Not Found: /.well-known/appspecific/com.chrome.devtools.json
WARNING 2026-02-20 05:09:41,073 log 24898 6165999616 "GET /.well-known/appspecific/com.chrome.devtools.json HTTP/1.1" 404 5005
INFO 2026-02-20 05:11:56,990 log 24898 6165999616 "POST /api/users/register/ HTTP/1.1" 201 866
INFO 2026-02-20 05:11:59,032 log 24898 6165999616 "GET /accounts/login/ HTTP/1.1" 200 8200
WARNING 2026-02-20 05:11:59,187 log 24898 6165999616 Not Found: /.well-known/appspecific/com.chrome.devtools.json
WARNING 2026-02-20 05:11:59,189 log 24898 6165999616 "GET /.well-known/appspecific/com.chrome.devtools.json HTTP/1.1" 404 5005
INFO 2026-02-20 05:12:13,734 log 24898 6165999616 "POST /accounts/login/ HTTP/1.1" 302 0
INFO 2026-02-20 05:12:13,767 log 24898 6165999616 "GET / HTTP/1.1" 200 5452
WARNING 2026-02-20 05:12:13,891 log 24898 6165999616 Not Found: /.well-known/appspecific/com.chrome.devtools.json
WARNING 2026-02-20 05:12:13,891 log 24898 6165999616 "GET /.well-known/appspecific/com.chrome.devtools.json HTTP/1.1" 404 5005
INFO 2026-02-20 05:12:27,096 log 24898 6165999616 "GET /admin/ HTTP/1.1" 302 0
INFO 2026-02-20 05:12:27,356 log 24898 6165999616 "GET /admin/login/?next=/admin/ HTTP/1.1" 200 3602
INFO 2026-02-20 05:12:27,406 log 24898 6266957824 "GET /static/admin/css/login.css HTTP/1.1" 304 0
INFO 2026-02-20 05:12:27,407 log 24898 6216478720 "GET /static/admin/css/base.css HTTP/1.1" 304 0
INFO 2026-02-20 05:12:27,407 log 24898 6182825984 "GET /static/admin/css/dark_mode.css HTTP/1.1" 304 0
INFO 2026-02-20 05:12:27,410 log 24898 6250131456 "GET /static/admin/js/theme.js HTTP/1.1" 304 0
INFO 2026-02-20 05:12:27,412 log 24898 6233305088 "GET /static/admin/css/responsive.css HTTP/1.1" 304 0
INFO 2026-02-20 05:12:27,412 log 24898 6216478720 "GET /static/admin/css/nav_sidebar.css HTTP/1.1" 304 0
INFO 2026-02-20 05:12:27,416 log 24898 6216478720 "GET /static/admin/js/nav_sidebar.js HTTP/1.1" 304 0
WARNING 2026-02-20 05:12:27,420 log 24898 6165999616 Not Found: /.well-known/appspecific/com.chrome.devtools.json
WARNING 2026-02-20 05:12:27,421 log 24898 6165999616 "GET /.well-known/appspecific/com.chrome.devtools.json HTTP/1.1" 404 5005
WARNING 2026-02-20 05:12:29,893 log 24898 6165999616 Not Found: /.well-known/appspecific/com.chrome.devtools.json
WARNING 2026-02-20 05:12:29,898 log 24898 6165999616 "GET /.well-known/appspecific/com.chrome.devtools.json HTTP/1.1" 404 5005
WARNING 2026-02-20 05:12:29,944 log 24898 6165999616 Not Found: /.well-known/appspecific/com.chrome.devtools.json
WARNING 2026-02-20 05:12:29,944 log 24898 6165999616 "GET /.well-known/appspecific/com.chrome.devtools.json HTTP/1.1" 404 5005
INFO 2026-02-20 05:18:26,561 log 24898 6165999616 "GET / HTTP/1.1" 200 4144
WARNING 2026-02-20 05:18:26,706 log 24898 6165999616 Not Found: /.well-known/appspecific/com.chrome.devtools.json
WARNING 2026-02-20 05:18:26,707 log 24898 6165999616 "GET /.well-known/appspecific/com.chrome.devtools.json HTTP/1.1" 404 5005
INFO 2026-02-20 05:21:48,275 autoreload 24898 8562434240 /Users/dhrubajyotiborah/Documents/Projects/hcs_sso_with_oidc/apps/oidc/permissions_refactored.py changed, reloading.
ERROR 2026-02-20 05:21:49,219 apps 55223 8562434240 Failed to register custom backends: argument of type 'module' is not iterable
INFO 2026-02-20 05:21:49,220 apps 55223 8562434240 Enabled providers: Google, Facebook
INFO 2026-02-20 05:21:49,220 apps 55223 8562434240 ✅ Social authentication app initialized successfully
INFO 2026-02-20 05:21:49,228 autoreload 55223 8562434240 Watching for file changes with StatReloader
INFO 2026-02-20 05:22:17,690 log 55223 6157348864 "GET / HTTP/1.1" 200 4387
WARNING 2026-02-20 05:22:17,802 log 55223 6157348864 Not Found: /.well-known/appspecific/com.chrome.devtools.json
WARNING 2026-02-20 05:22:17,805 log 55223 6157348864 "GET /.well-known/appspecific/com.chrome.devtools.json HTTP/1.1" 404 5005
WARNING 2026-02-20 05:22:20,436 log 55223 6157348864 Not Found: /logout/
WARNING 2026-02-20 05:22:20,436 log 55223 6157348864 "GET /logout/ HTTP/1.1" 404 4840
WARNING 2026-02-20 05:22:20,525 log 55223 6157348864 Not Found: /.well-known/appspecific/com.chrome.devtools.json
WARNING 2026-02-20 05:22:20,526 log 55223 6157348864 "GET /.well-known/appspecific/com.chrome.devtools.json HTTP/1.1" 404 5005
WARNING 2026-02-20 05:22:55,827 log 55223 6157348864 Not Found: /accounts/
WARNING 2026-02-20 05:22:55,829 log 55223 6157348864 "GET /accounts/ HTTP/1.1" 404 6959
WARNING 2026-02-20 05:22:55,954 log 55223 6157348864 Not Found: /.well-known/appspecific/com.chrome.devtools.json
WARNING 2026-02-20 05:22:55,955 log 55223 6157348864 "GET /.well-known/appspecific/com.chrome.devtools.json HTTP/1.1" 404 5005
WARNING 2026-02-20 05:23:09,141 log 55223 6157348864 Not Found: /accounts/logout
WARNING 2026-02-20 05:23:09,142 log 55223 6157348864 "GET /accounts/logout HTTP/1.1" 404 6984
WARNING 2026-02-20 05:23:09,207 log 55223 6157348864 Not Found: /.well-known/appspecific/com.chrome.devtools.json
WARNING 2026-02-20 05:23:09,207 log 55223 6157348864 "GET /.well-known/appspecific/com.chrome.devtools.json HTTP/1.1" 404 5005
WARNING 2026-02-20 05:23:12,616 log 55223 6157348864 Method Not Allowed (GET): /accounts/logout/
WARNING 2026-02-20 05:23:12,638 log 55223 6157348864 "GET /accounts/logout/ HTTP/1.1" 405 0
INFO 2026-02-20 05:23:31,743 log 55223 6157348864 "GET /admin/ HTTP/1.1" 302 0
INFO 2026-02-20 05:23:31,836 log 55223 6157348864 "GET /admin/login/?next=/admin/ HTTP/1.1" 200 3602
WARNING 2026-02-20 05:23:31,889 log 55223 6157348864 Not Found: /.well-known/appspecific/com.chrome.devtools.json
WARNING 2026-02-20 05:23:31,890 log 55223 6157348864 "GET /.well-known/appspecific/com.chrome.devtools.json HTTP/1.1" 404 5005
INFO 2026-02-20 05:23:40,246 log 55223 6157348864 "POST /admin/login/?next=/admin/ HTTP/1.1" 302 0
INFO 2026-02-20 05:23:40,329 log 55223 6157348864 "GET /admin/ HTTP/1.1" 200 16772
INFO 2026-02-20 05:23:40,382 log 55223 6174175232 "GET /static/admin/css/dashboard.css HTTP/1.1" 304 0
INFO 2026-02-20 05:23:40,386 log 55223 6207827968 "GET /static/admin/img/icon-addlink.svg HTTP/1.1" 304 0
INFO 2026-02-20 05:23:40,387 log 55223 6191001600 "GET /static/admin/img/icon-deletelink.svg HTTP/1.1" 200 689
INFO 2026-02-20 05:23:40,388 log 55223 6174175232 "GET /static/admin/img/icon-changelink.svg HTTP/1.1" 304 0
WARNING 2026-02-20 05:23:40,421 log 55223 6157348864 Not Found: /.well-known/appspecific/com.chrome.devtools.json
WARNING 2026-02-20 05:23:40,421 log 55223 6157348864 "GET /.well-known/appspecific/com.chrome.devtools.json HTTP/1.1" 404 5005
INFO 2026-02-20 05:25:33,050 log 55223 6157348864 "GET / HTTP/1.1" 200 4586
WARNING 2026-02-20 05:25:33,143 log 55223 6157348864 Not Found: /.well-known/appspecific/com.chrome.devtools.json
WARNING 2026-02-20 05:25:33,144 log 55223 6157348864 "GET /.well-known/appspecific/com.chrome.devtools.json HTTP/1.1" 404 5005
INFO 2026-02-20 05:25:37,596 log 55223 6157348864 "GET /admin/ HTTP/1.1" 200 16772
WARNING 2026-02-20 05:25:37,709 log 55223 6157348864 Not Found: /.well-known/appspecific/com.chrome.devtools.json
WARNING 2026-02-20 05:25:37,712 log 55223 6157348864 "GET /.well-known/appspecific/com.chrome.devtools.json HTTP/1.1" 404 5005
INFO 2026-02-20 05:25:44,587 log 55223 6157348864 "POST /admin/logout/ HTTP/1.1" 302 0
INFO 2026-02-20 05:25:44,629 log 55223 6157348864 "GET / HTTP/1.1" 200 4384
WARNING 2026-02-20 05:25:44,725 log 55223 6157348864 Not Found: /.well-known/appspecific/com.chrome.devtools.json
WARNING 2026-02-20 05:25:44,725 log 55223 6157348864 "GET /.well-known/appspecific/com.chrome.devtools.json HTTP/1.1" 404 5005
INFO 2026-02-20 05:25:47,671 log 55223 6157348864 "GET /login/ HTTP/1.1" 302 0
INFO 2026-02-20 05:25:47,710 log 55223 6157348864 "GET /accounts/login/ HTTP/1.1" 200 8200
WARNING 2026-02-20 05:25:47,870 log 55223 6157348864 Not Found: /.well-known/appspecific/com.chrome.devtools.json
WARNING 2026-02-20 05:25:47,872 log 55223 6157348864 "GET /.well-known/appspecific/com.chrome.devtools.json HTTP/1.1" 404 5005
INFO 2026-02-20 05:26:03,541 log 55223 6157348864 "POST /accounts/login/ HTTP/1.1" 302 0
INFO 2026-02-20 05:26:03,577 log 55223 6157348864 "GET / HTTP/1.1" 200 4586
WARNING 2026-02-20 05:26:03,717 log 55223 6157348864 Not Found: /.well-known/appspecific/com.chrome.devtools.json
WARNING 2026-02-20 05:26:03,717 log 55223 6157348864 "GET /.well-known/appspecific/com.chrome.devtools.json HTTP/1.1" 404 5005
INFO 2026-02-20 05:26:08,012 log 55223 6157348864 "GET /admin/ HTTP/1.1" 200 16772
WARNING 2026-02-20 05:26:08,139 log 55223 6157348864 Not Found: /.well-known/appspecific/com.chrome.devtools.json
WARNING 2026-02-20 05:26:08,140 log 55223 6157348864 "GET /.well-known/appspecific/com.chrome.devtools.json HTTP/1.1" 404 5005
INFO 2026-02-20 05:26:28,773 log 55223 6157348864 "POST /admin/logout/ HTTP/1.1" 302 0
INFO 2026-02-20 05:26:28,795 log 55223 6157348864 "GET / HTTP/1.1" 200 4384
WARNING 2026-02-20 05:26:28,876 log 55223 6157348864 Not Found: /.well-known/appspecific/com.chrome.devtools.json
WARNING 2026-02-20 05:26:28,877 log 55223 6157348864 "GET /.well-known/appspecific/com.chrome.devtools.json HTTP/1.1" 404 5005
INFO 2026-02-20 05:26:37,826 log 55223 6157348864 "GET /login/ HTTP/1.1" 302 0
INFO 2026-02-20 05:26:37,868 log 55223 6157348864 "GET /accounts/login/ HTTP/1.1" 200 8200
WARNING 2026-02-20 05:26:38,031 log 55223 6157348864 Not Found: /.well-known/appspecific/com.chrome.devtools.json
WARNING 2026-02-20 05:26:38,040 log 55223 6157348864 "GET /.well-known/appspecific/com.chrome.devtools.json HTTP/1.1" 404 5005
INFO 2026-02-20 05:26:50,345 log 55223 6157348864 "POST /accounts/login/ HTTP/1.1" 302 0
INFO 2026-02-20 05:26:50,382 log 55223 6157348864 "GET / HTTP/1.1" 200 4586
WARNING 2026-02-20 05:26:50,524 log 55223 6157348864 Not Found: /.well-known/appspecific/com.chrome.devtools.json
WARNING 2026-02-20 05:26:50,524 log 55223 6157348864 "GET /.well-known/appspecific/com.chrome.devtools.json HTTP/1.1" 404 5005
INFO 2026-02-20 05:27:00,635 log 55223 6157348864 "GET /admin/ HTTP/1.1" 200 16772
WARNING 2026-02-20 05:27:00,841 log 55223 6157348864 Not Found: /.well-known/appspecific/com.chrome.devtools.json
WARNING 2026-02-20 05:27:00,841 log 55223 6157348864 "GET /.well-known/appspecific/com.chrome.devtools.json HTTP/1.1" 404 5005
WARNING 2026-02-20 05:27:58,896 log 55223 6157348864 Not Found: /accounts/
WARNING 2026-02-20 05:27:58,896 log 55223 6157348864 "GET /accounts/ HTTP/1.1" 404 6959
WARNING 2026-02-20 05:27:59,034 log 55223 6157348864 Not Found: /.well-known/appspecific/com.chrome.devtools.json
WARNING 2026-02-20 05:27:59,035 log 55223 6157348864 "GET /.well-known/appspecific/com.chrome.devtools.json HTTP/1.1" 404 5005
INFO 2026-02-20 05:28:14,317 log 55223 6157348864 "GET /accounts/login/ HTTP/1.1" 200 8200
WARNING 2026-02-20 05:28:14,389 log 55223 6157348864 Not Found: /.well-known/appspecific/com.chrome.devtools.json
WARNING 2026-02-20 05:28:14,390 log 55223 6157348864 "GET /.well-known/appspecific/com.chrome.devtools.json HTTP/1.1" 404 5005
WARNING 2026-02-20 05:28:21,335 log 55223 6157348864 Method Not Allowed (GET): /accounts/logout/
WARNING 2026-02-20 05:28:21,348 log 55223 6157348864 "GET /accounts/logout/ HTTP/1.1" 405 0
INFO 2026-02-20 05:28:34,668 log 55223 6157348864 "GET /login/ HTTP/1.1" 302 0
INFO 2026-02-20 05:28:34,699 log 55223 6157348864 "GET /accounts/login/ HTTP/1.1" 200 8200
WARNING 2026-02-20 05:28:34,755 log 55223 6157348864 Not Found: /.well-known/appspecific/com.chrome.devtools.json
WARNING 2026-02-20 05:28:34,756 log 55223 6157348864 "GET /.well-known/appspecific/com.chrome.devtools.json HTTP/1.1" 404 5005
INFO 2026-02-20 05:32:48,309 log 55223 6157348864 "POST /accounts/login/ HTTP/1.1" 302 0
INFO 2026-02-20 05:32:48,360 log 55223 6157348864 "GET / HTTP/1.1" 200 4595
WARNING 2026-02-20 05:32:48,486 log 55223 6157348864 Not Found: /.well-known/appspecific/com.chrome.devtools.json
WARNING 2026-02-20 05:32:48,487 log 55223 6157348864 "GET /.well-known/appspecific/com.chrome.devtools.json HTTP/1.1" 404 5005
INFO 2026-02-20 05:32:50,551 log 55223 6157348864 "GET /admin/ HTTP/1.1" 200 16772
WARNING 2026-02-20 05:32:50,619 log 55223 6157348864 Not Found: /.well-known/appspecific/com.chrome.devtools.json
WARNING 2026-02-20 05:32:50,620 log 55223 6157348864 "GET /.well-known/appspecific/com.chrome.devtools.json HTTP/1.1" 404 5005
WARNING 2026-02-20 05:32:54,647 log 55223 6157348864 Not Found: /.well-known/appspecific/com.chrome.devtools.json
WARNING 2026-02-20 05:32:54,679 log 55223 6157348864 "GET /.well-known/appspecific/com.chrome.devtools.json HTTP/1.1" 404 5005
WARNING 2026-02-20 05:32:54,786 log 55223 6157348864 Not Found: /.well-known/appspecific/com.chrome.devtools.json
WARNING 2026-02-20 05:32:54,788 log 55223 6157348864 "GET /.well-known/appspecific/com.chrome.devtools.json HTTP/1.1" 404 5005
WARNING 2026-02-20 05:32:56,393 log 55223 6157348864 Method Not Allowed (GET): /accounts/logout/
WARNING 2026-02-20 05:32:56,411 log 55223 6157348864 "GET /accounts/logout/ HTTP/1.1" 405 0
INFO 2026-02-20 05:33:09,100 log 55223 6157348864 "GET / HTTP/1.1" 200 4595
WARNING 2026-02-20 05:33:09,269 log 55223 6157348864 Not Found: /.well-known/appspecific/com.chrome.devtools.json
WARNING 2026-02-20 05:33:09,270 log 55223 6157348864 "GET /.well-known/appspecific/com.chrome.devtools.json HTTP/1.1" 404 5005
WARNING 2026-02-20 05:33:17,765 log 55223 6157348864 Method Not Allowed (GET): /accounts/logout/
WARNING 2026-02-20 05:33:17,794 log 55223 6157348864 "GET /accounts/logout/ HTTP/1.1" 405 0
WARNING 2026-02-20 05:35:33,882 log 55223 6157348864 Not Found: /.well-known/appspecific/com.chrome.devtools.json
WARNING 2026-02-20 05:35:33,883 log 55223 6157348864 "GET /.well-known/appspecific/com.chrome.devtools.json HTTP/1.1" 404 5005
WARNING 2026-02-20 05:35:33,914 log 55223 6157348864 Not Found: /.well-known/appspecific/com.chrome.devtools.json
WARNING 2026-02-20 05:35:33,914 log 55223 6157348864 "GET /.well-known/appspecific/com.chrome.devtools.json HTTP/1.1" 404 5005
INFO 2026-02-20 05:35:35,459 log 55223 6157348864 "GET / HTTP/1.1" 200 4860
WARNING 2026-02-20 05:35:35,530 log 55223 6157348864 Not Found: /.well-known/appspecific/com.chrome.devtools.json
WARNING 2026-02-20 05:35:35,531 log 55223 6157348864 "GET /.well-known/appspecific/com.chrome.devtools.json HTTP/1.1" 404 5005
INFO 2026-02-20 05:35:37,464 log 55223 6157348864 "POST /accounts/logout/ HTTP/1.1" 302 0
INFO 2026-02-20 05:35:37,506 log 55223 6157348864 "GET / HTTP/1.1" 200 4384
WARNING 2026-02-20 05:35:37,573 log 55223 6157348864 Not Found: /.well-known/appspecific/com.chrome.devtools.json
WARNING 2026-02-20 05:35:37,573 log 55223 6157348864 "GET /.well-known/appspecific/com.chrome.devtools.json HTTP/1.1" 404 5005
INFO 2026-02-20 05:35:43,544 log 55223 6157348864 "GET /login/ HTTP/1.1" 302 0
INFO 2026-02-20 05:35:43,584 log 55223 6157348864 "GET /accounts/login/ HTTP/1.1" 200 8200
WARNING 2026-02-20 05:35:43,702 log 55223 6157348864 Not Found: /.well-known/appspecific/com.chrome.devtools.json
WARNING 2026-02-20 05:35:43,724 log 55223 6157348864 "GET /.well-known/appspecific/com.chrome.devtools.json HTTP/1.1" 404 5005
INFO 2026-02-20 05:35:51,777 log 55223 6157348864 "POST /accounts/login/ HTTP/1.1" 302 0
INFO 2026-02-20 05:35:51,813 log 55223 6157348864 "GET / HTTP/1.1" 200 4860
WARNING 2026-02-20 05:35:51,938 log 55223 6157348864 Not Found: /.well-known/appspecific/com.chrome.devtools.json
WARNING 2026-02-20 05:35:51,938 log 55223 6157348864 "GET /.well-known/appspecific/com.chrome.devtools.json HTTP/1.1" 404 5005
INFO 2026-02-20 05:35:55,950 log 55223 6157348864 "POST /accounts/logout/ HTTP/1.1" 302 0
INFO 2026-02-20 05:35:55,981 log 55223 6157348864 "GET / HTTP/1.1" 200 4384
WARNING 2026-02-20 05:35:56,042 log 55223 6157348864 Not Found: /.well-known/appspecific/com.chrome.devtools.json
WARNING 2026-02-20 05:35:56,042 log 55223 6157348864 "GET /.well-known/appspecific/com.chrome.devtools.json HTTP/1.1" 404 5005
INFO 2026-02-20 05:36:00,528 log 55223 6157348864 "GET /login/ HTTP/1.1" 302 0
INFO 2026-02-20 05:36:00,579 log 55223 6157348864 "GET /accounts/login/ HTTP/1.1" 200 8200
WARNING 2026-02-20 05:36:00,741 log 55223 6157348864 Not Found: /.well-known/appspecific/com.chrome.devtools.json
WARNING 2026-02-20 05:36:00,741 log 55223 6157348864 "GET /.well-known/appspecific/com.chrome.devtools.json HTTP/1.1" 404 5005
INFO 2026-02-20 05:36:08,279 log 55223 6157348864 "POST /accounts/login/ HTTP/1.1" 302 0
INFO 2026-02-20 05:36:08,320 log 55223 6157348864 "GET / HTTP/1.1" 200 4661
WARNING 2026-02-20 05:36:08,480 log 55223 6157348864 Not Found: /.well-known/appspecific/com.chrome.devtools.json
WARNING 2026-02-20 05:36:08,481 log 55223 6157348864 "GET /.well-known/appspecific/com.chrome.devtools.json HTTP/1.1" 404 5005
INFO 2026-02-20 05:36:11,469 log 55223 6157348864 "POST /accounts/logout/ HTTP/1.1" 302 0
INFO 2026-02-20 05:36:11,508 log 55223 6157348864 "GET / HTTP/1.1" 200 4384
WARNING 2026-02-20 05:36:11,586 log 55223 6157348864 Not Found: /.well-known/appspecific/com.chrome.devtools.json
WARNING 2026-02-20 05:36:11,587 log 55223 6157348864 "GET /.well-known/appspecific/com.chrome.devtools.json HTTP/1.1" 404 5005
INFO 2026-02-20 05:36:14,185 log 55223 6157348864 "GET /login/ HTTP/1.1" 302 0
INFO 2026-02-20 05:36:14,224 log 55223 6157348864 "GET /accounts/login/ HTTP/1.1" 200 8200
WARNING 2026-02-20 05:36:14,399 log 55223 6157348864 Not Found: /.well-known/appspecific/com.chrome.devtools.json
WARNING 2026-02-20 05:36:14,400 log 55223 6157348864 "GET /.well-known/appspecific/com.chrome.devtools.json HTTP/1.1" 404 5005
INFO 2026-02-20 05:36:20,676 log 55223 6157348864 "POST /accounts/login/ HTTP/1.1" 302 0
INFO 2026-02-20 05:36:20,717 log 55223 6157348864 "GET / HTTP/1.1" 200 4860
WARNING 2026-02-20 05:36:20,858 log 55223 6157348864 Not Found: /.well-known/appspecific/com.chrome.devtools.json
WARNING 2026-02-20 05:36:20,859 log 55223 6157348864 "GET /.well-known/appspecific/com.chrome.devtools.json HTTP/1.1" 404 5005
INFO 2026-02-20 05:36:22,425 log 55223 6157348864 "GET /admin/ HTTP/1.1" 200 16772
WARNING 2026-02-20 05:36:22,509 log 55223 6157348864 Not Found: /.well-known/appspecific/com.chrome.devtools.json
WARNING 2026-02-20 05:36:22,509 log 55223 6157348864 "GET /.well-known/appspecific/com.chrome.devtools.json HTTP/1.1" 404 5005
WARNING 2026-02-20 05:36:25,971 log 55223 6157348864 Not Found: /.well-known/appspecific/com.chrome.devtools.json
WARNING 2026-02-20 05:36:25,975 log 55223 6157348864 "GET /.well-known/appspecific/com.chrome.devtools.json HTTP/1.1" 404 5005
WARNING 2026-02-20 05:36:26,117 log 55223 6157348864 Not Found: /.well-known/appspecific/com.chrome.devtools.json
WARNING 2026-02-20 05:36:26,118 log 55223 6157348864 "GET /.well-known/appspecific/com.chrome.devtools.json HTTP/1.1" 404 5005
INFO 2026-02-20 05:37:24,206 log 55223 6174175232 "GET /o/.well-known/openid-configuration HTTP/1.1" 200 787
INFO 2026-02-20 05:37:33,711 log 55223 6157348864 "GET /o/authorize/?response_type=code&client_id=5kWtcsPK1TeThWvN7gktrTfOsoiVdaY9OMqXEIV0&state=S2ZKcnotVEJUMH5pYUdrSjM0aUdDQ05kb1BpYjROY0pSWmNXS3paM3g5MFNr&redirect_uri=http%3A%2F%2Flocalhost%3A4200&scope=openid%20profile%20email%20read%20write%20api.read%20api.write%20offline_access&code_challenge=3OEjYCHRp3nT_8mpEPRRvOYOJ26VgnKmBdWhEwXy-oo&code_challenge_method=S256&nonce=S2ZKcnotVEJUMH5pYUdrSjM0aUdDQ05kb1BpYjROY0pSWmNXS3paM3g5MFNr HTTP/1.1" 200 4317
INFO 2026-02-20 05:37:35,417 log 55223 6157348864 "POST /o/authorize/?response_type=code&client_id=5kWtcsPK1TeThWvN7gktrTfOsoiVdaY9OMqXEIV0&state=S2ZKcnotVEJUMH5pYUdrSjM0aUdDQ05kb1BpYjROY0pSWmNXS3paM3g5MFNr&redirect_uri=http%3A%2F%2Flocalhost%3A4200&scope=openid%20profile%20email%20read%20write%20api.read%20api.write%20offline_access&code_challenge=3OEjYCHRp3nT_8mpEPRRvOYOJ26VgnKmBdWhEwXy-oo&code_challenge_method=S256&nonce=S2ZKcnotVEJUMH5pYUdrSjM0aUdDQ05kb1BpYjROY0pSWmNXS3paM3g5MFNr HTTP/1.1" 302 0
INFO 2026-02-20 05:37:35,521 log 55223 6174175232 "GET /o/.well-known/openid-configuration HTTP/1.1" 200 787
INFO 2026-02-20 05:37:35,772 validators 55223 6174175232 Token issued for user 1 via local
INFO 2026-02-20 05:37:35,784 signals 55223 6174175232 Access token created for user 1 via client 5kWtcsPK1TeThWvN7gktrTfOsoiVdaY9OMqXEIV0
INFO 2026-02-20 05:37:35,840 log 55223 6174175232 "POST /o/token/ HTTP/1.1" 200 1400
INFO 2026-02-20 05:37:36,044 log 55223 6191001600 "POST /o/introspect/ HTTP/1.1" 200 195
INFO 2026-02-20 05:37:36,179 log 55223 6207827968 "GET /api/oidc/userinfo/ HTTP/1.1" 200 154
INFO 2026-02-20 05:43:20,801 log 55223 6157348864 "GET /o/authorize/?response_type=code&client_id=5kWtcsPK1TeThWvN7gktrTfOsoiVdaY9OMqXEIV0&state=T2hPfmVkWUp4RWpYalVYMGtrYU1NWkRPUk5DWS5CeXZVYnZHME91fjFydnRq&redirect_uri=http%3A%2F%2Flocalhost%3A4200&scope=openid%20profile%20email%20read%20write%20api.read%20api.write%20offline_access&code_challenge=wZumS6vPzqibv_5UBJvPo8knvL_sf_vCr2UQl8LyjJw&code_challenge_method=S256&nonce=T2hPfmVkWUp4RWpYalVYMGtrYU1NWkRPUk5DWS5CeXZVYnZHME91fjFydnRq HTTP/1.1" 200 4317
INFO 2026-02-20 05:43:22,382 log 55223 6157348864 "POST /o/authorize/?response_type=code&client_id=5kWtcsPK1TeThWvN7gktrTfOsoiVdaY9OMqXEIV0&state=T2hPfmVkWUp4RWpYalVYMGtrYU1NWkRPUk5DWS5CeXZVYnZHME91fjFydnRq&redirect_uri=http%3A%2F%2Flocalhost%3A4200&scope=openid%20profile%20email%20read%20write%20api.read%20api.write%20offline_access&code_challenge=wZumS6vPzqibv_5UBJvPo8knvL_sf_vCr2UQl8LyjJw&code_challenge_method=S256&nonce=T2hPfmVkWUp4RWpYalVYMGtrYU1NWkRPUk5DWS5CeXZVYnZHME91fjFydnRq HTTP/1.1" 302 0
INFO 2026-02-20 05:43:22,529 log 55223 6191001600 "GET /o/.well-known/openid-configuration HTTP/1.1" 200 787
INFO 2026-02-20 05:43:22,560 log 55223 6191001600 "GET /o/.well-known/jwks.json HTTP/1.1" 200 474
INFO 2026-02-20 05:43:22,565 log 55223 6191001600 "OPTIONS /o/token/ HTTP/1.1" 200 0
INFO 2026-02-20 05:43:22,632 validators 55223 6191001600 Token issued for user 1 via local
INFO 2026-02-20 05:43:22,641 signals 55223 6191001600 Access token created for user 1 via client 5kWtcsPK1TeThWvN7gktrTfOsoiVdaY9OMqXEIV0
INFO 2026-02-20 05:43:22,693 log 55223 6191001600 "POST /o/token/ HTTP/1.1" 200 1400
INFO 2026-02-20 05:43:22,881 log 55223 6207827968 "POST /o/introspect/ HTTP/1.1" 200 195
INFO 2026-02-20 05:43:22,940 log 55223 6224654336 "GET /api/oidc/userinfo/ HTTP/1.1" 200 154
INFO 2026-02-20 05:54:06,240 autoreload 55223 8562434240 /Users/dhrubajyotiborah/Documents/Projects/hcs_sso_with_oidc/apps/oidc/validators.py changed, reloading.
ERROR 2026-02-20 05:54:07,379 apps 69073 8562434240 Failed to register custom backends: argument of type 'module' is not iterable
INFO 2026-02-20 05:54:07,379 apps 69073 8562434240 Enabled providers: Google, Facebook
INFO 2026-02-20 05:54:07,379 apps 69073 8562434240 ✅ Social authentication app initialized successfully
INFO 2026-02-20 05:54:07,386 autoreload 69073 8562434240 Watching for file changes with StatReloader
INFO 2026-02-20 06:32:43,796 log 69073 6131118080 "GET /o/authorize/?response_type=code&client_id=5kWtcsPK1TeThWvN7gktrTfOsoiVdaY9OMqXEIV0&state=dXF0c3FaREZRY29CejBCWTU1MHNackU0U0pGVH5HRHpQUHJGelRHWVVpdEpw&redirect_uri=http%3A%2F%2Flocalhost%3A4200&scope=openid%20profile%20email%20read%20write%20api.read%20api.write%20offline_access&code_challenge=1a3cMMmHBW64BP51Z77RrjXhT8pYATqJiahhIQC6xvg&code_challenge_method=S256&nonce=dXF0c3FaREZRY29CejBCWTU1MHNackU0U0pGVH5HRHpQUHJGelRHWVVpdEpw HTTP/1.1" 200 4317
WARNING 2026-02-20 06:32:44,020 log 69073 6131118080 Not Found: /.well-known/appspecific/com.chrome.devtools.json
WARNING 2026-02-20 06:32:44,020 log 69073 6131118080 "GET /.well-known/appspecific/com.chrome.devtools.json HTTP/1.1" 404 5005
INFO 2026-02-20 06:32:46,557 log 69073 6131118080 "POST /o/authorize/?response_type=code&client_id=5kWtcsPK1TeThWvN7gktrTfOsoiVdaY9OMqXEIV0&state=dXF0c3FaREZRY29CejBCWTU1MHNackU0U0pGVH5HRHpQUHJGelRHWVVpdEpw&redirect_uri=http%3A%2F%2Flocalhost%3A4200&scope=openid%20profile%20email%20read%20write%20api.read%20api.write%20offline_access&code_challenge=1a3cMMmHBW64BP51Z77RrjXhT8pYATqJiahhIQC6xvg&code_challenge_method=S256&nonce=dXF0c3FaREZRY29CejBCWTU1MHNackU0U0pGVH5HRHpQUHJGelRHWVVpdEpw HTTP/1.1" 302 0
INFO 2026-02-20 06:32:47,182 log 69073 6164770816 "GET /o/.well-known/openid-configuration HTTP/1.1" 200 787
INFO 2026-02-20 06:32:47,422 log 69073 6164770816 "GET /o/.well-known/jwks.json HTTP/1.1" 200 474
INFO 2026-02-20 06:32:47,707 validators 69073 6164770816 Token issued for user 1 via local
INFO 2026-02-20 06:32:47,729 signals 69073 6164770816 Access token created for user 1 via client 5kWtcsPK1TeThWvN7gktrTfOsoiVdaY9OMqXEIV0
INFO 2026-02-20 06:32:47,799 log 69073 6164770816 "POST /o/token/ HTTP/1.1" 200 1400
INFO 2026-02-20 06:32:48,223 log 69073 6181597184 "POST /o/introspect/ HTTP/1.1" 200 195
INFO 2026-02-20 06:32:48,281 log 69073 6198423552 "GET /api/oidc/userinfo/ HTTP/1.1" 200 154
INFO 2026-02-20 06:33:12,752 log 69073 6131118080 "GET /o/authorize/?response_type=code&client_id=5kWtcsPK1TeThWvN7gktrTfOsoiVdaY9OMqXEIV0&state=VmRGcTlRclBiU0dnMUZ4ZERwRkJLV3BRNk03b1N4XzBKR3lQem1RYnhKflNH&redirect_uri=http%3A%2F%2Flocalhost%3A4200&scope=openid%20profile%20email%20read%20write%20api.read%20api.write%20offline_access&code_challenge=ZPwyAxdDVDa6OH-BRUAxJpt8WVyM7o56NFKML_jT1SY&code_challenge_method=S256&nonce=VmRGcTlRclBiU0dnMUZ4ZERwRkJLV3BRNk03b1N4XzBKR3lQem1RYnhKflNH HTTP/1.1" 302 0
INFO 2026-02-20 06:33:12,820 log 69073 6131118080 "GET /accounts/login/?next=/o/authorize/%3Fresponse_type%3Dcode%26client_id%3D5kWtcsPK1TeThWvN7gktrTfOsoiVdaY9OMqXEIV0%26state%3DVmRGcTlRclBiU0dnMUZ4ZERwRkJLV3BRNk03b1N4XzBKR3lQem1RYnhKflNH%26redirect_uri%3Dhttp%253A%252F%252Flocalhost%253A4200%26scope%3Dopenid%2520profile%2520email%2520read%2520write%2520api.read%2520api.write%2520offline_access%26code_challenge%3DZPwyAxdDVDa6OH-BRUAxJpt8WVyM7o56NFKML_jT1SY%26code_challenge_method%3DS256%26nonce%3DVmRGcTlRclBiU0dnMUZ4ZERwRkJLV3BRNk03b1N4XzBKR3lQem1RYnhKflNH HTTP/1.1" 200 8772
WARNING 2026-02-20 06:33:13,011 log 69073 6131118080 Not Found: /.well-known/appspecific/com.chrome.devtools.json
WARNING 2026-02-20 06:33:13,013 log 69073 6131118080 "GET /.well-known/appspecific/com.chrome.devtools.json HTTP/1.1" 404 5005
INFO 2026-02-20 06:33:24,175 log 69073 6131118080 "POST /accounts/login/?next=/o/authorize/%3Fresponse_type%3Dcode%26client_id%3D5kWtcsPK1TeThWvN7gktrTfOsoiVdaY9OMqXEIV0%26state%3DVmRGcTlRclBiU0dnMUZ4ZERwRkJLV3BRNk03b1N4XzBKR3lQem1RYnhKflNH%26redirect_uri%3Dhttp%253A%252F%252Flocalhost%253A4200%26scope%3Dopenid%2520profile%2520email%2520read%2520write%2520api.read%2520api.write%2520offline_access%26code_challenge%3DZPwyAxdDVDa6OH-BRUAxJpt8WVyM7o56NFKML_jT1SY%26code_challenge_method%3DS256%26nonce%3DVmRGcTlRclBiU0dnMUZ4ZERwRkJLV3BRNk03b1N4XzBKR3lQem1RYnhKflNH HTTP/1.1" 302 0
INFO 2026-02-20 06:33:24,234 log 69073 6131118080 "GET /o/authorize/?response_type=code&client_id=5kWtcsPK1TeThWvN7gktrTfOsoiVdaY9OMqXEIV0&state=VmRGcTlRclBiU0dnMUZ4ZERwRkJLV3BRNk03b1N4XzBKR3lQem1RYnhKflNH&redirect_uri=http%3A%2F%2Flocalhost%3A4200&scope=openid%20profile%20email%20read%20write%20api.read%20api.write%20offline_access&code_challenge=ZPwyAxdDVDa6OH-BRUAxJpt8WVyM7o56NFKML_jT1SY&code_challenge_method=S256&nonce=VmRGcTlRclBiU0dnMUZ4ZERwRkJLV3BRNk03b1N4XzBKR3lQem1RYnhKflNH HTTP/1.1" 200 4317
WARNING 2026-02-20 06:33:24,336 log 69073 6131118080 Not Found: /.well-known/appspecific/com.chrome.devtools.json
WARNING 2026-02-20 06:33:24,339 log 69073 6131118080 "GET /.well-known/appspecific/com.chrome.devtools.json HTTP/1.1" 404 5005
INFO 2026-02-20 06:33:26,529 log 69073 6131118080 "POST /o/authorize/?response_type=code&client_id=5kWtcsPK1TeThWvN7gktrTfOsoiVdaY9OMqXEIV0&state=VmRGcTlRclBiU0dnMUZ4ZERwRkJLV3BRNk03b1N4XzBKR3lQem1RYnhKflNH&redirect_uri=http%3A%2F%2Flocalhost%3A4200&scope=openid%20profile%20email%20read%20write%20api.read%20api.write%20offline_access&code_challenge=ZPwyAxdDVDa6OH-BRUAxJpt8WVyM7o56NFKML_jT1SY&code_challenge_method=S256&nonce=VmRGcTlRclBiU0dnMUZ4ZERwRkJLV3BRNk03b1N4XzBKR3lQem1RYnhKflNH HTTP/1.1" 302 0
INFO 2026-02-20 06:33:26,772 log 69073 6164770816 "GET /o/.well-known/openid-configuration HTTP/1.1" 200 787
INFO 2026-02-20 06:33:26,878 log 69073 6164770816 "GET /o/.well-known/jwks.json HTTP/1.1" 200 474
INFO 2026-02-20 06:33:27,043 validators 69073 6164770816 Token issued for user 8 via local
INFO 2026-02-20 06:33:27,070 signals 69073 6164770816 Access token created for user 8 via client 5kWtcsPK1TeThWvN7gktrTfOsoiVdaY9OMqXEIV0
INFO 2026-02-20 06:33:27,119 log 69073 6164770816 "POST /o/token/ HTTP/1.1" 200 1475
INFO 2026-02-20 06:33:27,361 log 69073 6181597184 "POST /o/introspect/ HTTP/1.1" 200 199
INFO 2026-02-20 06:33:27,432 log 69073 6198423552 "GET /api/oidc/userinfo/ HTTP/1.1" 200 210
INFO 2026-02-20 06:33:56,879 autoreload 69073 8562434240 /Users/dhrubajyotiborah/Documents/Projects/hcs_sso_with_oidc/apps/oidc/validators.py changed, reloading.
ERROR 2026-02-20 06:33:58,303 apps 86469 8562434240 Failed to register custom backends: argument of type 'module' is not iterable
INFO 2026-02-20 06:33:58,303 apps 86469 8562434240 Enabled providers: Google, Facebook
INFO 2026-02-20 06:33:58,303 apps 86469 8562434240 ✅ Social authentication app initialized successfully
INFO 2026-02-20 06:33:58,310 autoreload 86469 8562434240 Watching for file changes with StatReloader
INFO 2026-02-20 06:42:11,070 log 86469 6204239872 "GET /o/.well-known/openid-configuration HTTP/1.1" 200 787
INFO 2026-02-20 06:42:11,241 log 86469 6204239872 "GET /o/.well-known/jwks.json HTTP/1.1" 200 474
INFO 2026-02-20 06:42:11,629 log 86469 6221066240 "POST /o/introspect/ HTTP/1.1" 200 199
INFO 2026-02-20 06:42:11,750 log 86469 6237892608 "GET /api/oidc/userinfo/ HTTP/1.1" 200 210
INFO 2026-02-20 06:45:11,079 log 86469 6204239872 "GET /o/.well-known/openid-configuration HTTP/1.1" 200 787
INFO 2026-02-20 06:45:11,948 log 86469 6221066240 "POST /o/introspect/ HTTP/1.1" 200 199
INFO 2026-02-20 06:45:11,998 log 86469 6237892608 "GET /api/oidc/userinfo/ HTTP/1.1" 200 210
INFO 2026-02-20 06:49:20,252 autoreload 86469 8562434240 /Users/dhrubajyotiborah/Documents/Projects/hcs_sso_with_oidc/apps/oidc/validators.py changed, reloading.
ERROR 2026-02-20 06:49:21,232 apps 94592 8562434240 Failed to register custom backends: argument of type 'module' is not iterable
INFO 2026-02-20 06:49:21,233 apps 94592 8562434240 Enabled providers: Google, Facebook
INFO 2026-02-20 06:49:21,233 apps 94592 8562434240 ✅ Social authentication app initialized successfully
INFO 2026-02-20 06:49:21,241 autoreload 94592 8562434240 Watching for file changes with StatReloader
INFO 2026-02-20 06:50:00,719 log 94592 6169243648 "GET /o/.well-known/openid-configuration HTTP/1.1" 200 787
INFO 2026-02-20 06:50:01,521 log 94592 6186070016 "POST /o/introspect/ HTTP/1.1" 200 199
INFO 2026-02-20 06:50:01,774 log 94592 6202896384 "GET /api/oidc/userinfo/ HTTP/1.1" 200 210
INFO 2026-02-20 06:50:03,535 log 94592 6186070016 "GET /o/authorize/?response_type=code&client_id=5kWtcsPK1TeThWvN7gktrTfOsoiVdaY9OMqXEIV0&state=ZWJfdzhSckdEWkFkbmRFVkFHVVdxT3Vfak1FdUNkS3AwMkZydVN4MlFiYzRH&redirect_uri=http%3A%2F%2Flocalhost%3A4200&scope=openid%20profile%20email&code_challenge=kslZ_R7sPVcSYze-h0WwOXnn7eywIh4LKjQBCsHTJWk&code_challenge_method=S256&nonce=ZWJfdzhSckdEWkFkbmRFVkFHVVdxT3Vfak1FdUNkS3AwMkZydVN4MlFiYzRH HTTP/1.1" 200 3899
WARNING 2026-02-20 06:50:03,643 log 94592 6186070016 Not Found: /.well-known/appspecific/com.chrome.devtools.json
WARNING 2026-02-20 06:50:03,643 log 94592 6186070016 "GET /.well-known/appspecific/com.chrome.devtools.json HTTP/1.1" 404 5005
INFO 2026-02-20 06:50:05,425 log 94592 6186070016 "POST /o/authorize/?response_type=code&client_id=5kWtcsPK1TeThWvN7gktrTfOsoiVdaY9OMqXEIV0&state=ZWJfdzhSckdEWkFkbmRFVkFHVVdxT3Vfak1FdUNkS3AwMkZydVN4MlFiYzRH&redirect_uri=http%3A%2F%2Flocalhost%3A4200&scope=openid%20profile%20email&code_challenge=kslZ_R7sPVcSYze-h0WwOXnn7eywIh4LKjQBCsHTJWk&code_challenge_method=S256&nonce=ZWJfdzhSckdEWkFkbmRFVkFHVVdxT3Vfak1FdUNkS3AwMkZydVN4MlFiYzRH HTTP/1.1" 302 0
INFO 2026-02-20 06:50:05,737 log 94592 6169243648 "GET /o/.well-known/openid-configuration HTTP/1.1" 200 787
INFO 2026-02-20 06:50:06,115 validators 94592 6169243648 Token issued for user 8 via local
INFO 2026-02-20 06:50:06,146 signals 94592 6169243648 Access token created for user 8 via client 5kWtcsPK1TeThWvN7gktrTfOsoiVdaY9OMqXEIV0
INFO 2026-02-20 06:50:06,193 log 94592 6169243648 "POST /o/token/ HTTP/1.1" 200 1430
INFO 2026-02-20 06:50:06,512 log 94592 6219722752 "POST /o/introspect/ HTTP/1.1" 200 154
INFO 2026-02-20 06:50:06,604 log 94592 6236549120 "GET /api/oidc/userinfo/ HTTP/1.1" 200 210
INFO 2026-02-20 06:50:37,215 log 94592 6186070016 "GET /o/authorize/?response_type=code&client_id=5kWtcsPK1TeThWvN7gktrTfOsoiVdaY9OMqXEIV0&state=YklnZVVoX1dIMDJWSzZlNURTS0J0bHF4amdYdmZkdU5GVVh0MTY1S3NoNHJJ&redirect_uri=http%3A%2F%2Flocalhost%3A4200&scope=openid%20profile%20email&code_challenge=fKhehKImfwhqLBJK00dmJc_WeeKbvmJIJIJahBDbPm8&code_challenge_method=S256&nonce=YklnZVVoX1dIMDJWSzZlNURTS0J0bHF4amdYdmZkdU5GVVh0MTY1S3NoNHJJ HTTP/1.1" 302 0
INFO 2026-02-20 06:50:37,253 log 94592 6186070016 "GET /accounts/login/?next=/o/authorize/%3Fresponse_type%3Dcode%26client_id%3D5kWtcsPK1TeThWvN7gktrTfOsoiVdaY9OMqXEIV0%26state%3DYklnZVVoX1dIMDJWSzZlNURTS0J0bHF4amdYdmZkdU5GVVh0MTY1S3NoNHJJ%26redirect_uri%3Dhttp%253A%252F%252Flocalhost%253A4200%26scope%3Dopenid%2520profile%2520email%26code_challenge%3DfKhehKImfwhqLBJK00dmJc_WeeKbvmJIJIJahBDbPm8%26code_challenge_method%3DS256%26nonce%3DYklnZVVoX1dIMDJWSzZlNURTS0J0bHF4amdYdmZkdU5GVVh0MTY1S3NoNHJJ HTTP/1.1" 200 8717
WARNING 2026-02-20 06:50:37,345 log 94592 6186070016 Not Found: /.well-known/appspecific/com.chrome.devtools.json
WARNING 2026-02-20 06:50:37,346 log 94592 6186070016 "GET /.well-known/appspecific/com.chrome.devtools.json HTTP/1.1" 404 5005
INFO 2026-02-20 06:50:51,769 log 94592 6186070016 "POST /accounts/login/?next=/o/authorize/%3Fresponse_type%3Dcode%26client_id%3D5kWtcsPK1TeThWvN7gktrTfOsoiVdaY9OMqXEIV0%26state%3DYklnZVVoX1dIMDJWSzZlNURTS0J0bHF4amdYdmZkdU5GVVh0MTY1S3NoNHJJ%26redirect_uri%3Dhttp%253A%252F%252Flocalhost%253A4200%26scope%3Dopenid%2520profile%2520email%26code_challenge%3DfKhehKImfwhqLBJK00dmJc_WeeKbvmJIJIJahBDbPm8%26code_challenge_method%3DS256%26nonce%3DYklnZVVoX1dIMDJWSzZlNURTS0J0bHF4amdYdmZkdU5GVVh0MTY1S3NoNHJJ HTTP/1.1" 302 0
INFO 2026-02-20 06:50:51,822 log 94592 6186070016 "GET /o/authorize/?response_type=code&client_id=5kWtcsPK1TeThWvN7gktrTfOsoiVdaY9OMqXEIV0&state=YklnZVVoX1dIMDJWSzZlNURTS0J0bHF4amdYdmZkdU5GVVh0MTY1S3NoNHJJ&redirect_uri=http%3A%2F%2Flocalhost%3A4200&scope=openid%20profile%20email&code_challenge=fKhehKImfwhqLBJK00dmJc_WeeKbvmJIJIJahBDbPm8&code_challenge_method=S256&nonce=YklnZVVoX1dIMDJWSzZlNURTS0J0bHF4amdYdmZkdU5GVVh0MTY1S3NoNHJJ HTTP/1.1" 200 3899
WARNING 2026-02-20 06:50:51,931 log 94592 6186070016 Not Found: /.well-known/appspecific/com.chrome.devtools.json
WARNING 2026-02-20 06:50:51,931 log 94592 6186070016 "GET /.well-known/appspecific/com.chrome.devtools.json HTTP/1.1" 404 5005
INFO 2026-02-20 06:50:56,212 log 94592 6186070016 "POST /o/authorize/?response_type=code&client_id=5kWtcsPK1TeThWvN7gktrTfOsoiVdaY9OMqXEIV0&state=YklnZVVoX1dIMDJWSzZlNURTS0J0bHF4amdYdmZkdU5GVVh0MTY1S3NoNHJJ&redirect_uri=http%3A%2F%2Flocalhost%3A4200&scope=openid%20profile%20email&code_challenge=fKhehKImfwhqLBJK00dmJc_WeeKbvmJIJIJahBDbPm8&code_challenge_method=S256&nonce=YklnZVVoX1dIMDJWSzZlNURTS0J0bHF4amdYdmZkdU5GVVh0MTY1S3NoNHJJ HTTP/1.1" 302 0
INFO 2026-02-20 06:50:56,641 log 94592 6169243648 "GET /o/.well-known/openid-configuration HTTP/1.1" 200 787
INFO 2026-02-20 06:50:56,686 log 94592 6169243648 "GET /o/.well-known/jwks.json HTTP/1.1" 200 474
INFO 2026-02-20 06:50:56,764 validators 94592 6169243648 Token issued for user 1 via local
INFO 2026-02-20 06:50:56,771 signals 94592 6169243648 Access token created for user 1 via client 5kWtcsPK1TeThWvN7gktrTfOsoiVdaY9OMqXEIV0
INFO 2026-02-20 06:50:56,828 log 94592 6169243648 "POST /o/token/ HTTP/1.1" 200 1355
INFO 2026-02-20 06:50:57,067 log 94592 6219722752 "POST /o/introspect/ HTTP/1.1" 200 150
INFO 2026-02-20 06:50:57,178 log 94592 6236549120 "GET /api/oidc/userinfo/ HTTP/1.1" 200 154
INFO 2026-02-20 06:58:04,114 autoreload 94592 8562434240 /Users/dhrubajyotiborah/Documents/Projects/hcs_sso_with_oidc/apps/oidc/validators.py changed, reloading.
ERROR 2026-02-20 06:58:05,052 apps 98576 8562434240 Failed to register custom backends: argument of type 'module' is not iterable
INFO 2026-02-20 06:58:05,052 apps 98576 8562434240 Enabled providers: Google, Facebook
INFO 2026-02-20 06:58:05,052 apps 98576 8562434240 ✅ Social authentication app initialized successfully
INFO 2026-02-20 06:58:05,064 autoreload 98576 8562434240 Watching for file changes with StatReloader
INFO 2026-02-20 07:04:24,568 log 98576 6169980928 "GET /o/authorize/?response_type=code&client_id=5kWtcsPK1TeThWvN7gktrTfOsoiVdaY9OMqXEIV0&state=S3lNN3lPLjV3VWItTDNFQU9GRVdrb05xTjhzWUVfNm9OSmpfdW5-bi5YdjhO&redirect_uri=http%3A%2F%2Flocalhost%3A4200&scope=openid%20profile%20email&code_challenge=iDTSInpFOVkXKazrmcDjtuVLwceodKYpe9XcYtDuSo0&code_challenge_method=S256&nonce=S3lNN3lPLjV3VWItTDNFQU9GRVdrb05xTjhzWUVfNm9OSmpfdW5-bi5YdjhO HTTP/1.1" 302 0
INFO 2026-02-20 07:04:24,706 log 98576 6169980928 "GET /accounts/login/?next=/o/authorize/%3Fresponse_type%3Dcode%26client_id%3D5kWtcsPK1TeThWvN7gktrTfOsoiVdaY9OMqXEIV0%26state%3DS3lNN3lPLjV3VWItTDNFQU9GRVdrb05xTjhzWUVfNm9OSmpfdW5-bi5YdjhO%26redirect_uri%3Dhttp%253A%252F%252Flocalhost%253A4200%26scope%3Dopenid%2520profile%2520email%26code_challenge%3DiDTSInpFOVkXKazrmcDjtuVLwceodKYpe9XcYtDuSo0%26code_challenge_method%3DS256%26nonce%3DS3lNN3lPLjV3VWItTDNFQU9GRVdrb05xTjhzWUVfNm9OSmpfdW5-bi5YdjhO HTTP/1.1" 200 8717
WARNING 2026-02-20 07:04:25,000 log 98576 6169980928 Not Found: /.well-known/appspecific/com.chrome.devtools.json
WARNING 2026-02-20 07:04:25,001 log 98576 6169980928 "GET /.well-known/appspecific/com.chrome.devtools.json HTTP/1.1" 404 5005
INFO 2026-02-20 07:04:35,515 log 98576 6169980928 "POST /accounts/login/?next=/o/authorize/%3Fresponse_type%3Dcode%26client_id%3D5kWtcsPK1TeThWvN7gktrTfOsoiVdaY9OMqXEIV0%26state%3DS3lNN3lPLjV3VWItTDNFQU9GRVdrb05xTjhzWUVfNm9OSmpfdW5-bi5YdjhO%26redirect_uri%3Dhttp%253A%252F%252Flocalhost%253A4200%26scope%3Dopenid%2520profile%2520email%26code_challenge%3DiDTSInpFOVkXKazrmcDjtuVLwceodKYpe9XcYtDuSo0%26code_challenge_method%3DS256%26nonce%3DS3lNN3lPLjV3VWItTDNFQU9GRVdrb05xTjhzWUVfNm9OSmpfdW5-bi5YdjhO HTTP/1.1" 302 0
INFO 2026-02-20 07:04:35,592 log 98576 6169980928 "GET /o/authorize/?response_type=code&client_id=5kWtcsPK1TeThWvN7gktrTfOsoiVdaY9OMqXEIV0&state=S3lNN3lPLjV3VWItTDNFQU9GRVdrb05xTjhzWUVfNm9OSmpfdW5-bi5YdjhO&redirect_uri=http%3A%2F%2Flocalhost%3A4200&scope=openid%20profile%20email&code_challenge=iDTSInpFOVkXKazrmcDjtuVLwceodKYpe9XcYtDuSo0&code_challenge_method=S256&nonce=S3lNN3lPLjV3VWItTDNFQU9GRVdrb05xTjhzWUVfNm9OSmpfdW5-bi5YdjhO HTTP/1.1" 200 3899
WARNING 2026-02-20 07:04:35,676 log 98576 6169980928 Not Found: /.well-known/appspecific/com.chrome.devtools.json
WARNING 2026-02-20 07:04:35,676 log 98576 6169980928 "GET /.well-known/appspecific/com.chrome.devtools.json HTTP/1.1" 404 5005
INFO 2026-02-20 07:04:37,548 log 98576 6169980928 "POST /o/authorize/?response_type=code&client_id=5kWtcsPK1TeThWvN7gktrTfOsoiVdaY9OMqXEIV0&state=S3lNN3lPLjV3VWItTDNFQU9GRVdrb05xTjhzWUVfNm9OSmpfdW5-bi5YdjhO&redirect_uri=http%3A%2F%2Flocalhost%3A4200&scope=openid%20profile%20email&code_challenge=iDTSInpFOVkXKazrmcDjtuVLwceodKYpe9XcYtDuSo0&code_challenge_method=S256&nonce=S3lNN3lPLjV3VWItTDNFQU9GRVdrb05xTjhzWUVfNm9OSmpfdW5-bi5YdjhO HTTP/1.1" 302 0
INFO 2026-02-20 07:04:37,905 log 98576 6203633664 "GET /o/.well-known/openid-configuration HTTP/1.1" 200 787
INFO 2026-02-20 07:04:38,285 validators 98576 6203633664 Token issued for user 1 via local
INFO 2026-02-20 07:04:38,313 signals 98576 6203633664 Access token created for user 1 via client 5kWtcsPK1TeThWvN7gktrTfOsoiVdaY9OMqXEIV0
INFO 2026-02-20 07:04:38,375 log 98576 6203633664 "POST /o/token/ HTTP/1.1" 200 1400
INFO 2026-02-20 07:04:38,764 log 98576 6220460032 "POST /o/introspect/ HTTP/1.1" 200 195
INFO 2026-02-20 07:04:38,820 log 98576 6237286400 "GET /api/oidc/userinfo/ HTTP/1.1" 200 154
INFO 2026-02-20 07:06:46,038 log 98576 6169980928 "GET /o/authorize/?response_type=code&client_id=5kWtcsPK1TeThWvN7gktrTfOsoiVdaY9OMqXEIV0&state=TWw5M01ERFpwM1JDTUMucXVlbExSM353dTI5eEI2SUk5ZkNCVE53UERIaVVB&redirect_uri=http%3A%2F%2Flocalhost%3A4200&scope=openid%20profile%20email&code_challenge=WfURg1lmFtF6kcjvgtQB4wy4KM_0sILt9XAjcupH6kQ&code_challenge_method=S256&nonce=TWw5M01ERFpwM1JDTUMucXVlbExSM353dTI5eEI2SUk5ZkNCVE53UERIaVVB HTTP/1.1" 302 0
INFO 2026-02-20 07:06:46,070 log 98576 6169980928 "GET /accounts/login/?next=/o/authorize/%3Fresponse_type%3Dcode%26client_id%3D5kWtcsPK1TeThWvN7gktrTfOsoiVdaY9OMqXEIV0%26state%3DTWw5M01ERFpwM1JDTUMucXVlbExSM353dTI5eEI2SUk5ZkNCVE53UERIaVVB%26redirect_uri%3Dhttp%253A%252F%252Flocalhost%253A4200%26scope%3Dopenid%2520profile%2520email%26code_challenge%3DWfURg1lmFtF6kcjvgtQB4wy4KM_0sILt9XAjcupH6kQ%26code_challenge_method%3DS256%26nonce%3DTWw5M01ERFpwM1JDTUMucXVlbExSM353dTI5eEI2SUk5ZkNCVE53UERIaVVB HTTP/1.1" 200 8717
WARNING 2026-02-20 07:06:46,212 log 98576 6169980928 Not Found: /.well-known/appspecific/com.chrome.devtools.json
WARNING 2026-02-20 07:06:46,236 log 98576 6169980928 "GET /.well-known/appspecific/com.chrome.devtools.json HTTP/1.1" 404 5005
INFO 2026-02-20 07:06:55,770 log 98576 6169980928 "POST /accounts/login/?next=/o/authorize/%3Fresponse_type%3Dcode%26client_id%3D5kWtcsPK1TeThWvN7gktrTfOsoiVdaY9OMqXEIV0%26state%3DTWw5M01ERFpwM1JDTUMucXVlbExSM353dTI5eEI2SUk5ZkNCVE53UERIaVVB%26redirect_uri%3Dhttp%253A%252F%252Flocalhost%253A4200%26scope%3Dopenid%2520profile%2520email%26code_challenge%3DWfURg1lmFtF6kcjvgtQB4wy4KM_0sILt9XAjcupH6kQ%26code_challenge_method%3DS256%26nonce%3DTWw5M01ERFpwM1JDTUMucXVlbExSM353dTI5eEI2SUk5ZkNCVE53UERIaVVB HTTP/1.1" 302 0
INFO 2026-02-20 07:06:55,825 log 98576 6169980928 "GET /o/authorize/?response_type=code&client_id=5kWtcsPK1TeThWvN7gktrTfOsoiVdaY9OMqXEIV0&state=TWw5M01ERFpwM1JDTUMucXVlbExSM353dTI5eEI2SUk5ZkNCVE53UERIaVVB&redirect_uri=http%3A%2F%2Flocalhost%3A4200&scope=openid%20profile%20email&code_challenge=WfURg1lmFtF6kcjvgtQB4wy4KM_0sILt9XAjcupH6kQ&code_challenge_method=S256&nonce=TWw5M01ERFpwM1JDTUMucXVlbExSM353dTI5eEI2SUk5ZkNCVE53UERIaVVB HTTP/1.1" 200 3899
WARNING 2026-02-20 07:06:55,943 log 98576 6169980928 Not Found: /.well-known/appspecific/com.chrome.devtools.json
WARNING 2026-02-20 07:06:55,944 log 98576 6169980928 "GET /.well-known/appspecific/com.chrome.devtools.json HTTP/1.1" 404 5005
INFO 2026-02-20 07:06:57,322 log 98576 6169980928 "POST /o/authorize/?response_type=code&client_id=5kWtcsPK1TeThWvN7gktrTfOsoiVdaY9OMqXEIV0&state=TWw5M01ERFpwM1JDTUMucXVlbExSM353dTI5eEI2SUk5ZkNCVE53UERIaVVB&redirect_uri=http%3A%2F%2Flocalhost%3A4200&scope=openid%20profile%20email&code_challenge=WfURg1lmFtF6kcjvgtQB4wy4KM_0sILt9XAjcupH6kQ&code_challenge_method=S256&nonce=TWw5M01ERFpwM1JDTUMucXVlbExSM353dTI5eEI2SUk5ZkNCVE53UERIaVVB HTTP/1.1" 302 0
INFO 2026-02-20 07:06:57,680 log 98576 6203633664 "GET /o/.well-known/openid-configuration HTTP/1.1" 200 787
INFO 2026-02-20 07:06:57,884 validators 98576 6203633664 Token issued for user 8 via local
INFO 2026-02-20 07:06:57,892 signals 98576 6203633664 Access token created for user 8 via client 5kWtcsPK1TeThWvN7gktrTfOsoiVdaY9OMqXEIV0
INFO 2026-02-20 07:06:57,926 log 98576 6203633664 "POST /o/token/ HTTP/1.1" 200 1455
INFO 2026-02-20 07:06:58,219 log 98576 6220460032 "POST /o/introspect/ HTTP/1.1" 200 179
INFO 2026-02-20 07:06:58,349 log 98576 6237286400 "GET /api/oidc/userinfo/ HTTP/1.1" 200 210
INFO 2026-02-20 07:25:22,794 log 98576 6169980928 "OPTIONS /o/.well-known/openid-configuration HTTP/1.1" 200 0
INFO 2026-02-20 07:25:23,404 log 98576 6169980928 "GET /o/.well-known/openid-configuration HTTP/1.1" 200 787
INFO 2026-02-20 07:25:23,428 log 98576 6169980928 "OPTIONS /o/.well-known/jwks.json HTTP/1.1" 200 0
INFO 2026-02-20 07:25:23,497 log 98576 6169980928 "GET /o/.well-known/jwks.json HTTP/1.1" 200 474
INFO 2026-02-20 07:25:24,028 log 98576 6186807296 "POST /o/introspect/ HTTP/1.1" 200 179
INFO 2026-02-20 07:25:24,152 log 98576 6203633664 "GET /api/oidc/userinfo/ HTTP/1.1" 200 210
ERROR 2026-02-20 10:28:04,899 apps 88104 8562434240 Failed to register custom backends: argument of type 'module' is not iterable
INFO 2026-02-20 10:28:04,899 apps 88104 8562434240 Enabled providers: Google, Facebook
INFO 2026-02-20 10:28:04,899 apps 88104 8562434240 ✅ Social authentication app initialized successfully
ERROR 2026-02-20 10:28:05,306 apps 88113 8562434240 Failed to register custom backends: argument of type 'module' is not iterable
INFO 2026-02-20 10:28:05,306 apps 88113 8562434240 Enabled providers: Google, Facebook
INFO 2026-02-20 10:28:05,306 apps 88113 8562434240 ✅ Social authentication app initialized successfully
INFO 2026-02-20 10:28:05,311 autoreload 88113 8562434240 Watching for file changes with StatReloader
INFO 2026-02-20 10:28:10,046 log 88113 6199357440 "OPTIONS /o/.well-known/openid-configuration HTTP/1.1" 200 0
INFO 2026-02-20 10:28:10,756 log 88113 6199357440 "GET /o/.well-known/openid-configuration HTTP/1.1" 200 787
INFO 2026-02-20 10:28:10,761 log 88113 6199357440 "OPTIONS /o/.well-known/jwks.json HTTP/1.1" 200 0
INFO 2026-02-20 10:28:10,902 log 88113 6199357440 "GET /o/.well-known/jwks.json HTTP/1.1" 200 474
INFO 2026-02-20 10:28:11,511 log 88113 6216183808 "POST /o/introspect/ HTTP/1.1" 200 17
INFO 2026-02-20 10:28:12,970 log 88113 6216183808 "GET /o/authorize/?response_type=code&client_id=5kWtcsPK1TeThWvN7gktrTfOsoiVdaY9OMqXEIV0&state=V1NBVE1JVGM4a0hqWnZZenZTZHhXUmxYV1kzeDJneXpyN1oyMVhzQ3RJSTUw&redirect_uri=http%3A%2F%2Flocalhost%3A4200&scope=openid%20profile%20email&code_challenge=4coOVPKjJznaKk_XRAQe7jI0L3vki9E50KQZYekA31g&code_challenge_method=S256&nonce=V1NBVE1JVGM4a0hqWnZZenZTZHhXUmxYV1kzeDJneXpyN1oyMVhzQ3RJSTUw HTTP/1.1" 200 3899
WARNING 2026-02-20 10:28:13,070 log 88113 6216183808 Not Found: /.well-known/appspecific/com.chrome.devtools.json
WARNING 2026-02-20 10:28:13,070 log 88113 6216183808 "GET /.well-known/appspecific/com.chrome.devtools.json HTTP/1.1" 404 5005
INFO 2026-02-20 10:28:15,631 log 88113 6216183808 "POST /o/authorize/?response_type=code&client_id=5kWtcsPK1TeThWvN7gktrTfOsoiVdaY9OMqXEIV0&state=V1NBVE1JVGM4a0hqWnZZenZTZHhXUmxYV1kzeDJneXpyN1oyMVhzQ3RJSTUw&redirect_uri=http%3A%2F%2Flocalhost%3A4200&scope=openid%20profile%20email&code_challenge=4coOVPKjJznaKk_XRAQe7jI0L3vki9E50KQZYekA31g&code_challenge_method=S256&nonce=V1NBVE1JVGM4a0hqWnZZenZTZHhXUmxYV1kzeDJneXpyN1oyMVhzQ3RJSTUw HTTP/1.1" 302 0
INFO 2026-02-20 10:28:15,935 log 88113 6199357440 "GET /o/.well-known/openid-configuration HTTP/1.1" 200 787
INFO 2026-02-20 10:28:15,989 log 88113 6199357440 "OPTIONS /o/token/ HTTP/1.1" 200 0
INFO 2026-02-20 10:28:16,299 validators 88113 6199357440 Token issued for user 8 via local
INFO 2026-02-20 10:28:16,331 signals 88113 6199357440 Access token created for user 8 via client 5kWtcsPK1TeThWvN7gktrTfOsoiVdaY9OMqXEIV0
INFO 2026-02-20 10:28:16,379 log 88113 6199357440 "POST /o/token/ HTTP/1.1" 200 1455
INFO 2026-02-20 10:28:16,538 log 88113 6249836544 "POST /o/introspect/ HTTP/1.1" 200 179
INFO 2026-02-20 10:28:16,680 log 88113 6266662912 "GET /api/oidc/userinfo/ HTTP/1.1" 200 210
INFO 2026-02-20 10:28:20,488 log 88113 6249836544 "POST /o/introspect/ HTTP/1.1" 200 179
INFO 2026-02-20 10:28:20,496 log 88113 6266662912 "POST /o/introspect/ HTTP/1.1" 200 179
INFO 2026-02-20 10:28:20,532 log 88113 6300315648 "GET /api/oidc/userinfo/ HTTP/1.1" 200 210
INFO 2026-02-20 10:28:20,535 log 88113 6283489280 "GET /api/oidc/userinfo/ HTTP/1.1" 200 210
INFO 2026-02-20 10:49:40,976 log 88113 6198784000 "GET /o/authorize/?response_type=code&client_id=5kWtcsPK1TeThWvN7gktrTfOsoiVdaY9OMqXEIV0&state=VWxWNU5pWVMyVXlwc3phVFhyTEFuN1NnOUptUnl4S0JxUlpGNnBDRFpPQk9m&redirect_uri=http%3A%2F%2Flocalhost%3A4200&scope=openid%20profile%20email&code_challenge=5m_M2B-60nqctlEKAQ-EaZw1LcUpmul9Ll6xFpSRCMU&code_challenge_method=S256&nonce=VWxWNU5pWVMyVXlwc3phVFhyTEFuN1NnOUptUnl4S0JxUlpGNnBDRFpPQk9m HTTP/1.1" 302 0
INFO 2026-02-20 10:49:41,035 log 88113 6198784000 "GET /accounts/login/?next=/o/authorize/%3Fresponse_type%3Dcode%26client_id%3D5kWtcsPK1TeThWvN7gktrTfOsoiVdaY9OMqXEIV0%26state%3DVWxWNU5pWVMyVXlwc3phVFhyTEFuN1NnOUptUnl4S0JxUlpGNnBDRFpPQk9m%26redirect_uri%3Dhttp%253A%252F%252Flocalhost%253A4200%26scope%3Dopenid%2520profile%2520email%26code_challenge%3D5m_M2B-60nqctlEKAQ-EaZw1LcUpmul9Ll6xFpSRCMU%26code_challenge_method%3DS256%26nonce%3DVWxWNU5pWVMyVXlwc3phVFhyTEFuN1NnOUptUnl4S0JxUlpGNnBDRFpPQk9m HTTP/1.1" 200 8717
WARNING 2026-02-20 10:49:41,211 log 88113 6198784000 Not Found: /.well-known/appspecific/com.chrome.devtools.json
WARNING 2026-02-20 10:49:41,212 log 88113 6198784000 "GET /.well-known/appspecific/com.chrome.devtools.json HTTP/1.1" 404 5005
INFO 2026-02-20 10:49:45,413 log 88113 6232436736 "GET /o/.well-known/openid-configuration HTTP/1.1" 200 787
INFO 2026-02-20 10:49:45,518 log 88113 6232436736 "GET /o/.well-known/jwks.json HTTP/1.1" 200 474
INFO 2026-02-20 10:54:55,215 log 88113 6198784000 "GET /o/.well-known/openid-configuration HTTP/1.1" 200 787
INFO 2026-02-20 10:55:03,822 log 88113 6215610368 "GET /o/authorize/?response_type=code&client_id=5kWtcsPK1TeThWvN7gktrTfOsoiVdaY9OMqXEIV0&state=d2tlOGR4NGl-cmpUTDlmb29YdkZucUo0RGZsSWpLVFpIMkp6RjJKeTBoRVRf&redirect_uri=http%3A%2F%2Flocalhost%3A4200&scope=openid%20profile%20email&code_challenge=m6TB3IKgg_K9ZBaDP9RRuenQCEZ2duBuT6jrkGq9vao&code_challenge_method=S256&nonce=d2tlOGR4NGl-cmpUTDlmb29YdkZucUo0RGZsSWpLVFpIMkp6RjJKeTBoRVRf HTTP/1.1" 302 0
INFO 2026-02-20 10:55:03,862 log 88113 6215610368 "GET /accounts/login/?next=/o/authorize/%3Fresponse_type%3Dcode%26client_id%3D5kWtcsPK1TeThWvN7gktrTfOsoiVdaY9OMqXEIV0%26state%3Dd2tlOGR4NGl-cmpUTDlmb29YdkZucUo0RGZsSWpLVFpIMkp6RjJKeTBoRVRf%26redirect_uri%3Dhttp%253A%252F%252Flocalhost%253A4200%26scope%3Dopenid%2520profile%2520email%26code_challenge%3Dm6TB3IKgg_K9ZBaDP9RRuenQCEZ2duBuT6jrkGq9vao%26code_challenge_method%3DS256%26nonce%3Dd2tlOGR4NGl-cmpUTDlmb29YdkZucUo0RGZsSWpLVFpIMkp6RjJKeTBoRVRf HTTP/1.1" 200 8717
WARNING 2026-02-20 10:55:03,947 log 88113 6215610368 Not Found: /.well-known/appspecific/com.chrome.devtools.json
WARNING 2026-02-20 10:55:03,948 log 88113 6215610368 "GET /.well-known/appspecific/com.chrome.devtools.json HTTP/1.1" 404 5005
INFO 2026-02-20 10:55:16,066 log 88113 6215610368 "POST /accounts/login/?next=/o/authorize/%3Fresponse_type%3Dcode%26client_id%3D5kWtcsPK1TeThWvN7gktrTfOsoiVdaY9OMqXEIV0%26state%3Dd2tlOGR4NGl-cmpUTDlmb29YdkZucUo0RGZsSWpLVFpIMkp6RjJKeTBoRVRf%26redirect_uri%3Dhttp%253A%252F%252Flocalhost%253A4200%26scope%3Dopenid%2520profile%2520email%26code_challenge%3Dm6TB3IKgg_K9ZBaDP9RRuenQCEZ2duBuT6jrkGq9vao%26code_challenge_method%3DS256%26nonce%3Dd2tlOGR4NGl-cmpUTDlmb29YdkZucUo0RGZsSWpLVFpIMkp6RjJKeTBoRVRf HTTP/1.1" 302 0
INFO 2026-02-20 10:55:16,118 log 88113 6215610368 "GET /o/authorize/?response_type=code&client_id=5kWtcsPK1TeThWvN7gktrTfOsoiVdaY9OMqXEIV0&state=d2tlOGR4NGl-cmpUTDlmb29YdkZucUo0RGZsSWpLVFpIMkp6RjJKeTBoRVRf&redirect_uri=http%3A%2F%2Flocalhost%3A4200&scope=openid%20profile%20email&code_challenge=m6TB3IKgg_K9ZBaDP9RRuenQCEZ2duBuT6jrkGq9vao&code_challenge_method=S256&nonce=d2tlOGR4NGl-cmpUTDlmb29YdkZucUo0RGZsSWpLVFpIMkp6RjJKeTBoRVRf HTTP/1.1" 200 3899
WARNING 2026-02-20 10:55:16,195 log 88113 6215610368 Not Found: /.well-known/appspecific/com.chrome.devtools.json
WARNING 2026-02-20 10:55:16,196 log 88113 6215610368 "GET /.well-known/appspecific/com.chrome.devtools.json HTTP/1.1" 404 5005
INFO 2026-02-20 10:55:18,115 log 88113 6215610368 "POST /o/authorize/?response_type=code&client_id=5kWtcsPK1TeThWvN7gktrTfOsoiVdaY9OMqXEIV0&state=d2tlOGR4NGl-cmpUTDlmb29YdkZucUo0RGZsSWpLVFpIMkp6RjJKeTBoRVRf&redirect_uri=http%3A%2F%2Flocalhost%3A4200&scope=openid%20profile%20email&code_challenge=m6TB3IKgg_K9ZBaDP9RRuenQCEZ2duBuT6jrkGq9vao&code_challenge_method=S256&nonce=d2tlOGR4NGl-cmpUTDlmb29YdkZucUo0RGZsSWpLVFpIMkp6RjJKeTBoRVRf HTTP/1.1" 302 0
INFO 2026-02-20 10:55:18,416 log 88113 6198784000 "GET /o/.well-known/openid-configuration HTTP/1.1" 200 787
INFO 2026-02-20 10:55:18,735 validators 88113 6198784000 Token issued for user 8 via local
INFO 2026-02-20 10:55:18,760 signals 88113 6198784000 Access token created for user 8 via client 5kWtcsPK1TeThWvN7gktrTfOsoiVdaY9OMqXEIV0
INFO 2026-02-20 10:55:18,823 log 88113 6198784000 "POST /o/token/ HTTP/1.1" 200 1455
INFO 2026-02-20 10:55:19,106 log 88113 6249263104 "POST /o/introspect/ HTTP/1.1" 200 179
INFO 2026-02-20 10:55:19,177 log 88113 6266089472 "GET /api/oidc/userinfo/ HTTP/1.1" 200 210
INFO 2026-02-20 10:55:54,718 log 88113 6215610368 "GET /o/authorize/?response_type=code&client_id=5kWtcsPK1TeThWvN7gktrTfOsoiVdaY9OMqXEIV0&state=ZndzMTZNeEl1dGc5UjVzZn5lcTR5YVJDbFV5SlJwNC56dlRCWm1HZk9-d2l2&redirect_uri=http%3A%2F%2Flocalhost%3A4200&scope=openid%20profile%20email&code_challenge=U_LTO8sRdslbD0aSgYk8Dbib6dyZ3FA72oEYE33aKlc&code_challenge_method=S256&nonce=ZndzMTZNeEl1dGc5UjVzZn5lcTR5YVJDbFV5SlJwNC56dlRCWm1HZk9-d2l2 HTTP/1.1" 200 3899
WARNING 2026-02-20 10:55:54,788 log 88113 6215610368 Not Found: /.well-known/appspecific/com.chrome.devtools.json
WARNING 2026-02-20 10:55:54,788 log 88113 6215610368 "GET /.well-known/appspecific/com.chrome.devtools.json HTTP/1.1" 404 5005
INFO 2026-02-20 10:55:57,572 log 88113 6215610368 "POST /o/authorize/?response_type=code&client_id=5kWtcsPK1TeThWvN7gktrTfOsoiVdaY9OMqXEIV0&state=ZndzMTZNeEl1dGc5UjVzZn5lcTR5YVJDbFV5SlJwNC56dlRCWm1HZk9-d2l2&redirect_uri=http%3A%2F%2Flocalhost%3A4200&scope=openid%20profile%20email&code_challenge=U_LTO8sRdslbD0aSgYk8Dbib6dyZ3FA72oEYE33aKlc&code_challenge_method=S256&nonce=ZndzMTZNeEl1dGc5UjVzZn5lcTR5YVJDbFV5SlJwNC56dlRCWm1HZk9-d2l2 HTTP/1.1" 302 0
INFO 2026-02-20 10:55:57,827 log 88113 6198784000 "GET /o/.well-known/openid-configuration HTTP/1.1" 200 787
INFO 2026-02-20 10:55:57,884 log 88113 6198784000 "GET /o/.well-known/jwks.json HTTP/1.1" 200 474
INFO 2026-02-20 10:55:58,012 validators 88113 6198784000 Token issued for user 8 via local
INFO 2026-02-20 10:55:58,018 signals 88113 6198784000 Access token created for user 8 via client 5kWtcsPK1TeThWvN7gktrTfOsoiVdaY9OMqXEIV0
INFO 2026-02-20 10:55:58,059 log 88113 6198784000 "POST /o/token/ HTTP/1.1" 200 1455
INFO 2026-02-20 10:55:58,307 log 88113 6249263104 "POST /o/introspect/ HTTP/1.1" 200 179
INFO 2026-02-20 10:55:58,352 log 88113 6266089472 "GET /api/oidc/userinfo/ HTTP/1.1" 200 210
INFO 2026-02-20 10:57:14,315 log 88113 6249263104 "POST /o/introspect/ HTTP/1.1" 200 179
INFO 2026-02-20 10:57:14,315 log 88113 6232436736 "POST /o/introspect/ HTTP/1.1" 200 179
INFO 2026-02-20 10:57:14,362 log 88113 6283489280 "GET /api/oidc/userinfo/ HTTP/1.1" 200 210
INFO 2026-02-20 10:57:14,362 log 88113 6266662912 "GET /api/oidc/userinfo/ HTTP/1.1" 200 210
INFO 2026-02-20 11:34:28,906 log 88113 6198210560 "GET /o/.well-known/openid-configuration HTTP/1.1" 200 787
INFO 2026-02-20 11:34:29,044 log 88113 6198210560 "GET /o/.well-known/jwks.json HTTP/1.1" 200 474
INFO 2026-02-20 11:34:29,289 log 88113 6215036928 "POST /o/introspect/ HTTP/1.1" 200 179
INFO 2026-02-20 11:34:29,291 log 88113 6231863296 "POST /o/introspect/ HTTP/1.1" 200 179
INFO 2026-02-20 11:34:29,383 log 88113 6266662912 "GET /api/oidc/userinfo/ HTTP/1.1" 200 210
INFO 2026-02-20 11:34:29,383 log 88113 6248689664 "GET /api/oidc/userinfo/ HTTP/1.1" 200 210
INFO 2026-02-21 05:10:19,722 log 88113 6198210560 "GET /o/.well-known/openid-configuration HTTP/1.1" 200 787
INFO 2026-02-21 05:10:19,771 log 88113 6198210560 "GET /o/.well-known/jwks.json HTTP/1.1" 200 474
INFO 2026-02-21 05:10:20,005 log 88113 6215036928 "POST /o/introspect/ HTTP/1.1" 200 17
INFO 2026-02-21 05:10:20,006 log 88113 6231863296 "POST /o/introspect/ HTTP/1.1" 200 17
INFO 2026-02-21 05:30:27,191 autoreload 88113 8562434240 /Users/dhrubajyotiborah/Documents/Projects/hcs_sso_with_oidc/apps/oidc/validators.py changed, reloading.
ERROR 2026-02-21 05:30:28,630 apps 31394 8562434240 Failed to register custom backends: argument of type 'module' is not iterable
INFO 2026-02-21 05:30:28,630 apps 31394 8562434240 Enabled providers: Google, Facebook
INFO 2026-02-21 05:30:28,630 apps 31394 8562434240 ✅ Social authentication app initialized successfully
INFO 2026-02-21 05:30:28,639 autoreload 31394 8562434240 Watching for file changes with StatReloader
INFO 2026-02-21 05:32:27,703 log 31394 6132690944 "GET /o/authorize/?response_type=code&client_id=5kWtcsPK1TeThWvN7gktrTfOsoiVdaY9OMqXEIV0&state=fnZWcXRUalQ2TUFjLlRPdW5KYkMxc1cyaTVWVndpMkN-SXZaQVZrTWRYRTEy&redirect_uri=http%3A%2F%2Flocalhost%3A4200&scope=openid%20profile%20email&code_challenge=dcOUvWeAMYglc42L3omKFuH_ZT-xTqTqxW1IxMwN1PM&code_challenge_method=S256&nonce=fnZWcXRUalQ2TUFjLlRPdW5KYkMxc1cyaTVWVndpMkN-SXZaQVZrTWRYRTEy HTTP/1.1" 302 0
INFO 2026-02-21 05:32:27,761 log 31394 6132690944 "GET /accounts/login/?next=/o/authorize/%3Fresponse_type%3Dcode%26client_id%3D5kWtcsPK1TeThWvN7gktrTfOsoiVdaY9OMqXEIV0%26state%3DfnZWcXRUalQ2TUFjLlRPdW5KYkMxc1cyaTVWVndpMkN-SXZaQVZrTWRYRTEy%26redirect_uri%3Dhttp%253A%252F%252Flocalhost%253A4200%26scope%3Dopenid%2520profile%2520email%26code_challenge%3DdcOUvWeAMYglc42L3omKFuH_ZT-xTqTqxW1IxMwN1PM%26code_challenge_method%3DS256%26nonce%3DfnZWcXRUalQ2TUFjLlRPdW5KYkMxc1cyaTVWVndpMkN-SXZaQVZrTWRYRTEy HTTP/1.1" 200 8717
WARNING 2026-02-21 05:32:28,070 log 31394 6132690944 Not Found: /.well-known/appspecific/com.chrome.devtools.json
WARNING 2026-02-21 05:32:28,072 log 31394 6132690944 "GET /.well-known/appspecific/com.chrome.devtools.json HTTP/1.1" 404 5005
INFO 2026-02-21 05:32:42,752 log 31394 6132690944 "POST /accounts/login/?next=/o/authorize/%3Fresponse_type%3Dcode%26client_id%3D5kWtcsPK1TeThWvN7gktrTfOsoiVdaY9OMqXEIV0%26state%3DfnZWcXRUalQ2TUFjLlRPdW5KYkMxc1cyaTVWVndpMkN-SXZaQVZrTWRYRTEy%26redirect_uri%3Dhttp%253A%252F%252Flocalhost%253A4200%26scope%3Dopenid%2520profile%2520email%26code_challenge%3DdcOUvWeAMYglc42L3omKFuH_ZT-xTqTqxW1IxMwN1PM%26code_challenge_method%3DS256%26nonce%3DfnZWcXRUalQ2TUFjLlRPdW5KYkMxc1cyaTVWVndpMkN-SXZaQVZrTWRYRTEy HTTP/1.1" 302 0
INFO 2026-02-21 05:32:42,828 log 31394 6132690944 "GET /o/authorize/?response_type=code&client_id=5kWtcsPK1TeThWvN7gktrTfOsoiVdaY9OMqXEIV0&state=fnZWcXRUalQ2TUFjLlRPdW5KYkMxc1cyaTVWVndpMkN-SXZaQVZrTWRYRTEy&redirect_uri=http%3A%2F%2Flocalhost%3A4200&scope=openid%20profile%20email&code_challenge=dcOUvWeAMYglc42L3omKFuH_ZT-xTqTqxW1IxMwN1PM&code_challenge_method=S256&nonce=fnZWcXRUalQ2TUFjLlRPdW5KYkMxc1cyaTVWVndpMkN-SXZaQVZrTWRYRTEy HTTP/1.1" 200 3899
WARNING 2026-02-21 05:32:42,907 log 31394 6132690944 Not Found: /.well-known/appspecific/com.chrome.devtools.json
WARNING 2026-02-21 05:32:42,908 log 31394 6132690944 "GET /.well-known/appspecific/com.chrome.devtools.json HTTP/1.1" 404 5005
INFO 2026-02-21 05:32:44,200 log 31394 6132690944 "POST /o/authorize/?response_type=code&client_id=5kWtcsPK1TeThWvN7gktrTfOsoiVdaY9OMqXEIV0&state=fnZWcXRUalQ2TUFjLlRPdW5KYkMxc1cyaTVWVndpMkN-SXZaQVZrTWRYRTEy&redirect_uri=http%3A%2F%2Flocalhost%3A4200&scope=openid%20profile%20email&code_challenge=dcOUvWeAMYglc42L3omKFuH_ZT-xTqTqxW1IxMwN1PM&code_challenge_method=S256&nonce=fnZWcXRUalQ2TUFjLlRPdW5KYkMxc1cyaTVWVndpMkN-SXZaQVZrTWRYRTEy HTTP/1.1" 302 0
INFO 2026-02-21 05:32:44,480 log 31394 6166343680 "GET /o/.well-known/openid-configuration HTTP/1.1" 200 787
INFO 2026-02-21 05:32:44,713 log 31394 6166343680 "GET /o/.well-known/jwks.json HTTP/1.1" 200 474
INFO 2026-02-21 05:32:44,853 validators 31394 6166343680 Token issued for user 8 via local
INFO 2026-02-21 05:32:44,860 signals 31394 6166343680 Access token created for user 8 via client 5kWtcsPK1TeThWvN7gktrTfOsoiVdaY9OMqXEIV0
INFO 2026-02-21 05:32:44,907 log 31394 6166343680 "POST /o/token/ HTTP/1.1" 200 1455
INFO 2026-02-21 05:32:45,285 log 31394 6183170048 "POST /o/introspect/ HTTP/1.1" 200 179
INFO 2026-02-21 05:32:45,347 log 31394 6199996416 "GET /api/oidc/userinfo/ HTTP/1.1" 200 210
INFO 2026-02-21 05:36:44,595 autoreload 31394 8562434240 /Users/dhrubajyotiborah/Documents/Projects/hcs_sso_with_oidc/apps/oidc/validators.py changed, reloading.
ERROR 2026-02-21 05:36:45,374 apps 34050 8562434240 Failed to register custom backends: argument of type 'module' is not iterable
INFO 2026-02-21 05:36:45,374 apps 34050 8562434240 Enabled providers: Google, Facebook
INFO 2026-02-21 05:36:45,374 apps 34050 8562434240 ✅ Social authentication app initialized successfully
INFO 2026-02-21 05:36:45,383 autoreload 34050 8562434240 Watching for file changes with StatReloader
INFO 2026-02-21 05:37:37,860 log 34050 6213644288 "POST /o/introspect/ HTTP/1.1" 200 179
INFO 2026-02-21 05:37:37,860 log 34050 6196817920 "POST /o/introspect/ HTTP/1.1" 200 179
INFO 2026-02-21 05:37:37,927 log 34050 6231044096 "GET /api/oidc/userinfo/ HTTP/1.1" 200 210
INFO 2026-02-21 05:37:37,928 log 34050 6247870464 "GET /api/oidc/userinfo/ HTTP/1.1" 200 210
INFO 2026-02-21 05:38:07,667 autoreload 34050 8562434240 /Users/dhrubajyotiborah/Documents/Projects/hcs_sso_with_oidc/venv/lib/python3.12/site-packages/oauth2_provider/oauth2_validators.py changed, reloading.
ERROR 2026-02-21 05:38:08,430 apps 34687 8562434240 Failed to register custom backends: argument of type 'module' is not iterable
INFO 2026-02-21 05:38:08,430 apps 34687 8562434240 Enabled providers: Google, Facebook
INFO 2026-02-21 05:38:08,430 apps 34687 8562434240 ✅ Social authentication app initialized successfully
INFO 2026-02-21 05:38:08,438 autoreload 34687 8562434240 Watching for file changes with StatReloader
INFO 2026-02-21 05:38:11,585 log 34687 6172028928 "POST /o/introspect/ HTTP/1.1" 200 179
INFO 2026-02-21 05:38:11,653 log 34687 6188855296 "GET /api/oidc/userinfo/ HTTP/1.1" 200 210
INFO 2026-02-21 05:38:14,274 log 34687 6171455488 "POST /o/introspect/ HTTP/1.1" 200 179
INFO 2026-02-21 05:38:14,277 log 34687 6188281856 "POST /o/introspect/ HTTP/1.1" 200 179
INFO 2026-02-21 05:38:14,314 log 34687 6205108224 "GET /api/oidc/userinfo/ HTTP/1.1" 200 210
INFO 2026-02-21 05:38:14,315 log 34687 6221934592 "GET /api/oidc/userinfo/ HTTP/1.1" 200 210
INFO 2026-02-21 05:38:41,475 log 34687 6171455488 "GET /o/authorize/?response_type=code&client_id=5kWtcsPK1TeThWvN7gktrTfOsoiVdaY9OMqXEIV0&state=V3dfTmhmaEo1VWRiODViLnhhZWV4TjJKZXRQX25ZTVkuNnljc1JGd3lGcG9V&redirect_uri=http%3A%2F%2Flocalhost%3A4200&scope=openid%20profile%20email&code_challenge=vHGezWGq_70mDPcWsfO5eB9MfeQp8xa7X6SsZlxB3x4&code_challenge_method=S256&nonce=V3dfTmhmaEo1VWRiODViLnhhZWV4TjJKZXRQX25ZTVkuNnljc1JGd3lGcG9V HTTP/1.1" 200 3899
WARNING 2026-02-21 05:38:41,566 log 34687 6171455488 Not Found: /.well-known/appspecific/com.chrome.devtools.json
WARNING 2026-02-21 05:38:41,567 log 34687 6171455488 "GET /.well-known/appspecific/com.chrome.devtools.json HTTP/1.1" 404 5005
INFO 2026-02-21 05:38:44,120 log 34687 6171455488 "POST /o/authorize/?response_type=code&client_id=5kWtcsPK1TeThWvN7gktrTfOsoiVdaY9OMqXEIV0&state=V3dfTmhmaEo1VWRiODViLnhhZWV4TjJKZXRQX25ZTVkuNnljc1JGd3lGcG9V&redirect_uri=http%3A%2F%2Flocalhost%3A4200&scope=openid%20profile%20email&code_challenge=vHGezWGq_70mDPcWsfO5eB9MfeQp8xa7X6SsZlxB3x4&code_challenge_method=S256&nonce=V3dfTmhmaEo1VWRiODViLnhhZWV4TjJKZXRQX25ZTVkuNnljc1JGd3lGcG9V HTTP/1.1" 302 0
INFO 2026-02-21 05:38:44,381 log 34687 6205108224 "GET /o/.well-known/openid-configuration HTTP/1.1" 200 787
INFO 2026-02-21 05:38:44,626 log 34687 6205108224 "GET /o/.well-known/jwks.json HTTP/1.1" 200 474
INFO 2026-02-21 05:38:44,753 validators 34687 6205108224 Token issued for user 8 via local
INFO 2026-02-21 05:38:44,763 signals 34687 6205108224 Access token created for user 8 via client 5kWtcsPK1TeThWvN7gktrTfOsoiVdaY9OMqXEIV0
INFO 2026-02-21 05:38:44,811 log 34687 6205108224 "POST /o/token/ HTTP/1.1" 200 1455
INFO 2026-02-21 05:38:45,018 log 34687 6221934592 "POST /o/introspect/ HTTP/1.1" 200 179
INFO 2026-02-21 05:38:45,147 log 34687 6238760960 "GET /api/oidc/userinfo/ HTTP/1.1" 200 210
INFO 2026-02-21 05:40:49,389 autoreload 34687 8562434240 /Users/dhrubajyotiborah/Documents/Projects/hcs_sso_with_oidc/apps/oidc/validators.py changed, reloading.
ERROR 2026-02-21 05:40:50,089 apps 35852 8562434240 Failed to register custom backends: argument of type 'module' is not iterable
INFO 2026-02-21 05:40:50,089 apps 35852 8562434240 Enabled providers: Google, Facebook
INFO 2026-02-21 05:40:50,089 apps 35852 8562434240 ✅ Social authentication app initialized successfully
INFO 2026-02-21 05:40:50,104 autoreload 35852 8562434240 Watching for file changes with StatReloader
INFO 2026-02-21 05:40:55,896 log 35852 6198390784 "GET /o/authorize/?response_type=code&client_id=5kWtcsPK1TeThWvN7gktrTfOsoiVdaY9OMqXEIV0&state=Rkd0R1p5Tm5yWHBwdkhWeHYzVXJjay5TSX5XLm9VajBWSzAxT2NrUHg2VXZ5&redirect_uri=http%3A%2F%2Flocalhost%3A4200&scope=openid%20profile%20email&code_challenge=ZXqch4p1eW1Yd_KLtkyO4g18yKQQb3wYpDH5RTB-KzA&code_challenge_method=S256&nonce=Rkd0R1p5Tm5yWHBwdkhWeHYzVXJjay5TSX5XLm9VajBWSzAxT2NrUHg2VXZ5 HTTP/1.1" 200 3899
WARNING 2026-02-21 05:40:55,980 log 35852 6198390784 Not Found: /.well-known/appspecific/com.chrome.devtools.json
WARNING 2026-02-21 05:40:55,980 log 35852 6198390784 "GET /.well-known/appspecific/com.chrome.devtools.json HTTP/1.1" 404 5005
INFO 2026-02-21 05:40:57,383 log 35852 6198390784 "POST /o/authorize/?response_type=code&client_id=5kWtcsPK1TeThWvN7gktrTfOsoiVdaY9OMqXEIV0&state=Rkd0R1p5Tm5yWHBwdkhWeHYzVXJjay5TSX5XLm9VajBWSzAxT2NrUHg2VXZ5&redirect_uri=http%3A%2F%2Flocalhost%3A4200&scope=openid%20profile%20email&code_challenge=ZXqch4p1eW1Yd_KLtkyO4g18yKQQb3wYpDH5RTB-KzA&code_challenge_method=S256&nonce=Rkd0R1p5Tm5yWHBwdkhWeHYzVXJjay5TSX5XLm9VajBWSzAxT2NrUHg2VXZ5 HTTP/1.1" 302 0
INFO 2026-02-21 05:40:57,679 log 35852 6232043520 "GET /o/.well-known/openid-configuration HTTP/1.1" 200 787
INFO 2026-02-21 05:40:57,896 log 35852 6232043520 "GET /o/.well-known/jwks.json HTTP/1.1" 200 474
INFO 2026-02-21 05:40:58,033 validators 35852 6232043520 Token issued for user 8 via local
INFO 2026-02-21 05:40:58,041 signals 35852 6232043520 Access token created for user 8 via client 5kWtcsPK1TeThWvN7gktrTfOsoiVdaY9OMqXEIV0
INFO 2026-02-21 05:40:58,081 log 35852 6232043520 "POST /o/token/ HTTP/1.1" 200 1455
INFO 2026-02-21 05:40:58,314 log 35852 6248869888 "POST /o/introspect/ HTTP/1.1" 200 179
INFO 2026-02-21 05:40:58,405 log 35852 6265696256 "GET /api/oidc/userinfo/ HTTP/1.1" 200 210
INFO 2026-02-21 05:45:23,486 autoreload 35852 8562434240 /Users/dhrubajyotiborah/Documents/Projects/hcs_sso_with_oidc/apps/oidc/validators.py changed, reloading.
ERROR 2026-02-21 05:45:24,217 apps 37753 8562434240 Failed to register custom backends: argument of type 'module' is not iterable
INFO 2026-02-21 05:45:24,217 apps 37753 8562434240 Enabled providers: Google, Facebook
INFO 2026-02-21 05:45:24,217 apps 37753 8562434240 ✅ Social authentication app initialized successfully
INFO 2026-02-21 05:45:24,226 autoreload 37753 8562434240 Watching for file changes with StatReloader
INFO 2026-02-21 06:12:29,783 log 37753 6133329920 "GET /o/authorize/?response_type=code&client_id=5kWtcsPK1TeThWvN7gktrTfOsoiVdaY9OMqXEIV0&state=UFllUnlTaFcwOWttNkJFMksuYUpwZ3dGck1GNEpFS0twUWZtTWVvRU5OYWRO&redirect_uri=http%3A%2F%2Flocalhost%3A4200&scope=openid%20profile%20email&code_challenge=YWRTr2ZpES1UwHb-jNg2jRanq8IRX6slsIXKkJ9oWfM&code_challenge_method=S256&nonce=UFllUnlTaFcwOWttNkJFMksuYUpwZ3dGck1GNEpFS0twUWZtTWVvRU5OYWRO HTTP/1.1" 200 3899
WARNING 2026-02-21 06:12:29,925 log 37753 6133329920 Not Found: /.well-known/appspecific/com.chrome.devtools.json
WARNING 2026-02-21 06:12:29,925 log 37753 6133329920 "GET /.well-known/appspecific/com.chrome.devtools.json HTTP/1.1" 404 5005
INFO 2026-02-21 06:12:32,621 log 37753 6133329920 "POST /o/authorize/?response_type=code&client_id=5kWtcsPK1TeThWvN7gktrTfOsoiVdaY9OMqXEIV0&state=UFllUnlTaFcwOWttNkJFMksuYUpwZ3dGck1GNEpFS0twUWZtTWVvRU5OYWRO&redirect_uri=http%3A%2F%2Flocalhost%3A4200&scope=openid%20profile%20email&code_challenge=YWRTr2ZpES1UwHb-jNg2jRanq8IRX6slsIXKkJ9oWfM&code_challenge_method=S256&nonce=UFllUnlTaFcwOWttNkJFMksuYUpwZ3dGck1GNEpFS0twUWZtTWVvRU5OYWRO HTTP/1.1" 302 0
INFO 2026-02-21 06:12:32,837 log 37753 6166982656 "OPTIONS /o/.well-known/openid-configuration HTTP/1.1" 200 0
INFO 2026-02-21 06:12:32,987 log 37753 6166982656 "GET /o/.well-known/openid-configuration HTTP/1.1" 200 787
INFO 2026-02-21 06:12:32,997 log 37753 6166982656 "OPTIONS /o/.well-known/jwks.json HTTP/1.1" 200 0
INFO 2026-02-21 06:12:33,179 log 37753 6166982656 "GET /o/.well-known/jwks.json HTTP/1.1" 200 474
INFO 2026-02-21 06:12:33,185 log 37753 6166982656 "OPTIONS /o/token/ HTTP/1.1" 200 0
INFO 2026-02-21 06:12:33,332 validators 37753 6166982656 Token issued for user 8 via local
INFO 2026-02-21 06:12:33,342 signals 37753 6166982656 Access token created for user 8 via client 5kWtcsPK1TeThWvN7gktrTfOsoiVdaY9OMqXEIV0
INFO 2026-02-21 06:12:33,385 log 37753 6166982656 "POST /o/token/ HTTP/1.1" 200 1455
INFO 2026-02-21 06:12:33,757 log 37753 6325039104 "POST /o/introspect/ HTTP/1.1" 200 179
INFO 2026-02-21 06:12:33,847 log 37753 6341865472 "GET /api/oidc/userinfo/ HTTP/1.1" 200 210
INFO 2026-02-21 06:32:18,304 autoreload 37753 8562434240 /Users/dhrubajyotiborah/Documents/Projects/hcs_sso_with_oidc/apps/oidc/validators.py changed, reloading.
ERROR 2026-02-21 06:32:19,272 apps 57210 8562434240 Failed to register custom backends: argument of type 'module' is not iterable
INFO 2026-02-21 06:32:19,272 apps 57210 8562434240 Enabled providers: Google, Facebook
INFO 2026-02-21 06:32:19,272 apps 57210 8562434240 ✅ Social authentication app initialized successfully
INFO 2026-02-21 06:32:19,282 autoreload 57210 8562434240 Watching for file changes with StatReloader
INFO 2026-02-21 06:36:24,588 log 57210 6135181312 "GET /o/authorize/?response_type=code&client_id=5kWtcsPK1TeThWvN7gktrTfOsoiVdaY9OMqXEIV0&state=b09pTHJGTmFtS0FRR2FhZzJDRGc2T3Z3VUtZdjFndWk4WnNlTktHci0ybk5j&redirect_uri=http%3A%2F%2Flocalhost%3A4200&scope=openid%20profile%20email&code_challenge=uin_MEgzJh41kv1ABMi0l3XwE7feZbsGZfKyieMfw54&code_challenge_method=S256&nonce=b09pTHJGTmFtS0FRR2FhZzJDRGc2T3Z3VUtZdjFndWk4WnNlTktHci0ybk5j HTTP/1.1" 200 3899
WARNING 2026-02-21 06:36:24,721 log 57210 6135181312 Not Found: /.well-known/appspecific/com.chrome.devtools.json
WARNING 2026-02-21 06:36:24,721 log 57210 6135181312 "GET /.well-known/appspecific/com.chrome.devtools.json HTTP/1.1" 404 5005
INFO 2026-02-21 06:36:28,722 log 57210 6135181312 "POST /o/authorize/?response_type=code&client_id=5kWtcsPK1TeThWvN7gktrTfOsoiVdaY9OMqXEIV0&state=b09pTHJGTmFtS0FRR2FhZzJDRGc2T3Z3VUtZdjFndWk4WnNlTktHci0ybk5j&redirect_uri=http%3A%2F%2Flocalhost%3A4200&scope=openid%20profile%20email&code_challenge=uin_MEgzJh41kv1ABMi0l3XwE7feZbsGZfKyieMfw54&code_challenge_method=S256&nonce=b09pTHJGTmFtS0FRR2FhZzJDRGc2T3Z3VUtZdjFndWk4WnNlTktHci0ybk5j HTTP/1.1" 302 0
INFO 2026-02-21 06:36:29,041 log 57210 6168834048 "GET /o/.well-known/openid-configuration HTTP/1.1" 200 787
INFO 2026-02-21 06:36:29,406 log 57210 6168834048 "GET /o/.well-known/jwks.json HTTP/1.1" 200 474
INFO 2026-02-21 06:36:29,552 validators 57210 6168834048 Token issued for user 8 via local
INFO 2026-02-21 06:36:29,562 signals 57210 6168834048 Access token created for user 8 via client 5kWtcsPK1TeThWvN7gktrTfOsoiVdaY9OMqXEIV0
INFO 2026-02-21 06:36:29,613 log 57210 6168834048 "POST /o/token/ HTTP/1.1" 200 1531
INFO 2026-02-21 06:36:29,985 log 57210 6185660416 "POST /o/introspect/ HTTP/1.1" 200 179
INFO 2026-02-21 06:36:30,089 log 57210 6202486784 "GET /api/oidc/userinfo/ HTTP/1.1" 200 210
INFO 2026-02-21 06:36:31,386 log 57210 6202486784 "POST /o/introspect/ HTTP/1.1" 200 179
INFO 2026-02-21 06:36:31,387 log 57210 6185660416 "POST /o/introspect/ HTTP/1.1" 200 179
INFO 2026-02-21 06:36:31,445 log 57210 6219313152 "GET /api/oidc/userinfo/ HTTP/1.1" 200 210
INFO 2026-02-21 06:36:31,445 log 57210 6236139520 "GET /api/oidc/userinfo/ HTTP/1.1" 200 210
INFO 2026-02-21 06:42:32,274 autoreload 57210 8562434240 /Users/dhrubajyotiborah/Documents/Projects/hcs_sso_with_oidc/apps/oidc/validators.py changed, reloading.
ERROR 2026-02-21 06:42:33,105 apps 61497 8562434240 Failed to register custom backends: argument of type 'module' is not iterable
INFO 2026-02-21 06:42:33,105 apps 61497 8562434240 Enabled providers: Google, Facebook
INFO 2026-02-21 06:42:33,105 apps 61497 8562434240 ✅ Social authentication app initialized successfully
INFO 2026-02-21 06:42:33,114 autoreload 61497 8562434240 Watching for file changes with StatReloader
INFO 2026-02-21 06:55:37,108 log 61497 6162067456 "GET /o/authorize/?response_type=code&client_id=5kWtcsPK1TeThWvN7gktrTfOsoiVdaY9OMqXEIV0&state=bVpTOXR6bnUwdTVXd1JUcTc2RXVONWRQYk1NWFdkaTJpV2RZRlZDWHZIYjJW&redirect_uri=http%3A%2F%2Flocalhost%3A4200&scope=openid%20profile%20email&code_challenge=almaQhnpXp8Ai9Urrm_EIX_7bRLDuBAsJ1SmtaFfro4&code_challenge_method=S256&nonce=bVpTOXR6bnUwdTVXd1JUcTc2RXVONWRQYk1NWFdkaTJpV2RZRlZDWHZIYjJW HTTP/1.1" 200 3899
WARNING 2026-02-21 06:55:37,249 log 61497 6162067456 Not Found: /.well-known/appspecific/com.chrome.devtools.json
WARNING 2026-02-21 06:55:37,249 log 61497 6162067456 "GET /.well-known/appspecific/com.chrome.devtools.json HTTP/1.1" 404 5005
INFO 2026-02-21 06:55:39,589 log 61497 6162067456 "POST /o/authorize/?response_type=code&client_id=5kWtcsPK1TeThWvN7gktrTfOsoiVdaY9OMqXEIV0&state=bVpTOXR6bnUwdTVXd1JUcTc2RXVONWRQYk1NWFdkaTJpV2RZRlZDWHZIYjJW&redirect_uri=http%3A%2F%2Flocalhost%3A4200&scope=openid%20profile%20email&code_challenge=almaQhnpXp8Ai9Urrm_EIX_7bRLDuBAsJ1SmtaFfro4&code_challenge_method=S256&nonce=bVpTOXR6bnUwdTVXd1JUcTc2RXVONWRQYk1NWFdkaTJpV2RZRlZDWHZIYjJW HTTP/1.1" 302 0
INFO 2026-02-21 06:55:39,907 log 61497 6195720192 "GET /o/.well-known/openid-configuration HTTP/1.1" 200 787
INFO 2026-02-21 06:55:40,197 log 61497 6195720192 "GET /o/.well-known/jwks.json HTTP/1.1" 200 474
INFO 2026-02-21 06:55:40,358 validators 61497 6195720192 Token issued for user 8 via local
INFO 2026-02-21 06:55:40,365 signals 61497 6195720192 Access token created for user 8 via client 5kWtcsPK1TeThWvN7gktrTfOsoiVdaY9OMqXEIV0
INFO 2026-02-21 06:55:40,411 log 61497 6195720192 "POST /o/token/ HTTP/1.1" 200 1531
INFO 2026-02-21 06:55:40,797 log 61497 6212546560 "POST /o/introspect/ HTTP/1.1" 200 179
INFO 2026-02-21 06:55:40,941 log 61497 6229372928 "GET /api/oidc/userinfo/ HTTP/1.1" 200 210
INFO 2026-02-21 06:55:43,456 log 61497 6212546560 "POST /o/introspect/ HTTP/1.1" 200 179
INFO 2026-02-21 06:55:43,456 log 61497 6229372928 "POST /o/introspect/ HTTP/1.1" 200 179
INFO 2026-02-21 06:55:43,495 log 61497 6246772736 "GET /api/oidc/userinfo/ HTTP/1.1" 200 210
INFO 2026-02-21 06:55:43,500 log 61497 6263599104 "GET /api/oidc/userinfo/ HTTP/1.1" 200 210
INFO 2026-02-21 06:57:09,316 log 61497 6212546560 "POST /o/introspect/ HTTP/1.1" 200 179
INFO 2026-02-21 06:57:09,316 log 61497 6178893824 "POST /o/introspect/ HTTP/1.1" 200 179
INFO 2026-02-21 06:57:09,365 log 61497 6229372928 "GET /api/oidc/userinfo/ HTTP/1.1" 200 210
INFO 2026-02-21 06:57:09,365 log 61497 6246772736 "GET /api/oidc/userinfo/ HTTP/1.1" 200 210
INFO 2026-02-21 06:57:15,824 log 61497 6263599104 "POST /o/introspect/ HTTP/1.1" 200 179
INFO 2026-02-21 06:57:15,885 log 61497 6280425472 "GET /api/oidc/userinfo/ HTTP/1.1" 200 210
INFO 2026-02-21 06:57:18,902 log 61497 6162067456 "GET /o/authorize/?response_type=code&client_id=5kWtcsPK1TeThWvN7gktrTfOsoiVdaY9OMqXEIV0&state=VjJkX2pRS2ZUTzBFMlhCQzVNeE9UM0pDNk5xZEFOdlZPY2JoWWxYZzJxbmdW&redirect_uri=http%3A%2F%2Flocalhost%3A4200&scope=openid%20profile%20email&code_challenge=MCqBlys2sAmJwsJ4nnMMbTsD-TS5tqhCcyWMVIyMpMA&code_challenge_method=S256&nonce=VjJkX2pRS2ZUTzBFMlhCQzVNeE9UM0pDNk5xZEFOdlZPY2JoWWxYZzJxbmdW HTTP/1.1" 200 3899
WARNING 2026-02-21 06:57:19,035 log 61497 6162067456 Not Found: /.well-known/appspecific/com.chrome.devtools.json
WARNING 2026-02-21 06:57:19,035 log 61497 6162067456 "GET /.well-known/appspecific/com.chrome.devtools.json HTTP/1.1" 404 5005
INFO 2026-02-21 06:57:21,551 log 61497 6162067456 "POST /o/authorize/?response_type=code&client_id=5kWtcsPK1TeThWvN7gktrTfOsoiVdaY9OMqXEIV0&state=VjJkX2pRS2ZUTzBFMlhCQzVNeE9UM0pDNk5xZEFOdlZPY2JoWWxYZzJxbmdW&redirect_uri=http%3A%2F%2Flocalhost%3A4200&scope=openid%20profile%20email&code_challenge=MCqBlys2sAmJwsJ4nnMMbTsD-TS5tqhCcyWMVIyMpMA&code_challenge_method=S256&nonce=VjJkX2pRS2ZUTzBFMlhCQzVNeE9UM0pDNk5xZEFOdlZPY2JoWWxYZzJxbmdW HTTP/1.1" 302 0
INFO 2026-02-21 06:57:21,857 log 61497 6195720192 "GET /o/.well-known/openid-configuration HTTP/1.1" 200 787
INFO 2026-02-21 06:57:21,972 log 61497 6195720192 "GET /o/.well-known/jwks.json HTTP/1.1" 200 474
INFO 2026-02-21 06:57:22,104 validators 61497 6195720192 Token issued for user 8 via local
INFO 2026-02-21 06:57:22,111 signals 61497 6195720192 Access token created for user 8 via client 5kWtcsPK1TeThWvN7gktrTfOsoiVdaY9OMqXEIV0
INFO 2026-02-21 06:57:22,151 log 61497 6195720192 "POST /o/token/ HTTP/1.1" 200 1531
INFO 2026-02-21 06:57:22,367 log 61497 6314078208 "POST /o/introspect/ HTTP/1.1" 200 179
INFO 2026-02-21 06:57:22,439 log 61497 6330904576 "GET /api/oidc/userinfo/ HTTP/1.1" 200 210
INFO 2026-02-21 06:57:51,596 log 61497 6347730944 "POST /o/introspect/ HTTP/1.1" 200 179
INFO 2026-02-21 06:57:51,600 log 61497 6364557312 "POST /o/introspect/ HTTP/1.1" 200 179
INFO 2026-02-21 06:57:51,639 log 61497 6381383680 "GET /api/oidc/userinfo/ HTTP/1.1" 200 210
INFO 2026-02-21 06:57:51,641 log 61497 6398210048 "GET /api/oidc/userinfo/ HTTP/1.1" 200 210
INFO 2026-02-21 06:59:13,565 log 61497 6162067456 "GET /o/authorize/?response_type=code&client_id=5kWtcsPK1TeThWvN7gktrTfOsoiVdaY9OMqXEIV0&state=UnBmaE9TakdFLk5CZ0xpMXFaUkNWRm1lZEJ1dWdwb2R6SkFWRDRqRjlWMVRP&redirect_uri=http%3A%2F%2Flocalhost%3A4200&scope=openid%20profile%20email&code_challenge=t16IiBaILbJ355cMjfcq6ZQnHMOD9_99JeXJxjzMjSo&code_challenge_method=S256&nonce=UnBmaE9TakdFLk5CZ0xpMXFaUkNWRm1lZEJ1dWdwb2R6SkFWRDRqRjlWMVRP HTTP/1.1" 200 3899
WARNING 2026-02-21 06:59:13,655 log 61497 6162067456 Not Found: /.well-known/appspecific/com.chrome.devtools.json
WARNING 2026-02-21 06:59:13,656 log 61497 6162067456 "GET /.well-known/appspecific/com.chrome.devtools.json HTTP/1.1" 404 5005
INFO 2026-02-21 06:59:17,164 log 61497 6162067456 "POST /o/authorize/?response_type=code&client_id=5kWtcsPK1TeThWvN7gktrTfOsoiVdaY9OMqXEIV0&state=UnBmaE9TakdFLk5CZ0xpMXFaUkNWRm1lZEJ1dWdwb2R6SkFWRDRqRjlWMVRP&redirect_uri=http%3A%2F%2Flocalhost%3A4200&scope=openid%20profile%20email&code_challenge=t16IiBaILbJ355cMjfcq6ZQnHMOD9_99JeXJxjzMjSo&code_challenge_method=S256&nonce=UnBmaE9TakdFLk5CZ0xpMXFaUkNWRm1lZEJ1dWdwb2R6SkFWRDRqRjlWMVRP HTTP/1.1" 302 0
INFO 2026-02-21 06:59:17,359 log 61497 6195720192 "GET /o/.well-known/openid-configuration HTTP/1.1" 200 787
INFO 2026-02-21 06:59:17,461 log 61497 6195720192 "GET /o/.well-known/jwks.json HTTP/1.1" 200 474
INFO 2026-02-21 06:59:17,552 validators 61497 6195720192 Token issued for user 8 via local
INFO 2026-02-21 06:59:17,560 signals 61497 6195720192 Access token created for user 8 via client 5kWtcsPK1TeThWvN7gktrTfOsoiVdaY9OMqXEIV0
INFO 2026-02-21 06:59:17,646 log 61497 6195720192 "POST /o/token/ HTTP/1.1" 200 1531
INFO 2026-02-21 06:59:17,943 log 61497 6212546560 "POST /o/introspect/ HTTP/1.1" 200 179
INFO 2026-02-21 06:59:17,993 log 61497 6229372928 "GET /api/oidc/userinfo/ HTTP/1.1" 200 210
INFO 2026-02-21 06:59:21,080 log 61497 6212546560 "POST /o/introspect/ HTTP/1.1" 200 179
INFO 2026-02-21 06:59:21,080 log 61497 6229372928 "POST /o/introspect/ HTTP/1.1" 200 179
INFO 2026-02-21 06:59:21,117 log 61497 6263025664 "GET /api/oidc/userinfo/ HTTP/1.1" 200 210
INFO 2026-02-21 06:59:21,118 log 61497 6246199296 "GET /api/oidc/userinfo/ HTTP/1.1" 200 210
INFO 2026-02-21 07:03:31,194 log 61497 6162067456 "GET /o/authorize/?response_type=code&client_id=5kWtcsPK1TeThWvN7gktrTfOsoiVdaY9OMqXEIV0&state=eXNPWEtwWE41ZzBKM1RucW9GcmZHZTFpLXBRWGZCUE1zX21-NlJpSGlDcW9h&redirect_uri=http%3A%2F%2Flocalhost%3A4200&scope=openid%20profile%20email&code_challenge=WWy6vCRbcZa3y6r_y2Z8tAy6fhI7fiVDgH7Y6qePGsA&code_challenge_method=S256&nonce=eXNPWEtwWE41ZzBKM1RucW9GcmZHZTFpLXBRWGZCUE1zX21-NlJpSGlDcW9h HTTP/1.1" 200 3899
WARNING 2026-02-21 07:03:31,369 log 61497 6162067456 Not Found: /.well-known/appspecific/com.chrome.devtools.json
WARNING 2026-02-21 07:03:31,376 log 61497 6162067456 "GET /.well-known/appspecific/com.chrome.devtools.json HTTP/1.1" 404 5005
INFO 2026-02-21 07:03:32,810 log 61497 6162067456 "POST /o/authorize/?response_type=code&client_id=5kWtcsPK1TeThWvN7gktrTfOsoiVdaY9OMqXEIV0&state=eXNPWEtwWE41ZzBKM1RucW9GcmZHZTFpLXBRWGZCUE1zX21-NlJpSGlDcW9h&redirect_uri=http%3A%2F%2Flocalhost%3A4200&scope=openid%20profile%20email&code_challenge=WWy6vCRbcZa3y6r_y2Z8tAy6fhI7fiVDgH7Y6qePGsA&code_challenge_method=S256&nonce=eXNPWEtwWE41ZzBKM1RucW9GcmZHZTFpLXBRWGZCUE1zX21-NlJpSGlDcW9h HTTP/1.1" 302 0
INFO 2026-02-21 07:03:33,178 log 61497 6195720192 "GET /o/.well-known/openid-configuration HTTP/1.1" 200 787
INFO 2026-02-21 07:03:33,229 log 61497 6195720192 "GET /o/.well-known/jwks.json HTTP/1.1" 200 474
INFO 2026-02-21 07:03:33,417 validators 61497 6195720192 Token issued for user 8 via local
INFO 2026-02-21 07:03:33,425 signals 61497 6195720192 Access token created for user 8 via client 5kWtcsPK1TeThWvN7gktrTfOsoiVdaY9OMqXEIV0
INFO 2026-02-21 07:03:33,483 log 61497 6195720192 "POST /o/token/ HTTP/1.1" 200 1531
INFO 2026-02-21 07:03:33,819 log 61497 6212546560 "POST /o/introspect/ HTTP/1.1" 200 179
INFO 2026-02-21 07:03:33,898 log 61497 6229372928 "GET /api/oidc/userinfo/ HTTP/1.1" 200 210
INFO 2026-02-21 07:03:36,523 log 61497 6212546560 "POST /o/introspect/ HTTP/1.1" 200 179
INFO 2026-02-21 07:03:36,523 log 61497 6229372928 "POST /o/introspect/ HTTP/1.1" 200 179
INFO 2026-02-21 07:03:36,560 log 61497 6246199296 "GET /api/oidc/userinfo/ HTTP/1.1" 200 210
INFO 2026-02-21 07:03:36,562 log 61497 6263025664 "GET /api/oidc/userinfo/ HTTP/1.1" 200 210
INFO 2026-02-21 07:05:39,009 log 61497 6162067456 "GET /o/authorize/?response_type=code&client_id=5kWtcsPK1TeThWvN7gktrTfOsoiVdaY9OMqXEIV0&state=blMuUWVXTGMwVn5EVThWNGlzZm1LNzFKcmwtQ3AtLi4zamN3NHF0SGNvbTND&redirect_uri=http%3A%2F%2Flocalhost%3A4200&scope=openid%20profile%20email&code_challenge=mBZf9Tfdj0WcKGLBCcYzvzfWxg6cRLEFPhGY05wj7v4&code_challenge_method=S256&nonce=blMuUWVXTGMwVn5EVThWNGlzZm1LNzFKcmwtQ3AtLi4zamN3NHF0SGNvbTND HTTP/1.1" 200 3899
WARNING 2026-02-21 07:05:39,130 log 61497 6162067456 Not Found: /.well-known/appspecific/com.chrome.devtools.json
WARNING 2026-02-21 07:05:39,133 log 61497 6162067456 "GET /.well-known/appspecific/com.chrome.devtools.json HTTP/1.1" 404 5005
INFO 2026-02-21 07:05:40,741 log 61497 6162067456 "POST /o/authorize/?response_type=code&client_id=5kWtcsPK1TeThWvN7gktrTfOsoiVdaY9OMqXEIV0&state=blMuUWVXTGMwVn5EVThWNGlzZm1LNzFKcmwtQ3AtLi4zamN3NHF0SGNvbTND&redirect_uri=http%3A%2F%2Flocalhost%3A4200&scope=openid%20profile%20email&code_challenge=mBZf9Tfdj0WcKGLBCcYzvzfWxg6cRLEFPhGY05wj7v4&code_challenge_method=S256&nonce=blMuUWVXTGMwVn5EVThWNGlzZm1LNzFKcmwtQ3AtLi4zamN3NHF0SGNvbTND HTTP/1.1" 302 0
INFO 2026-02-21 07:05:41,063 log 61497 6195720192 "GET /o/.well-known/openid-configuration HTTP/1.1" 200 787
INFO 2026-02-21 07:05:41,115 log 61497 6195720192 "GET /o/.well-known/jwks.json HTTP/1.1" 200 474
INFO 2026-02-21 07:05:41,266 validators 61497 6195720192 Token issued for user 8 via local
INFO 2026-02-21 07:05:41,273 signals 61497 6195720192 Access token created for user 8 via client 5kWtcsPK1TeThWvN7gktrTfOsoiVdaY9OMqXEIV0
INFO 2026-02-21 07:05:41,322 log 61497 6195720192 "POST /o/token/ HTTP/1.1" 200 1531
INFO 2026-02-21 07:05:41,487 log 61497 6212546560 "POST /o/introspect/ HTTP/1.1" 200 179
INFO 2026-02-21 07:05:41,610 log 61497 6229372928 "GET /api/oidc/userinfo/ HTTP/1.1" 200 210
INFO 2026-02-21 07:05:44,868 log 61497 6229372928 "POST /o/introspect/ HTTP/1.1" 200 179
INFO 2026-02-21 07:05:44,869 log 61497 6212546560 "POST /o/introspect/ HTTP/1.1" 200 179
INFO 2026-02-21 07:05:44,916 log 61497 6246772736 "GET /api/oidc/userinfo/ HTTP/1.1" 200 210
INFO 2026-02-21 07:05:44,916 log 61497 6263599104 "GET /api/oidc/userinfo/ HTTP/1.1" 200 210
INFO 2026-02-21 07:22:37,195 autoreload 61497 8562434240 /Users/dhrubajyotiborah/Documents/Projects/hcs_sso_with_oidc/apps/oidc/utils/claims.py changed, reloading.
ERROR 2026-02-21 07:22:38,030 apps 78676 8562434240 Failed to register custom backends: argument of type 'module' is not iterable
INFO 2026-02-21 07:22:38,030 apps 78676 8562434240 Enabled providers: Google, Facebook
INFO 2026-02-21 07:22:38,030 apps 78676 8562434240 ✅ Social authentication app initialized successfully
INFO 2026-02-21 07:22:38,037 autoreload 78676 8562434240 Watching for file changes with StatReloader
INFO 2026-02-21 07:22:44,496 autoreload 78676 8562434240 /Users/dhrubajyotiborah/Documents/Projects/hcs_sso_with_oidc/apps/oidc/utils/claims.py changed, reloading.
ERROR 2026-02-21 07:22:45,147 apps 78736 8562434240 Failed to register custom backends: argument of type 'module' is not iterable
INFO 2026-02-21 07:22:45,147 apps 78736 8562434240 Enabled providers: Google, Facebook
INFO 2026-02-21 07:22:45,147 apps 78736 8562434240 ✅ Social authentication app initialized successfully
INFO 2026-02-21 07:22:45,153 autoreload 78736 8562434240 Watching for file changes with StatReloader
INFO 2026-02-21 07:22:54,943 autoreload 78736 8562434240 /Users/dhrubajyotiborah/Documents/Projects/hcs_sso_with_oidc/apps/oidc/utils/claims.py changed, reloading.
ERROR 2026-02-21 07:22:55,695 apps 78858 8562434240 Failed to register custom backends: argument of type 'module' is not iterable
INFO 2026-02-21 07:22:55,695 apps 78858 8562434240 Enabled providers: Google, Facebook
INFO 2026-02-21 07:22:55,695 apps 78858 8562434240 ✅ Social authentication app initialized successfully
INFO 2026-02-21 07:22:55,701 autoreload 78858 8562434240 Watching for file changes with StatReloader
INFO 2026-02-21 07:22:59,101 autoreload 78858 8562434240 /Users/dhrubajyotiborah/Documents/Projects/hcs_sso_with_oidc/apps/oidc/utils/claims.py changed, reloading.
ERROR 2026-02-21 07:22:59,738 apps 78912 8562434240 Failed to register custom backends: argument of type 'module' is not iterable
INFO 2026-02-21 07:22:59,738 apps 78912 8562434240 Enabled providers: Google, Facebook
INFO 2026-02-21 07:22:59,738 apps 78912 8562434240 ✅ Social authentication app initialized successfully
INFO 2026-02-21 07:22:59,744 autoreload 78912 8562434240 Watching for file changes with StatReloader
INFO 2026-02-21 07:23:10,416 log 78912 6156808192 "GET /o/authorize/?response_type=code&client_id=5kWtcsPK1TeThWvN7gktrTfOsoiVdaY9OMqXEIV0&state=R2dZNmFuSWQ3cTdVWGJKNlRBY0NFR3pFVDRRVXgwZGlZSXRlNXhQMF9sT3RS&redirect_uri=http%3A%2F%2Flocalhost%3A4200&scope=openid%20profile%20email&code_challenge=ZUm1GPYYDRgHhnWY0xypB5oKFwgIQL3I2y0dHVWxHSI&code_challenge_method=S256&nonce=R2dZNmFuSWQ3cTdVWGJKNlRBY0NFR3pFVDRRVXgwZGlZSXRlNXhQMF9sT3RS HTTP/1.1" 200 3899
WARNING 2026-02-21 07:23:10,634 log 78912 6156808192 Not Found: /.well-known/appspecific/com.chrome.devtools.json
WARNING 2026-02-21 07:23:10,635 log 78912 6156808192 "GET /.well-known/appspecific/com.chrome.devtools.json HTTP/1.1" 404 5005
INFO 2026-02-21 07:23:11,942 log 78912 6156808192 "POST /o/authorize/?response_type=code&client_id=5kWtcsPK1TeThWvN7gktrTfOsoiVdaY9OMqXEIV0&state=R2dZNmFuSWQ3cTdVWGJKNlRBY0NFR3pFVDRRVXgwZGlZSXRlNXhQMF9sT3RS&redirect_uri=http%3A%2F%2Flocalhost%3A4200&scope=openid%20profile%20email&code_challenge=ZUm1GPYYDRgHhnWY0xypB5oKFwgIQL3I2y0dHVWxHSI&code_challenge_method=S256&nonce=R2dZNmFuSWQ3cTdVWGJKNlRBY0NFR3pFVDRRVXgwZGlZSXRlNXhQMF9sT3RS HTTP/1.1" 302 0
INFO 2026-02-21 07:23:12,402 log 78912 6190460928 "GET /o/.well-known/openid-configuration HTTP/1.1" 200 787
INFO 2026-02-21 07:23:12,697 log 78912 6190460928 "GET /o/.well-known/jwks.json HTTP/1.1" 200 474
INFO 2026-02-21 07:23:12,870 validators 78912 6190460928 Token issued for user 8 via local
INFO 2026-02-21 07:23:12,879 signals 78912 6190460928 Access token created for user 8 via client 5kWtcsPK1TeThWvN7gktrTfOsoiVdaY9OMqXEIV0
INFO 2026-02-21 07:23:12,942 log 78912 6190460928 "POST /o/token/ HTTP/1.1" 200 1531
INFO 2026-02-21 07:23:13,142 log 78912 6207287296 "POST /o/introspect/ HTTP/1.1" 200 179
INFO 2026-02-21 07:23:13,288 log 78912 6224113664 "GET /api/oidc/userinfo/ HTTP/1.1" 200 210
INFO 2026-02-21 07:23:14,677 log 78912 6224113664 "POST /o/introspect/ HTTP/1.1" 200 179
INFO 2026-02-21 07:23:14,680 log 78912 6207287296 "POST /o/introspect/ HTTP/1.1" 200 179
INFO 2026-02-21 07:23:14,725 log 78912 6240940032 "GET /api/oidc/userinfo/ HTTP/1.1" 200 210
INFO 2026-02-21 07:23:14,726 log 78912 6257766400 "GET /api/oidc/userinfo/ HTTP/1.1" 200 210
INFO 2026-02-21 07:24:32,958 autoreload 78912 8562434240 /Users/dhrubajyotiborah/Documents/Projects/hcs_sso_with_oidc/apps/oidc/utils/claims.py changed, reloading.
ERROR 2026-02-21 07:24:33,771 apps 79626 8562434240 Failed to register custom backends: argument of type 'module' is not iterable
INFO 2026-02-21 07:24:33,771 apps 79626 8562434240 Enabled providers: Google, Facebook
INFO 2026-02-21 07:24:33,771 apps 79626 8562434240 ✅ Social authentication app initialized successfully
INFO 2026-02-21 07:24:33,780 autoreload 79626 8562434240 Watching for file changes with StatReloader
INFO 2026-02-21 07:24:39,036 log 79626 6134575104 "GET /o/authorize/?response_type=code&client_id=5kWtcsPK1TeThWvN7gktrTfOsoiVdaY9OMqXEIV0&state=cjNXWEkucEtsUFdOZnNGLlBzcUQ4bUFncDNmUW9xTkpIaVItal9JbnNFeUJq&redirect_uri=http%3A%2F%2Flocalhost%3A4200&scope=openid%20profile%20email&code_challenge=_OnCF7PVLNK0tQi1zxeOEAhiR0I2Yz51iFzeLeBPFmo&code_challenge_method=S256&nonce=cjNXWEkucEtsUFdOZnNGLlBzcUQ4bUFncDNmUW9xTkpIaVItal9JbnNFeUJq HTTP/1.1" 200 3899
WARNING 2026-02-21 07:24:39,141 log 79626 6134575104 Not Found: /.well-known/appspecific/com.chrome.devtools.json
WARNING 2026-02-21 07:24:39,141 log 79626 6134575104 "GET /.well-known/appspecific/com.chrome.devtools.json HTTP/1.1" 404 5005
INFO 2026-02-21 07:24:40,601 log 79626 6134575104 "POST /o/authorize/?response_type=code&client_id=5kWtcsPK1TeThWvN7gktrTfOsoiVdaY9OMqXEIV0&state=cjNXWEkucEtsUFdOZnNGLlBzcUQ4bUFncDNmUW9xTkpIaVItal9JbnNFeUJq&redirect_uri=http%3A%2F%2Flocalhost%3A4200&scope=openid%20profile%20email&code_challenge=_OnCF7PVLNK0tQi1zxeOEAhiR0I2Yz51iFzeLeBPFmo&code_challenge_method=S256&nonce=cjNXWEkucEtsUFdOZnNGLlBzcUQ4bUFncDNmUW9xTkpIaVItal9JbnNFeUJq HTTP/1.1" 302 0
INFO 2026-02-21 07:24:40,932 log 79626 6168227840 "GET /o/.well-known/openid-configuration HTTP/1.1" 200 787
INFO 2026-02-21 07:24:41,145 log 79626 6168227840 "GET /o/.well-known/jwks.json HTTP/1.1" 200 474
INFO 2026-02-21 07:24:41,294 validators 79626 6168227840 Token issued for user 8 via local
INFO 2026-02-21 07:24:41,302 signals 79626 6168227840 Access token created for user 8 via client 5kWtcsPK1TeThWvN7gktrTfOsoiVdaY9OMqXEIV0
INFO 2026-02-21 07:24:41,351 log 79626 6168227840 "POST /o/token/ HTTP/1.1" 200 1531
INFO 2026-02-21 07:24:41,618 log 79626 6185054208 "POST /o/introspect/ HTTP/1.1" 200 179
INFO 2026-02-21 07:24:41,681 log 79626 6201880576 "GET /api/oidc/userinfo/ HTTP/1.1" 200 235
INFO 2026-02-21 07:24:43,071 log 79626 6185054208 "POST /o/introspect/ HTTP/1.1" 200 179
INFO 2026-02-21 07:24:43,071 log 79626 6201880576 "POST /o/introspect/ HTTP/1.1" 200 179
INFO 2026-02-21 07:24:43,109 log 79626 6235533312 "GET /api/oidc/userinfo/ HTTP/1.1" 200 235
INFO 2026-02-21 07:24:43,110 log 79626 6218706944 "GET /api/oidc/userinfo/ HTTP/1.1" 200 235
INFO 2026-02-21 07:27:38,648 log 79626 6134575104 "GET /o/.well-known/openid-configuration HTTP/1.1" 200 787
INFO 2026-02-21 07:27:38,711 log 79626 6134575104 "GET /o/.well-known/jwks.json HTTP/1.1" 200 474
INFO 2026-02-21 07:27:38,887 log 79626 6168227840 "POST /o/introspect/ HTTP/1.1" 200 179
INFO 2026-02-21 07:27:38,888 log 79626 6151401472 "POST /o/introspect/ HTTP/1.1" 200 179
INFO 2026-02-21 07:27:38,930 log 79626 6201880576 "GET /api/oidc/userinfo/ HTTP/1.1" 200 235
INFO 2026-02-21 07:27:38,930 log 79626 6185054208 "GET /api/oidc/userinfo/ HTTP/1.1" 200 235
INFO 2026-02-21 09:28:01,254 log 79626 6134575104 "GET /o/authorize/?response_type=code&client_id=5kWtcsPK1TeThWvN7gktrTfOsoiVdaY9OMqXEIV0&state=Y3Vnc3FGVGRwbldwOXViNy5LRXJrSHFmdkdCdkR3T0liRV9JRUxiTlJjbEs3&redirect_uri=http%3A%2F%2Flocalhost%3A4200&scope=openid%20profile%20email&code_challenge=9XZ_xqUnohzhiunvavTFjAfpqFTrIVFHMUhTPBGv5YY&code_challenge_method=S256&nonce=Y3Vnc3FGVGRwbldwOXViNy5LRXJrSHFmdkdCdkR3T0liRV9JRUxiTlJjbEs3 HTTP/1.1" 302 0
INFO 2026-02-21 09:28:01,306 log 79626 6134575104 "GET /accounts/login/?next=/o/authorize/%3Fresponse_type%3Dcode%26client_id%3D5kWtcsPK1TeThWvN7gktrTfOsoiVdaY9OMqXEIV0%26state%3DY3Vnc3FGVGRwbldwOXViNy5LRXJrSHFmdkdCdkR3T0liRV9JRUxiTlJjbEs3%26redirect_uri%3Dhttp%253A%252F%252Flocalhost%253A4200%26scope%3Dopenid%2520profile%2520email%26code_challenge%3D9XZ_xqUnohzhiunvavTFjAfpqFTrIVFHMUhTPBGv5YY%26code_challenge_method%3DS256%26nonce%3DY3Vnc3FGVGRwbldwOXViNy5LRXJrSHFmdkdCdkR3T0liRV9JRUxiTlJjbEs3 HTTP/1.1" 200 8717
WARNING 2026-02-21 09:28:01,423 log 79626 6134575104 Not Found: /.well-known/appspecific/com.chrome.devtools.json
WARNING 2026-02-21 09:28:01,423 log 79626 6134575104 "GET /.well-known/appspecific/com.chrome.devtools.json HTTP/1.1" 404 5005
INFO 2026-02-21 09:28:12,850 log 79626 6134575104 "POST /accounts/login/?next=/o/authorize/%3Fresponse_type%3Dcode%26client_id%3D5kWtcsPK1TeThWvN7gktrTfOsoiVdaY9OMqXEIV0%26state%3DY3Vnc3FGVGRwbldwOXViNy5LRXJrSHFmdkdCdkR3T0liRV9JRUxiTlJjbEs3%26redirect_uri%3Dhttp%253A%252F%252Flocalhost%253A4200%26scope%3Dopenid%2520profile%2520email%26code_challenge%3D9XZ_xqUnohzhiunvavTFjAfpqFTrIVFHMUhTPBGv5YY%26code_challenge_method%3DS256%26nonce%3DY3Vnc3FGVGRwbldwOXViNy5LRXJrSHFmdkdCdkR3T0liRV9JRUxiTlJjbEs3 HTTP/1.1" 302 0
INFO 2026-02-21 09:28:12,900 log 79626 6134575104 "GET /o/authorize/?response_type=code&client_id=5kWtcsPK1TeThWvN7gktrTfOsoiVdaY9OMqXEIV0&state=Y3Vnc3FGVGRwbldwOXViNy5LRXJrSHFmdkdCdkR3T0liRV9JRUxiTlJjbEs3&redirect_uri=http%3A%2F%2Flocalhost%3A4200&scope=openid%20profile%20email&code_challenge=9XZ_xqUnohzhiunvavTFjAfpqFTrIVFHMUhTPBGv5YY&code_challenge_method=S256&nonce=Y3Vnc3FGVGRwbldwOXViNy5LRXJrSHFmdkdCdkR3T0liRV9JRUxiTlJjbEs3 HTTP/1.1" 200 3899
WARNING 2026-02-21 09:28:12,970 log 79626 6134575104 Not Found: /.well-known/appspecific/com.chrome.devtools.json
WARNING 2026-02-21 09:28:12,971 log 79626 6134575104 "GET /.well-known/appspecific/com.chrome.devtools.json HTTP/1.1" 404 5005
INFO 2026-02-21 09:28:14,625 log 79626 6134575104 "POST /o/authorize/?response_type=code&client_id=5kWtcsPK1TeThWvN7gktrTfOsoiVdaY9OMqXEIV0&state=Y3Vnc3FGVGRwbldwOXViNy5LRXJrSHFmdkdCdkR3T0liRV9JRUxiTlJjbEs3&redirect_uri=http%3A%2F%2Flocalhost%3A4200&scope=openid%20profile%20email&code_challenge=9XZ_xqUnohzhiunvavTFjAfpqFTrIVFHMUhTPBGv5YY&code_challenge_method=S256&nonce=Y3Vnc3FGVGRwbldwOXViNy5LRXJrSHFmdkdCdkR3T0liRV9JRUxiTlJjbEs3 HTTP/1.1" 302 0
INFO 2026-02-21 09:28:15,028 log 79626 6168227840 "GET /o/.well-known/openid-configuration HTTP/1.1" 200 787
INFO 2026-02-21 09:28:15,088 log 79626 6168227840 "GET /o/.well-known/jwks.json HTTP/1.1" 200 474
INFO 2026-02-21 09:28:15,290 validators 79626 6168227840 Token issued for user 1 via local
INFO 2026-02-21 09:28:15,297 signals 79626 6168227840 Access token created for user 1 via client 5kWtcsPK1TeThWvN7gktrTfOsoiVdaY9OMqXEIV0
INFO 2026-02-21 09:28:15,338 log 79626 6168227840 "POST /o/token/ HTTP/1.1" 200 1475
INFO 2026-02-21 09:28:15,500 log 79626 6185054208 "POST /o/introspect/ HTTP/1.1" 200 195
INFO 2026-02-21 09:28:15,645 log 79626 6201880576 "GET /api/oidc/userinfo/ HTTP/1.1" 200 178
INFO 2026-02-21 09:28:40,841 log 79626 6201880576 "POST /o/introspect/ HTTP/1.1" 200 195
INFO 2026-02-21 09:28:40,841 log 79626 6185054208 "POST /o/introspect/ HTTP/1.1" 200 195
INFO 2026-02-21 09:28:40,891 log 79626 6235533312 "GET /api/oidc/userinfo/ HTTP/1.1" 200 178
INFO 2026-02-21 09:28:40,898 log 79626 6218706944 "GET /api/oidc/userinfo/ HTTP/1.1" 200 178
INFO 2026-02-21 10:18:56,411 log 79626 6134001664 "GET /o/authorize/?response_type=code&client_id=5kWtcsPK1TeThWvN7gktrTfOsoiVdaY9OMqXEIV0&state=LlFKTGUzRm1WQUppdTVRZmEzSnlVWG41Wm9FbnRCYmlBSHlqQ2h5d3ZKWkZt&redirect_uri=http%3A%2F%2Flocalhost%3A4200&scope=openid%20profile%20email&code_challenge=9KtWymnKYZuHf-We-DHbm1D6957C2aUjgwD2ZtTa798&code_challenge_method=S256&nonce=LlFKTGUzRm1WQUppdTVRZmEzSnlVWG41Wm9FbnRCYmlBSHlqQ2h5d3ZKWkZt HTTP/1.1" 302 0
INFO 2026-02-21 10:18:56,479 log 79626 6134001664 "GET /accounts/login/?next=/o/authorize/%3Fresponse_type%3Dcode%26client_id%3D5kWtcsPK1TeThWvN7gktrTfOsoiVdaY9OMqXEIV0%26state%3DLlFKTGUzRm1WQUppdTVRZmEzSnlVWG41Wm9FbnRCYmlBSHlqQ2h5d3ZKWkZt%26redirect_uri%3Dhttp%253A%252F%252Flocalhost%253A4200%26scope%3Dopenid%2520profile%2520email%26code_challenge%3D9KtWymnKYZuHf-We-DHbm1D6957C2aUjgwD2ZtTa798%26code_challenge_method%3DS256%26nonce%3DLlFKTGUzRm1WQUppdTVRZmEzSnlVWG41Wm9FbnRCYmlBSHlqQ2h5d3ZKWkZt HTTP/1.1" 200 8717
WARNING 2026-02-21 10:18:56,767 log 79626 6134001664 Not Found: /.well-known/appspecific/com.chrome.devtools.json
WARNING 2026-02-21 10:18:56,767 log 79626 6134001664 "GET /.well-known/appspecific/com.chrome.devtools.json HTTP/1.1" 404 5005
INFO 2026-02-21 10:19:10,801 log 79626 6134001664 "POST /accounts/login/?next=/o/authorize/%3Fresponse_type%3Dcode%26client_id%3D5kWtcsPK1TeThWvN7gktrTfOsoiVdaY9OMqXEIV0%26state%3DLlFKTGUzRm1WQUppdTVRZmEzSnlVWG41Wm9FbnRCYmlBSHlqQ2h5d3ZKWkZt%26redirect_uri%3Dhttp%253A%252F%252Flocalhost%253A4200%26scope%3Dopenid%2520profile%2520email%26code_challenge%3D9KtWymnKYZuHf-We-DHbm1D6957C2aUjgwD2ZtTa798%26code_challenge_method%3DS256%26nonce%3DLlFKTGUzRm1WQUppdTVRZmEzSnlVWG41Wm9FbnRCYmlBSHlqQ2h5d3ZKWkZt HTTP/1.1" 302 0
INFO 2026-02-21 10:19:10,861 log 79626 6134001664 "GET /o/authorize/?response_type=code&client_id=5kWtcsPK1TeThWvN7gktrTfOsoiVdaY9OMqXEIV0&state=LlFKTGUzRm1WQUppdTVRZmEzSnlVWG41Wm9FbnRCYmlBSHlqQ2h5d3ZKWkZt&redirect_uri=http%3A%2F%2Flocalhost%3A4200&scope=openid%20profile%20email&code_challenge=9KtWymnKYZuHf-We-DHbm1D6957C2aUjgwD2ZtTa798&code_challenge_method=S256&nonce=LlFKTGUzRm1WQUppdTVRZmEzSnlVWG41Wm9FbnRCYmlBSHlqQ2h5d3ZKWkZt HTTP/1.1" 200 3899
WARNING 2026-02-21 10:19:10,975 log 79626 6134001664 Not Found: /.well-known/appspecific/com.chrome.devtools.json
WARNING 2026-02-21 10:19:10,975 log 79626 6134001664 "GET /.well-known/appspecific/com.chrome.devtools.json HTTP/1.1" 404 5005
INFO 2026-02-21 10:19:12,835 log 79626 6134001664 "POST /o/authorize/?response_type=code&client_id=5kWtcsPK1TeThWvN7gktrTfOsoiVdaY9OMqXEIV0&state=LlFKTGUzRm1WQUppdTVRZmEzSnlVWG41Wm9FbnRCYmlBSHlqQ2h5d3ZKWkZt&redirect_uri=http%3A%2F%2Flocalhost%3A4200&scope=openid%20profile%20email&code_challenge=9KtWymnKYZuHf-We-DHbm1D6957C2aUjgwD2ZtTa798&code_challenge_method=S256&nonce=LlFKTGUzRm1WQUppdTVRZmEzSnlVWG41Wm9FbnRCYmlBSHlqQ2h5d3ZKWkZt HTTP/1.1" 302 0
INFO 2026-02-21 10:19:13,234 log 79626 6167654400 "GET /o/.well-known/openid-configuration HTTP/1.1" 200 787
INFO 2026-02-21 10:19:13,615 validators 79626 6167654400 Token issued for user 9 via local
INFO 2026-02-21 10:19:13,642 signals 79626 6167654400 Access token created for user 9 via client 5kWtcsPK1TeThWvN7gktrTfOsoiVdaY9OMqXEIV0
INFO 2026-02-21 10:19:13,715 log 79626 6167654400 "POST /o/token/ HTTP/1.1" 200 1486
INFO 2026-02-21 10:19:14,118 log 79626 6184480768 "POST /o/introspect/ HTTP/1.1" 200 169
INFO 2026-02-21 10:19:14,316 log 79626 6201307136 "GET /api/oidc/userinfo/ HTTP/1.1" 200 209
INFO 2026-02-21 10:19:32,207 log 79626 6134001664 "GET /o/authorize/?response_type=code&client_id=5kWtcsPK1TeThWvN7gktrTfOsoiVdaY9OMqXEIV0&state=eXVaRjdoRkNQRHB2ZFNZNG5NMVMtNVVyfnZWZXhRNUdhQWUzWUxPYlc4SjBG&redirect_uri=http%3A%2F%2Flocalhost%3A4200&scope=openid%20profile%20email&code_challenge=4YQ0WzKXhuA1qSADVCP7FF8_9FZJ7gQu03e0z4SjFKw&code_challenge_method=S256&nonce=eXVaRjdoRkNQRHB2ZFNZNG5NMVMtNVVyfnZWZXhRNUdhQWUzWUxPYlc4SjBG HTTP/1.1" 200 3899
WARNING 2026-02-21 10:19:32,343 log 79626 6134001664 Not Found: /.well-known/appspecific/com.chrome.devtools.json
WARNING 2026-02-21 10:19:32,343 log 79626 6134001664 "GET /.well-known/appspecific/com.chrome.devtools.json HTTP/1.1" 404 5005
INFO 2026-02-21 10:19:38,325 log 79626 6134001664 "POST /o/authorize/?response_type=code&client_id=5kWtcsPK1TeThWvN7gktrTfOsoiVdaY9OMqXEIV0&state=eXVaRjdoRkNQRHB2ZFNZNG5NMVMtNVVyfnZWZXhRNUdhQWUzWUxPYlc4SjBG&redirect_uri=http%3A%2F%2Flocalhost%3A4200&scope=openid%20profile%20email&code_challenge=4YQ0WzKXhuA1qSADVCP7FF8_9FZJ7gQu03e0z4SjFKw&code_challenge_method=S256&nonce=eXVaRjdoRkNQRHB2ZFNZNG5NMVMtNVVyfnZWZXhRNUdhQWUzWUxPYlc4SjBG HTTP/1.1" 302 0
INFO 2026-02-21 10:19:38,540 log 79626 6167654400 "OPTIONS /o/.well-known/openid-configuration HTTP/1.1" 200 0
INFO 2026-02-21 10:19:38,574 log 79626 6167654400 "GET /o/.well-known/openid-configuration HTTP/1.1" 200 787
INFO 2026-02-21 10:19:38,580 log 79626 6167654400 "OPTIONS /o/.well-known/jwks.json HTTP/1.1" 200 0
INFO 2026-02-21 10:19:38,674 log 79626 6167654400 "GET /o/.well-known/jwks.json HTTP/1.1" 200 474
INFO 2026-02-21 10:19:38,685 log 79626 6167654400 "OPTIONS /o/token/ HTTP/1.1" 200 0
INFO 2026-02-21 10:19:38,901 validators 79626 6167654400 Token issued for user 9 via local
INFO 2026-02-21 10:19:38,910 signals 79626 6167654400 Access token created for user 9 via client 5kWtcsPK1TeThWvN7gktrTfOsoiVdaY9OMqXEIV0
INFO 2026-02-21 10:19:38,979 log 79626 6167654400 "POST /o/token/ HTTP/1.1" 200 1486
INFO 2026-02-21 10:19:39,279 log 79626 6184480768 "POST /o/introspect/ HTTP/1.1" 200 169
INFO 2026-02-21 10:19:39,362 log 79626 6201307136 "GET /api/oidc/userinfo/ HTTP/1.1" 200 209
INFO 2026-02-21 10:19:53,565 log 79626 6201307136 "POST /o/introspect/ HTTP/1.1" 200 169
INFO 2026-02-21 10:19:53,572 log 79626 6184480768 "POST /o/introspect/ HTTP/1.1" 200 169
INFO 2026-02-21 10:19:53,674 log 79626 6234959872 "GET /api/oidc/userinfo/ HTTP/1.1" 200 209
INFO 2026-02-21 10:19:53,674 log 79626 6218133504 "GET /api/oidc/userinfo/ HTTP/1.1" 200 209
INFO 2026-02-21 10:22:34,622 log 79626 6134001664 "GET /o/authorize/?response_type=code&client_id=5kWtcsPK1TeThWvN7gktrTfOsoiVdaY9OMqXEIV0&state=bHZ2WEhvS3RZT0xyd0JMakRXRUpkT2FwTEc0R2E0VlFyRlgwRTZKeUV3YThF&redirect_uri=http%3A%2F%2Flocalhost%3A4200&scope=openid%20profile%20email&code_challenge=opxC7YLQ0rxblHEvgGMJE4ZkViYoSUzdGMsKmxLQmtU&code_challenge_method=S256&nonce=bHZ2WEhvS3RZT0xyd0JMakRXRUpkT2FwTEc0R2E0VlFyRlgwRTZKeUV3YThF HTTP/1.1" 200 3899
WARNING 2026-02-21 10:22:34,797 log 79626 6134001664 Not Found: /.well-known/appspecific/com.chrome.devtools.json
WARNING 2026-02-21 10:22:34,798 log 79626 6134001664 "GET /.well-known/appspecific/com.chrome.devtools.json HTTP/1.1" 404 5005
INFO 2026-02-21 10:22:36,108 log 79626 6134001664 "POST /o/authorize/?response_type=code&client_id=5kWtcsPK1TeThWvN7gktrTfOsoiVdaY9OMqXEIV0&state=bHZ2WEhvS3RZT0xyd0JMakRXRUpkT2FwTEc0R2E0VlFyRlgwRTZKeUV3YThF&redirect_uri=http%3A%2F%2Flocalhost%3A4200&scope=openid%20profile%20email&code_challenge=opxC7YLQ0rxblHEvgGMJE4ZkViYoSUzdGMsKmxLQmtU&code_challenge_method=S256&nonce=bHZ2WEhvS3RZT0xyd0JMakRXRUpkT2FwTEc0R2E0VlFyRlgwRTZKeUV3YThF HTTP/1.1" 302 0
INFO 2026-02-21 10:22:36,495 log 79626 6167654400 "GET /o/.well-known/openid-configuration HTTP/1.1" 200 787
INFO 2026-02-21 10:22:36,636 log 79626 6167654400 "GET /o/.well-known/jwks.json HTTP/1.1" 200 474
INFO 2026-02-21 10:22:36,872 validators 79626 6167654400 Token issued for user 9 via local
INFO 2026-02-21 10:22:36,878 signals 79626 6167654400 Access token created for user 9 via client 5kWtcsPK1TeThWvN7gktrTfOsoiVdaY9OMqXEIV0
INFO 2026-02-21 10:22:36,928 log 79626 6167654400 "POST /o/token/ HTTP/1.1" 200 1512
INFO 2026-02-21 10:22:37,358 log 79626 6184480768 "POST /o/introspect/ HTTP/1.1" 200 178
INFO 2026-02-21 10:22:37,470 log 79626 6201307136 "GET /api/oidc/userinfo/ HTTP/1.1" 200 222
INFO 2026-02-21 10:22:38,778 log 79626 6184480768 "POST /o/introspect/ HTTP/1.1" 200 178
INFO 2026-02-21 10:22:38,781 log 79626 6201307136 "POST /o/introspect/ HTTP/1.1" 200 178
INFO 2026-02-21 10:22:38,820 log 79626 6218706944 "GET /api/oidc/userinfo/ HTTP/1.1" 200 222
INFO 2026-02-21 10:22:38,822 log 79626 6235533312 "GET /api/oidc/userinfo/ HTTP/1.1" 200 222
INFO 2026-02-21 11:21:54,334 log 79626 6133428224 "GET /o/.well-known/openid-configuration HTTP/1.1" 200 787
INFO 2026-02-21 11:21:54,448 log 79626 6133428224 "GET /o/.well-known/jwks.json HTTP/1.1" 200 474
INFO 2026-02-21 11:21:55,106 log 79626 6150254592 "POST /o/introspect/ HTTP/1.1" 200 178
INFO 2026-02-21 11:21:55,106 log 79626 6167080960 "POST /o/introspect/ HTTP/1.1" 200 178
INFO 2026-02-21 11:21:55,181 log 79626 6201307136 "GET /api/oidc/userinfo/ HTTP/1.1" 200 222
INFO 2026-02-21 11:21:55,181 log 79626 6184480768 "GET /api/oidc/userinfo/ HTTP/1.1" 200 222
INFO 2026-02-23 07:15:29,812 log 79626 6133428224 "GET / HTTP/1.1" 200 4384
INFO 2026-02-23 07:15:35,612 log 79626 6167080960 "GET /o/.well-known/openid-configuration HTTP/1.1" 200 787
INFO 2026-02-23 07:15:35,684 log 79626 6167080960 "GET /o/.well-known/jwks.json HTTP/1.1" 200 474
INFO 2026-02-23 07:15:38,613 log 79626 6133428224 "GET /o/authorize/?response_type=code&client_id=5kWtcsPK1TeThWvN7gktrTfOsoiVdaY9OMqXEIV0&state=M3RCQU5ZcFBSWlBoQV96YlFvbWh5R0tzYkR-SHEzcmVEb0tUX3BkbmswXzJD&redirect_uri=http%3A%2F%2Flocalhost%3A4200&scope=openid%20profile%20email&code_challenge=mvaUk5mymyLiUf66nS3lC8dbZKIuVQObs7WyFbWJbe0&code_challenge_method=S256&nonce=M3RCQU5ZcFBSWlBoQV96YlFvbWh5R0tzYkR-SHEzcmVEb0tUX3BkbmswXzJD HTTP/1.1" 302 0
INFO 2026-02-23 07:15:38,637 log 79626 6133428224 "GET /accounts/login/?next=/o/authorize/%3Fresponse_type%3Dcode%26client_id%3D5kWtcsPK1TeThWvN7gktrTfOsoiVdaY9OMqXEIV0%26state%3DM3RCQU5ZcFBSWlBoQV96YlFvbWh5R0tzYkR-SHEzcmVEb0tUX3BkbmswXzJD%26redirect_uri%3Dhttp%253A%252F%252Flocalhost%253A4200%26scope%3Dopenid%2520profile%2520email%26code_challenge%3DmvaUk5mymyLiUf66nS3lC8dbZKIuVQObs7WyFbWJbe0%26code_challenge_method%3DS256%26nonce%3DM3RCQU5ZcFBSWlBoQV96YlFvbWh5R0tzYkR-SHEzcmVEb0tUX3BkbmswXzJD HTTP/1.1" 200 8717
INFO 2026-02-23 07:15:50,061 log 79626 6133428224 "POST /accounts/login/?next=/o/authorize/%3Fresponse_type%3Dcode%26client_id%3D5kWtcsPK1TeThWvN7gktrTfOsoiVdaY9OMqXEIV0%26state%3DM3RCQU5ZcFBSWlBoQV96YlFvbWh5R0tzYkR-SHEzcmVEb0tUX3BkbmswXzJD%26redirect_uri%3Dhttp%253A%252F%252Flocalhost%253A4200%26scope%3Dopenid%2520profile%2520email%26code_challenge%3DmvaUk5mymyLiUf66nS3lC8dbZKIuVQObs7WyFbWJbe0%26code_challenge_method%3DS256%26nonce%3DM3RCQU5ZcFBSWlBoQV96YlFvbWh5R0tzYkR-SHEzcmVEb0tUX3BkbmswXzJD HTTP/1.1" 302 0
INFO 2026-02-23 07:15:50,147 log 79626 6133428224 "GET /o/authorize/?response_type=code&client_id=5kWtcsPK1TeThWvN7gktrTfOsoiVdaY9OMqXEIV0&state=M3RCQU5ZcFBSWlBoQV96YlFvbWh5R0tzYkR-SHEzcmVEb0tUX3BkbmswXzJD&redirect_uri=http%3A%2F%2Flocalhost%3A4200&scope=openid%20profile%20email&code_challenge=mvaUk5mymyLiUf66nS3lC8dbZKIuVQObs7WyFbWJbe0&code_challenge_method=S256&nonce=M3RCQU5ZcFBSWlBoQV96YlFvbWh5R0tzYkR-SHEzcmVEb0tUX3BkbmswXzJD HTTP/1.1" 200 3899
INFO 2026-02-23 07:16:03,002 log 79626 6133428224 "POST /o/authorize/?response_type=code&client_id=5kWtcsPK1TeThWvN7gktrTfOsoiVdaY9OMqXEIV0&state=M3RCQU5ZcFBSWlBoQV96YlFvbWh5R0tzYkR-SHEzcmVEb0tUX3BkbmswXzJD&redirect_uri=http%3A%2F%2Flocalhost%3A4200&scope=openid%20profile%20email&code_challenge=mvaUk5mymyLiUf66nS3lC8dbZKIuVQObs7WyFbWJbe0&code_challenge_method=S256&nonce=M3RCQU5ZcFBSWlBoQV96YlFvbWh5R0tzYkR-SHEzcmVEb0tUX3BkbmswXzJD HTTP/1.1" 302 0
INFO 2026-02-23 07:16:03,094 log 79626 6167080960 "GET /o/.well-known/openid-configuration HTTP/1.1" 200 787
INFO 2026-02-23 07:16:03,233 validators 79626 6167080960 Token issued for user 9 via local
INFO 2026-02-23 07:16:03,265 signals 79626 6167080960 Access token created for user 9 via client 5kWtcsPK1TeThWvN7gktrTfOsoiVdaY9OMqXEIV0
INFO 2026-02-23 07:16:03,376 log 79626 6167080960 "POST /o/token/ HTTP/1.1" 200 1512
INFO 2026-02-23 07:16:03,516 log 79626 6183907328 "POST /o/introspect/ HTTP/1.1" 200 178
INFO 2026-02-23 07:16:03,619 log 79626 6200733696 "GET /api/oidc/userinfo/ HTTP/1.1" 200 222
INFO 2026-02-23 07:21:30,522 log 79626 6133428224 "GET /o/authorize/?response_type=code&client_id=5kWtcsPK1TeThWvN7gktrTfOsoiVdaY9OMqXEIV0&state=Yl95RXNjb0h0M092STFoQVoxZHdnczE3TDMtNXJmeC1TVHVmelNwbDJzWjA4&redirect_uri=http%3A%2F%2Flocalhost%3A4200&scope=openid%20profile%20email&code_challenge=__nXCJyQZNCzEgHYmdvMNOKhJTxOqexcGwk3ET7aAGA&code_challenge_method=S256&nonce=Yl95RXNjb0h0M092STFoQVoxZHdnczE3TDMtNXJmeC1TVHVmelNwbDJzWjA4 HTTP/1.1" 302 0
INFO 2026-02-23 07:21:30,602 log 79626 6167080960 "OPTIONS /o/.well-known/openid-configuration HTTP/1.1" 200 0
INFO 2026-02-23 07:21:30,626 log 79626 6167080960 "GET /o/.well-known/openid-configuration HTTP/1.1" 200 787
INFO 2026-02-23 07:21:30,632 log 79626 6167080960 "OPTIONS /o/.well-known/jwks.json HTTP/1.1" 200 0
INFO 2026-02-23 07:21:30,666 log 79626 6167080960 "GET /o/.well-known/jwks.json HTTP/1.1" 200 474
INFO 2026-02-23 07:21:30,670 log 79626 6167080960 "OPTIONS /o/token/ HTTP/1.1" 200 0
INFO 2026-02-23 07:21:30,739 validators 79626 6167080960 Token issued for user 9 via local
INFO 2026-02-23 07:21:30,748 signals 79626 6167080960 Access token created for user 9 via client 5kWtcsPK1TeThWvN7gktrTfOsoiVdaY9OMqXEIV0
INFO 2026-02-23 07:21:30,808 log 79626 6167080960 "POST /o/token/ HTTP/1.1" 200 1512
INFO 2026-02-23 07:21:30,911 log 79626 6183907328 "POST /o/introspect/ HTTP/1.1" 200 178
INFO 2026-02-23 07:21:30,981 log 79626 6200733696 "GET /api/oidc/userinfo/ HTTP/1.1" 200 222
INFO 2026-02-23 07:21:31,965 log 79626 6133428224 "GET /o/authorize/?response_type=code&client_id=5kWtcsPK1TeThWvN7gktrTfOsoiVdaY9OMqXEIV0&state=WG5teElvRVdYSDI5WkxyQjF2SWU0aGNOUlFISjRmaUtidVprMlBXYVduRmtD&redirect_uri=http%3A%2F%2Flocalhost%3A4200&scope=openid%20profile%20email&code_challenge=vwt6LAyN-P_-rIhgO_KC7FTQu6PyBUxvPd7FCap0tc4&code_challenge_method=S256&nonce=WG5teElvRVdYSDI5WkxyQjF2SWU0aGNOUlFISjRmaUtidVprMlBXYVduRmtD HTTP/1.1" 302 0
INFO 2026-02-23 07:21:32,030 log 79626 6167080960 "GET /o/.well-known/openid-configuration HTTP/1.1" 200 787
INFO 2026-02-23 07:21:32,058 log 79626 6167080960 "GET /o/.well-known/jwks.json HTTP/1.1" 200 474
INFO 2026-02-23 07:21:32,131 validators 79626 6167080960 Token issued for user 9 via local
INFO 2026-02-23 07:21:32,141 signals 79626 6167080960 Access token created for user 9 via client 5kWtcsPK1TeThWvN7gktrTfOsoiVdaY9OMqXEIV0
INFO 2026-02-23 07:21:32,199 log 79626 6167080960 "POST /o/token/ HTTP/1.1" 200 1512
INFO 2026-02-23 07:21:32,287 log 79626 6183907328 "POST /o/introspect/ HTTP/1.1" 200 178
INFO 2026-02-23 07:21:32,330 log 79626 6200733696 "GET /api/oidc/userinfo/ HTTP/1.1" 200 222
INFO 2026-02-23 07:21:32,563 log 79626 6133428224 "GET /o/authorize/?response_type=code&client_id=5kWtcsPK1TeThWvN7gktrTfOsoiVdaY9OMqXEIV0&state=Tkl3UEU4SXoyTDU3enA1NWV2QUVaSV9SaFFIaEp4YjJIelVyWHZpZ3d3LjVK&redirect_uri=http%3A%2F%2Flocalhost%3A4200&scope=openid%20profile%20email&code_challenge=REdPT68Q2UBcKBwNGUwVfcwYbxnhqrO4cvwze1Y-KR0&code_challenge_method=S256&nonce=Tkl3UEU4SXoyTDU3enA1NWV2QUVaSV9SaFFIaEp4YjJIelVyWHZpZ3d3LjVK HTTP/1.1" 302 0
INFO 2026-02-23 07:21:32,646 log 79626 6167080960 "GET /o/.well-known/openid-configuration HTTP/1.1" 200 787
INFO 2026-02-23 07:21:32,670 log 79626 6167080960 "GET /o/.well-known/jwks.json HTTP/1.1" 200 474
INFO 2026-02-23 07:21:32,736 validators 79626 6167080960 Token issued for user 9 via local
INFO 2026-02-23 07:21:32,741 signals 79626 6167080960 Access token created for user 9 via client 5kWtcsPK1TeThWvN7gktrTfOsoiVdaY9OMqXEIV0
INFO 2026-02-23 07:21:32,806 log 79626 6167080960 "POST /o/token/ HTTP/1.1" 200 1512
INFO 2026-02-23 07:21:32,884 log 79626 6183907328 "POST /o/introspect/ HTTP/1.1" 200 178
INFO 2026-02-23 07:21:32,938 log 79626 6200733696 "GET /api/oidc/userinfo/ HTTP/1.1" 200 222
INFO 2026-02-23 07:21:33,039 log 79626 6133428224 "GET /o/authorize/?response_type=code&client_id=5kWtcsPK1TeThWvN7gktrTfOsoiVdaY9OMqXEIV0&state=Q2hocDB4RGZ1NHZwdXNlYVZQTkRLYUJWTUhyZHhDTUxKdTVBVTFkejVfUnVB&redirect_uri=http%3A%2F%2Flocalhost%3A4200&scope=openid%20profile%20email&code_challenge=HoPTN2s9f_pvuNvLucWnqlupKbQYZq4pRrkaisxz-uY&code_challenge_method=S256&nonce=Q2hocDB4RGZ1NHZwdXNlYVZQTkRLYUJWTUhyZHhDTUxKdTVBVTFkejVfUnVB HTTP/1.1" 302 0
INFO 2026-02-23 07:21:33,115 log 79626 6167080960 "GET /o/.well-known/openid-configuration HTTP/1.1" 200 787
INFO 2026-02-23 07:21:33,142 log 79626 6167080960 "GET /o/.well-known/jwks.json HTTP/1.1" 200 474
INFO 2026-02-23 07:21:33,210 validators 79626 6167080960 Token issued for user 9 via local
INFO 2026-02-23 07:21:33,221 signals 79626 6167080960 Access token created for user 9 via client 5kWtcsPK1TeThWvN7gktrTfOsoiVdaY9OMqXEIV0
INFO 2026-02-23 07:21:33,273 log 79626 6167080960 "POST /o/token/ HTTP/1.1" 200 1512
INFO 2026-02-23 07:21:33,349 log 79626 6183907328 "POST /o/introspect/ HTTP/1.1" 200 178
INFO 2026-02-23 07:21:33,416 log 79626 6200733696 "GET /api/oidc/userinfo/ HTTP/1.1" 200 222
INFO 2026-02-23 07:21:33,638 log 79626 6133428224 "GET /o/authorize/?response_type=code&client_id=5kWtcsPK1TeThWvN7gktrTfOsoiVdaY9OMqXEIV0&state=Z0l-SmNTTmRla0R1V3pDd3JjT0k2SHQzb0ZxenhGRWxnLm92OUJzRHc0aXkx&redirect_uri=http%3A%2F%2Flocalhost%3A4200&scope=openid%20profile%20email&code_challenge=3zyA-W39Kd3Zv48-R4MyiXd49EY5eJUBWUTGEa0htuU&code_challenge_method=S256&nonce=Z0l-SmNTTmRla0R1V3pDd3JjT0k2SHQzb0ZxenhGRWxnLm92OUJzRHc0aXkx HTTP/1.1" 302 0
INFO 2026-02-23 07:21:33,715 log 79626 6167080960 "GET /o/.well-known/openid-configuration HTTP/1.1" 200 787
INFO 2026-02-23 07:21:33,740 log 79626 6167080960 "GET /o/.well-known/jwks.json HTTP/1.1" 200 474
INFO 2026-02-23 07:21:33,810 validators 79626 6167080960 Token issued for user 9 via local
INFO 2026-02-23 07:21:33,819 signals 79626 6167080960 Access token created for user 9 via client 5kWtcsPK1TeThWvN7gktrTfOsoiVdaY9OMqXEIV0
INFO 2026-02-23 07:21:33,882 log 79626 6167080960 "POST /o/token/ HTTP/1.1" 200 1512
INFO 2026-02-23 07:21:33,964 log 79626 6183907328 "POST /o/introspect/ HTTP/1.1" 200 178
INFO 2026-02-23 07:21:34,010 log 79626 6200733696 "GET /api/oidc/userinfo/ HTTP/1.1" 200 222
INFO 2026-02-23 07:22:13,676 log 79626 6133428224 "GET /o/authorize/?response_type=code&client_id=5kWtcsPK1TeThWvN7gktrTfOsoiVdaY9OMqXEIV0&state=WHRTMlpPbi1yZmVLZkRyd0IwSHcyUHA1M05FSWswUy16ZGc0enlzblB6S2s1&redirect_uri=http%3A%2F%2Flocalhost%3A4200&scope=openid%20profile%20email&code_challenge=aEo_6E3t_dbCCNznwWjMQcnGINrg9KFxes7pTwaQjTg&code_challenge_method=S256&nonce=WHRTMlpPbi1yZmVLZkRyd0IwSHcyUHA1M05FSWswUy16ZGc0enlzblB6S2s1 HTTP/1.1" 302 0
INFO 2026-02-23 07:22:13,976 log 79626 6167080960 "GET /o/.well-known/openid-configuration HTTP/1.1" 200 787
INFO 2026-02-23 07:22:14,032 log 79626 6167080960 "GET /o/.well-known/jwks.json HTTP/1.1" 200 474
INFO 2026-02-23 07:22:14,175 validators 79626 6167080960 Token issued for user 9 via local
INFO 2026-02-23 07:22:14,181 signals 79626 6167080960 Access token created for user 9 via client 5kWtcsPK1TeThWvN7gktrTfOsoiVdaY9OMqXEIV0
INFO 2026-02-23 07:22:14,235 log 79626 6167080960 "POST /o/token/ HTTP/1.1" 200 1512
INFO 2026-02-23 07:22:14,439 log 79626 6183907328 "POST /o/introspect/ HTTP/1.1" 200 178
INFO 2026-02-23 07:22:14,558 log 79626 6200733696 "GET /api/oidc/userinfo/ HTTP/1.1" 200 222
INFO 2026-02-23 07:22:57,820 log 79626 6133428224 "GET /o/authorize/?response_type=code&client_id=5kWtcsPK1TeThWvN7gktrTfOsoiVdaY9OMqXEIV0&state=TzlXUVBFOWVrOVZLYW41TXF1YnNyQ3hJblhzN0I2cEtrdDJ2cUlubjdnUDhf&redirect_uri=http%3A%2F%2Flocalhost%3A4200&scope=openid%20profile%20email&code_challenge=GtpQzB71f07SYtiwI0EWl2faVwX-yPLQoLDwm61qG9E&code_challenge_method=S256&nonce=TzlXUVBFOWVrOVZLYW41TXF1YnNyQ3hJblhzN0I2cEtrdDJ2cUlubjdnUDhf HTTP/1.1" 302 0
INFO 2026-02-23 07:22:57,854 log 79626 6133428224 "GET /accounts/login/?next=/o/authorize/%3Fresponse_type%3Dcode%26client_id%3D5kWtcsPK1TeThWvN7gktrTfOsoiVdaY9OMqXEIV0%26state%3DTzlXUVBFOWVrOVZLYW41TXF1YnNyQ3hJblhzN0I2cEtrdDJ2cUlubjdnUDhf%26redirect_uri%3Dhttp%253A%252F%252Flocalhost%253A4200%26scope%3Dopenid%2520profile%2520email%26code_challenge%3DGtpQzB71f07SYtiwI0EWl2faVwX-yPLQoLDwm61qG9E%26code_challenge_method%3DS256%26nonce%3DTzlXUVBFOWVrOVZLYW41TXF1YnNyQ3hJblhzN0I2cEtrdDJ2cUlubjdnUDhf HTTP/1.1" 200 8717
WARNING 2026-02-23 07:22:57,953 log 79626 6133428224 Not Found: /.well-known/appspecific/com.chrome.devtools.json
WARNING 2026-02-23 07:22:57,954 log 79626 6133428224 "GET /.well-known/appspecific/com.chrome.devtools.json HTTP/1.1" 404 5005
INFO 2026-02-23 07:23:08,815 log 79626 6133428224 "POST /accounts/login/?next=/o/authorize/%3Fresponse_type%3Dcode%26client_id%3D5kWtcsPK1TeThWvN7gktrTfOsoiVdaY9OMqXEIV0%26state%3DTzlXUVBFOWVrOVZLYW41TXF1YnNyQ3hJblhzN0I2cEtrdDJ2cUlubjdnUDhf%26redirect_uri%3Dhttp%253A%252F%252Flocalhost%253A4200%26scope%3Dopenid%2520profile%2520email%26code_challenge%3DGtpQzB71f07SYtiwI0EWl2faVwX-yPLQoLDwm61qG9E%26code_challenge_method%3DS256%26nonce%3DTzlXUVBFOWVrOVZLYW41TXF1YnNyQ3hJblhzN0I2cEtrdDJ2cUlubjdnUDhf HTTP/1.1" 200 9253
WARNING 2026-02-23 07:23:08,917 log 79626 6133428224 Not Found: /.well-known/appspecific/com.chrome.devtools.json
WARNING 2026-02-23 07:23:08,931 log 79626 6133428224 "GET /.well-known/appspecific/com.chrome.devtools.json HTTP/1.1" 404 5005
INFO 2026-02-23 07:23:23,896 log 79626 6133428224 "POST /accounts/login/?next=/o/authorize/%3Fresponse_type%3Dcode%26client_id%3D5kWtcsPK1TeThWvN7gktrTfOsoiVdaY9OMqXEIV0%26state%3DTzlXUVBFOWVrOVZLYW41TXF1YnNyQ3hJblhzN0I2cEtrdDJ2cUlubjdnUDhf%26redirect_uri%3Dhttp%253A%252F%252Flocalhost%253A4200%26scope%3Dopenid%2520profile%2520email%26code_challenge%3DGtpQzB71f07SYtiwI0EWl2faVwX-yPLQoLDwm61qG9E%26code_challenge_method%3DS256%26nonce%3DTzlXUVBFOWVrOVZLYW41TXF1YnNyQ3hJblhzN0I2cEtrdDJ2cUlubjdnUDhf HTTP/1.1" 302 0
INFO 2026-02-23 07:23:23,963 log 79626 6133428224 "GET /o/authorize/?response_type=code&client_id=5kWtcsPK1TeThWvN7gktrTfOsoiVdaY9OMqXEIV0&state=TzlXUVBFOWVrOVZLYW41TXF1YnNyQ3hJblhzN0I2cEtrdDJ2cUlubjdnUDhf&redirect_uri=http%3A%2F%2Flocalhost%3A4200&scope=openid%20profile%20email&code_challenge=GtpQzB71f07SYtiwI0EWl2faVwX-yPLQoLDwm61qG9E&code_challenge_method=S256&nonce=TzlXUVBFOWVrOVZLYW41TXF1YnNyQ3hJblhzN0I2cEtrdDJ2cUlubjdnUDhf HTTP/1.1" 302 0
INFO 2026-02-23 07:23:24,209 log 79626 6167080960 "GET /o/.well-known/openid-configuration HTTP/1.1" 200 787
INFO 2026-02-23 07:23:24,450 validators 79626 6167080960 Token issued for user 8 via local
INFO 2026-02-23 07:23:24,455 signals 79626 6167080960 Access token created for user 8 via client 5kWtcsPK1TeThWvN7gktrTfOsoiVdaY9OMqXEIV0
INFO 2026-02-23 07:23:24,503 log 79626 6167080960 "POST /o/token/ HTTP/1.1" 200 1531
INFO 2026-02-23 07:23:24,648 log 79626 6183907328 "POST /o/introspect/ HTTP/1.1" 200 179
INFO 2026-02-23 07:23:24,760 log 79626 6200733696 "GET /api/oidc/userinfo/ HTTP/1.1" 200 235
INFO 2026-02-23 07:24:03,184 log 79626 6133428224 "GET /o/authorize/?response_type=code&client_id=5kWtcsPK1TeThWvN7gktrTfOsoiVdaY9OMqXEIV0&state=cjR6VGd4aE9vdEhsaVdMMklKQWxQLVhsYnZ5WHdtc2ZleVg3VkZFT1B5ek5I&redirect_uri=http%3A%2F%2Flocalhost%3A4200&scope=openid%20profile%20email&code_challenge=Smo8ZpTwoQnH5HtOqFqHHswlxESsyFFmJguDayNQ4gU&code_challenge_method=S256&nonce=cjR6VGd4aE9vdEhsaVdMMklKQWxQLVhsYnZ5WHdtc2ZleVg3VkZFT1B5ek5I HTTP/1.1" 302 0
INFO 2026-02-23 07:24:03,217 log 79626 6133428224 "GET /accounts/login/?next=/o/authorize/%3Fresponse_type%3Dcode%26client_id%3D5kWtcsPK1TeThWvN7gktrTfOsoiVdaY9OMqXEIV0%26state%3DcjR6VGd4aE9vdEhsaVdMMklKQWxQLVhsYnZ5WHdtc2ZleVg3VkZFT1B5ek5I%26redirect_uri%3Dhttp%253A%252F%252Flocalhost%253A4200%26scope%3Dopenid%2520profile%2520email%26code_challenge%3DSmo8ZpTwoQnH5HtOqFqHHswlxESsyFFmJguDayNQ4gU%26code_challenge_method%3DS256%26nonce%3DcjR6VGd4aE9vdEhsaVdMMklKQWxQLVhsYnZ5WHdtc2ZleVg3VkZFT1B5ek5I HTTP/1.1" 200 8717
WARNING 2026-02-23 07:24:03,414 log 79626 6133428224 Not Found: /.well-known/appspecific/com.chrome.devtools.json
WARNING 2026-02-23 07:24:03,415 log 79626 6133428224 "GET /.well-known/appspecific/com.chrome.devtools.json HTTP/1.1" 404 5005
INFO 2026-02-23 07:24:12,724 log 79626 6133428224 "GET /api/users/register-form/ HTTP/1.1" 200 18947
WARNING 2026-02-23 07:24:12,806 log 79626 6133428224 Not Found: /.well-known/appspecific/com.chrome.devtools.json
WARNING 2026-02-23 07:24:12,807 log 79626 6133428224 "GET /.well-known/appspecific/com.chrome.devtools.json HTTP/1.1" 404 5005
INFO 2026-02-23 07:25:09,020 log 79626 6133428224 "POST /api/users/register/ HTTP/1.1" 201 855
INFO 2026-02-23 07:25:11,087 log 79626 6133428224 "GET /accounts/login/ HTTP/1.1" 200 8200
WARNING 2026-02-23 07:25:11,156 log 79626 6133428224 Not Found: /.well-known/appspecific/com.chrome.devtools.json
WARNING 2026-02-23 07:25:11,157 log 79626 6133428224 "GET /.well-known/appspecific/com.chrome.devtools.json HTTP/1.1" 404 5005
INFO 2026-02-23 07:25:26,644 log 79626 6133428224 "POST /accounts/login/ HTTP/1.1" 302 0
INFO 2026-02-23 07:25:26,688 log 79626 6133428224 "GET / HTTP/1.1" 200 4661
WARNING 2026-02-23 07:25:26,789 log 79626 6133428224 Not Found: /.well-known/appspecific/com.chrome.devtools.json
WARNING 2026-02-23 07:25:26,789 log 79626 6133428224 "GET /.well-known/appspecific/com.chrome.devtools.json HTTP/1.1" 404 5005
INFO 2026-02-23 07:25:35,751 log 79626 6133428224 "POST /accounts/logout/ HTTP/1.1" 302 0
INFO 2026-02-23 07:25:35,801 log 79626 6133428224 "GET / HTTP/1.1" 200 4384
WARNING 2026-02-23 07:25:35,858 log 79626 6133428224 Not Found: /.well-known/appspecific/com.chrome.devtools.json
WARNING 2026-02-23 07:25:35,859 log 79626 6133428224 "GET /.well-known/appspecific/com.chrome.devtools.json HTTP/1.1" 404 5005
INFO 2026-02-23 07:25:37,035 log 79626 6133428224 "GET /login/ HTTP/1.1" 302 0
INFO 2026-02-23 07:25:37,067 log 79626 6133428224 "GET /accounts/login/ HTTP/1.1" 200 8200
WARNING 2026-02-23 07:25:37,127 log 79626 6133428224 Not Found: /.well-known/appspecific/com.chrome.devtools.json
WARNING 2026-02-23 07:25:37,128 log 79626 6133428224 "GET /.well-known/appspecific/com.chrome.devtools.json HTTP/1.1" 404 5005
INFO 2026-02-23 07:25:56,338 log 79626 6133428224 "GET / HTTP/1.1" 200 4384
INFO 2026-02-23 07:26:01,356 log 79626 6167080960 "GET /o/.well-known/openid-configuration HTTP/1.1" 200 787
INFO 2026-02-23 07:26:04,877 log 79626 6133428224 "GET /o/authorize/?response_type=code&client_id=5kWtcsPK1TeThWvN7gktrTfOsoiVdaY9OMqXEIV0&state=MWpES3ZOaDhhdUotYzFhUWkzd1cwRE05T3Z3UElDdjVXaEdQeEI1Z01OQWt-&redirect_uri=http%3A%2F%2Flocalhost%3A4200&scope=openid%20profile%20email&code_challenge=h9gICKuYEQOg7KyTj2zOcqry6zDZbtp05ieemLn8Irg&code_challenge_method=S256&nonce=MWpES3ZOaDhhdUotYzFhUWkzd1cwRE05T3Z3UElDdjVXaEdQeEI1Z01OQWt- HTTP/1.1" 302 0
INFO 2026-02-23 07:26:04,900 log 79626 6133428224 "GET /accounts/login/?next=/o/authorize/%3Fresponse_type%3Dcode%26client_id%3D5kWtcsPK1TeThWvN7gktrTfOsoiVdaY9OMqXEIV0%26state%3DMWpES3ZOaDhhdUotYzFhUWkzd1cwRE05T3Z3UElDdjVXaEdQeEI1Z01OQWt-%26redirect_uri%3Dhttp%253A%252F%252Flocalhost%253A4200%26scope%3Dopenid%2520profile%2520email%26code_challenge%3Dh9gICKuYEQOg7KyTj2zOcqry6zDZbtp05ieemLn8Irg%26code_challenge_method%3DS256%26nonce%3DMWpES3ZOaDhhdUotYzFhUWkzd1cwRE05T3Z3UElDdjVXaEdQeEI1Z01OQWt- HTTP/1.1" 200 8717
INFO 2026-02-23 07:26:40,648 log 79626 6133428224 "POST /accounts/login/?next=/o/authorize/%3Fresponse_type%3Dcode%26client_id%3D5kWtcsPK1TeThWvN7gktrTfOsoiVdaY9OMqXEIV0%26state%3DMWpES3ZOaDhhdUotYzFhUWkzd1cwRE05T3Z3UElDdjVXaEdQeEI1Z01OQWt-%26redirect_uri%3Dhttp%253A%252F%252Flocalhost%253A4200%26scope%3Dopenid%2520profile%2520email%26code_challenge%3Dh9gICKuYEQOg7KyTj2zOcqry6zDZbtp05ieemLn8Irg%26code_challenge_method%3DS256%26nonce%3DMWpES3ZOaDhhdUotYzFhUWkzd1cwRE05T3Z3UElDdjVXaEdQeEI1Z01OQWt- HTTP/1.1" 200 9250
INFO 2026-02-23 07:26:48,246 log 79626 6133428224 "POST /accounts/login/?next=/o/authorize/%3Fresponse_type%3Dcode%26client_id%3D5kWtcsPK1TeThWvN7gktrTfOsoiVdaY9OMqXEIV0%26state%3DMWpES3ZOaDhhdUotYzFhUWkzd1cwRE05T3Z3UElDdjVXaEdQeEI1Z01OQWt-%26redirect_uri%3Dhttp%253A%252F%252Flocalhost%253A4200%26scope%3Dopenid%2520profile%2520email%26code_challenge%3Dh9gICKuYEQOg7KyTj2zOcqry6zDZbtp05ieemLn8Irg%26code_challenge_method%3DS256%26nonce%3DMWpES3ZOaDhhdUotYzFhUWkzd1cwRE05T3Z3UElDdjVXaEdQeEI1Z01OQWt- HTTP/1.1" 302 0
INFO 2026-02-23 07:26:48,304 log 79626 6133428224 "GET /o/authorize/?response_type=code&client_id=5kWtcsPK1TeThWvN7gktrTfOsoiVdaY9OMqXEIV0&state=MWpES3ZOaDhhdUotYzFhUWkzd1cwRE05T3Z3UElDdjVXaEdQeEI1Z01OQWt-&redirect_uri=http%3A%2F%2Flocalhost%3A4200&scope=openid%20profile%20email&code_challenge=h9gICKuYEQOg7KyTj2zOcqry6zDZbtp05ieemLn8Irg&code_challenge_method=S256&nonce=MWpES3ZOaDhhdUotYzFhUWkzd1cwRE05T3Z3UElDdjVXaEdQeEI1Z01OQWt- HTTP/1.1" 302 0
INFO 2026-02-23 07:26:48,402 log 79626 6167080960 "GET /o/.well-known/openid-configuration HTTP/1.1" 200 787
INFO 2026-02-23 07:26:48,473 validators 79626 6167080960 Token issued for user 10 via local
INFO 2026-02-23 07:26:48,482 signals 79626 6167080960 Access token created for user 10 via client 5kWtcsPK1TeThWvN7gktrTfOsoiVdaY9OMqXEIV0
INFO 2026-02-23 07:26:48,539 log 79626 6167080960 "POST /o/token/ HTTP/1.1" 200 1471
INFO 2026-02-23 07:26:48,649 log 79626 6183907328 "POST /o/introspect/ HTTP/1.1" 200 166
INFO 2026-02-23 07:26:48,752 log 79626 6200733696 "GET /api/oidc/userinfo/ HTTP/1.1" 200 198
INFO 2026-02-23 07:27:01,403 log 79626 6200733696 "POST /o/introspect/ HTTP/1.1" 200 166
INFO 2026-02-23 07:27:01,403 log 79626 6183907328 "POST /o/introspect/ HTTP/1.1" 200 166
INFO 2026-02-23 07:27:01,460 log 79626 6235533312 "GET /api/oidc/userinfo/ HTTP/1.1" 200 198
INFO 2026-02-23 07:27:01,460 log 79626 6218706944 "GET /api/oidc/userinfo/ HTTP/1.1" 200 198
INFO 2026-02-23 07:27:44,896 log 79626 6167080960 "GET /o/.well-known/openid-configuration HTTP/1.1" 200 787
INFO 2026-02-23 07:27:44,931 log 79626 6167080960 "GET /o/.well-known/jwks.json HTTP/1.1" 200 474
INFO 2026-02-23 07:27:45,223 log 79626 6183907328 "POST /o/introspect/ HTTP/1.1" 200 166
INFO 2026-02-23 07:27:45,223 log 79626 6150254592 "POST /o/introspect/ HTTP/1.1" 200 166
INFO 2026-02-23 07:27:45,275 log 79626 6218133504 "GET /api/oidc/userinfo/ HTTP/1.1" 200 198
INFO 2026-02-23 07:27:45,279 log 79626 6234959872 "GET /api/oidc/userinfo/ HTTP/1.1" 200 198
INFO 2026-02-23 07:34:08,577 log 79626 6133428224 "GET /o/authorize/?response_type=code&client_id=5kWtcsPK1TeThWvN7gktrTfOsoiVdaY9OMqXEIV0&state=d1dVcmpaLU5GaG5jZ2luOXNiYXNrc3FrTGdBeF9TM3RiV3J6dEhYTnB1TTNE&redirect_uri=http%3A%2F%2Flocalhost%3A4200&scope=openid%20profile%20email&code_challenge=Evi8gQp6YAtVB5UlVecvxQ9AB7V9AFsAvgkvWBCXmyw&code_challenge_method=S256&nonce=d1dVcmpaLU5GaG5jZ2luOXNiYXNrc3FrTGdBeF9TM3RiV3J6dEhYTnB1TTNE HTTP/1.1" 302 0
INFO 2026-02-23 07:34:08,607 log 79626 6133428224 "GET /accounts/login/?next=/o/authorize/%3Fresponse_type%3Dcode%26client_id%3D5kWtcsPK1TeThWvN7gktrTfOsoiVdaY9OMqXEIV0%26state%3Dd1dVcmpaLU5GaG5jZ2luOXNiYXNrc3FrTGdBeF9TM3RiV3J6dEhYTnB1TTNE%26redirect_uri%3Dhttp%253A%252F%252Flocalhost%253A4200%26scope%3Dopenid%2520profile%2520email%26code_challenge%3DEvi8gQp6YAtVB5UlVecvxQ9AB7V9AFsAvgkvWBCXmyw%26code_challenge_method%3DS256%26nonce%3Dd1dVcmpaLU5GaG5jZ2luOXNiYXNrc3FrTGdBeF9TM3RiV3J6dEhYTnB1TTNE HTTP/1.1" 200 8717
WARNING 2026-02-23 07:34:08,727 log 79626 6133428224 Not Found: /.well-known/appspecific/com.chrome.devtools.json
WARNING 2026-02-23 07:34:08,727 log 79626 6133428224 "GET /.well-known/appspecific/com.chrome.devtools.json HTTP/1.1" 404 5005
INFO 2026-02-23 07:36:28,241 log 79626 6167080960 "POST /o/introspect/ HTTP/1.1" 200 166
INFO 2026-02-23 07:36:28,253 log 79626 6150254592 "POST /o/introspect/ HTTP/1.1" 200 166
INFO 2026-02-23 07:36:28,338 log 79626 6201307136 "GET /api/oidc/userinfo/ HTTP/1.1" 200 198
INFO 2026-02-23 07:36:28,341 log 79626 6218133504 "GET /api/oidc/userinfo/ HTTP/1.1" 200 198
INFO 2026-02-23 07:36:35,058 log 79626 6133428224 "GET /o/authorize/?response_type=code&client_id=5kWtcsPK1TeThWvN7gktrTfOsoiVdaY9OMqXEIV0&state=NDQuWl9RSW5hSTllSUt4elk5eUZYamJvSVNGX0RxTWlEam1MRUdKdEhMLThG&redirect_uri=http%3A%2F%2Flocalhost%3A4200&scope=openid%20profile%20email&code_challenge=v16Ghhl04B3pbRV8VLssdTMudNLeY52OrC1fzq1CFYU&code_challenge_method=S256&nonce=NDQuWl9RSW5hSTllSUt4elk5eUZYamJvSVNGX0RxTWlEam1MRUdKdEhMLThG HTTP/1.1" 302 0
INFO 2026-02-23 07:36:35,094 log 79626 6133428224 "GET /accounts/login/?next=/o/authorize/%3Fresponse_type%3Dcode%26client_id%3D5kWtcsPK1TeThWvN7gktrTfOsoiVdaY9OMqXEIV0%26state%3DNDQuWl9RSW5hSTllSUt4elk5eUZYamJvSVNGX0RxTWlEam1MRUdKdEhMLThG%26redirect_uri%3Dhttp%253A%252F%252Flocalhost%253A4200%26scope%3Dopenid%2520profile%2520email%26code_challenge%3Dv16Ghhl04B3pbRV8VLssdTMudNLeY52OrC1fzq1CFYU%26code_challenge_method%3DS256%26nonce%3DNDQuWl9RSW5hSTllSUt4elk5eUZYamJvSVNGX0RxTWlEam1MRUdKdEhMLThG HTTP/1.1" 200 8717
WARNING 2026-02-23 07:36:35,191 log 79626 6133428224 Not Found: /.well-known/appspecific/com.chrome.devtools.json
WARNING 2026-02-23 07:36:35,192 log 79626 6133428224 "GET /.well-known/appspecific/com.chrome.devtools.json HTTP/1.1" 404 5005
INFO 2026-02-23 07:36:52,653 log 79626 6133428224 "POST /accounts/login/?next=/o/authorize/%3Fresponse_type%3Dcode%26client_id%3D5kWtcsPK1TeThWvN7gktrTfOsoiVdaY9OMqXEIV0%26state%3DNDQuWl9RSW5hSTllSUt4elk5eUZYamJvSVNGX0RxTWlEam1MRUdKdEhMLThG%26redirect_uri%3Dhttp%253A%252F%252Flocalhost%253A4200%26scope%3Dopenid%2520profile%2520email%26code_challenge%3Dv16Ghhl04B3pbRV8VLssdTMudNLeY52OrC1fzq1CFYU%26code_challenge_method%3DS256%26nonce%3DNDQuWl9RSW5hSTllSUt4elk5eUZYamJvSVNGX0RxTWlEam1MRUdKdEhMLThG HTTP/1.1" 302 0
INFO 2026-02-23 07:36:52,716 log 79626 6133428224 "GET /o/authorize/?response_type=code&client_id=5kWtcsPK1TeThWvN7gktrTfOsoiVdaY9OMqXEIV0&state=NDQuWl9RSW5hSTllSUt4elk5eUZYamJvSVNGX0RxTWlEam1MRUdKdEhMLThG&redirect_uri=http%3A%2F%2Flocalhost%3A4200&scope=openid%20profile%20email&code_challenge=v16Ghhl04B3pbRV8VLssdTMudNLeY52OrC1fzq1CFYU&code_challenge_method=S256&nonce=NDQuWl9RSW5hSTllSUt4elk5eUZYamJvSVNGX0RxTWlEam1MRUdKdEhMLThG HTTP/1.1" 302 0
INFO 2026-02-23 07:36:53,014 log 79626 6167080960 "GET /o/.well-known/openid-configuration HTTP/1.1" 200 787
INFO 2026-02-23 07:36:53,191 validators 79626 6167080960 Token issued for user 10 via local
INFO 2026-02-23 07:36:53,198 signals 79626 6167080960 Access token created for user 10 via client 5kWtcsPK1TeThWvN7gktrTfOsoiVdaY9OMqXEIV0
INFO 2026-02-23 07:36:53,252 log 79626 6167080960 "POST /o/token/ HTTP/1.1" 200 1471
INFO 2026-02-23 07:36:53,409 log 79626 6184480768 "POST /o/introspect/ HTTP/1.1" 200 166
INFO 2026-02-23 07:36:53,549 log 79626 6201307136 "GET /api/oidc/userinfo/ HTTP/1.1" 200 198
INFO 2026-02-23 07:37:53,348 log 79626 6133428224 "GET /o/authorize/?response_type=code&client_id=5kWtcsPK1TeThWvN7gktrTfOsoiVdaY9OMqXEIV0&state=UVRZeElUb1ZYUkFuWlZtUTIyS0ZUd2guRnJVTmZIbHYzY1p3bW8ycHp3ZHZM&redirect_uri=http%3A%2F%2Flocalhost%3A4200&scope=openid%20profile%20email&code_challenge=bnBQ1N4rqkBCAbm6YtTQNo9QelMH7B5kzx6x-sRDwME&code_challenge_method=S256&nonce=UVRZeElUb1ZYUkFuWlZtUTIyS0ZUd2guRnJVTmZIbHYzY1p3bW8ycHp3ZHZM HTTP/1.1" 302 0
INFO 2026-02-23 07:37:53,688 log 79626 6167080960 "GET /o/.well-known/openid-configuration HTTP/1.1" 200 787
INFO 2026-02-23 07:37:53,829 log 79626 6167080960 "GET /o/.well-known/jwks.json HTTP/1.1" 200 474
INFO 2026-02-23 07:37:53,944 validators 79626 6167080960 Token issued for user 10 via local
INFO 2026-02-23 07:37:53,952 signals 79626 6167080960 Access token created for user 10 via client 5kWtcsPK1TeThWvN7gktrTfOsoiVdaY9OMqXEIV0
INFO 2026-02-23 07:37:54,014 log 79626 6167080960 "POST /o/token/ HTTP/1.1" 200 1471
INFO 2026-02-23 07:37:54,174 log 79626 6150254592 "POST /o/introspect/ HTTP/1.1" 200 166
INFO 2026-02-23 07:37:54,237 log 79626 6201307136 "GET /api/oidc/userinfo/ HTTP/1.1" 200 198
INFO 2026-02-23 07:38:08,865 log 79626 6133428224 "GET /o/authorize/?response_type=code&client_id=5kWtcsPK1TeThWvN7gktrTfOsoiVdaY9OMqXEIV0&state=NS5ZakV6aHhmU1JKM2Y4aFkxbEl1S1h1MkgxbXB3dDJMTWUyME5iT1J-eC1p&redirect_uri=http%3A%2F%2Flocalhost%3A4200&scope=openid%20profile%20email&code_challenge=R81YFzAPgNXdZ1ZVXPSNXX2HqHM1grEvLnjetpEUnFg&code_challenge_method=S256&nonce=NS5ZakV6aHhmU1JKM2Y4aFkxbEl1S1h1MkgxbXB3dDJMTWUyME5iT1J-eC1p HTTP/1.1" 302 0
INFO 2026-02-23 07:38:08,902 log 79626 6133428224 "GET /accounts/login/?next=/o/authorize/%3Fresponse_type%3Dcode%26client_id%3D5kWtcsPK1TeThWvN7gktrTfOsoiVdaY9OMqXEIV0%26state%3DNS5ZakV6aHhmU1JKM2Y4aFkxbEl1S1h1MkgxbXB3dDJMTWUyME5iT1J-eC1p%26redirect_uri%3Dhttp%253A%252F%252Flocalhost%253A4200%26scope%3Dopenid%2520profile%2520email%26code_challenge%3DR81YFzAPgNXdZ1ZVXPSNXX2HqHM1grEvLnjetpEUnFg%26code_challenge_method%3DS256%26nonce%3DNS5ZakV6aHhmU1JKM2Y4aFkxbEl1S1h1MkgxbXB3dDJMTWUyME5iT1J-eC1p HTTP/1.1" 200 8717
WARNING 2026-02-23 07:38:09,080 log 79626 6133428224 Not Found: /.well-known/appspecific/com.chrome.devtools.json
WARNING 2026-02-23 07:38:09,081 log 79626 6133428224 "GET /.well-known/appspecific/com.chrome.devtools.json HTTP/1.1" 404 5005
INFO 2026-02-23 07:38:30,657 log 79626 6167080960 "GET /o/.well-known/openid-configuration HTTP/1.1" 200 787
INFO 2026-02-23 07:38:30,689 log 79626 6167080960 "GET /o/.well-known/jwks.json HTTP/1.1" 200 474
INFO 2026-02-23 07:38:30,864 log 79626 6150254592 "POST /o/introspect/ HTTP/1.1" 200 166
INFO 2026-02-23 07:38:30,929 log 79626 6201307136 "GET /api/oidc/userinfo/ HTTP/1.1" 200 198
INFO 2026-02-23 07:38:32,095 log 79626 6133428224 "GET /o/authorize/?response_type=code&client_id=5kWtcsPK1TeThWvN7gktrTfOsoiVdaY9OMqXEIV0&state=R3NzNGg3UmlLWDJKa1Z1ZURFQX41QjlLS3UxbC05Z1ZGYjdFalUtUFdCLTFT&redirect_uri=http%3A%2F%2Flocalhost%3A4200&scope=openid%20profile%20email&code_challenge=E3_s6Z548Dl7FIdNcWl33mCMAvvV5zyyL4ZJQmaqo5I&code_challenge_method=S256&nonce=R3NzNGg3UmlLWDJKa1Z1ZURFQX41QjlLS3UxbC05Z1ZGYjdFalUtUFdCLTFT HTTP/1.1" 302 0
INFO 2026-02-23 07:38:32,129 log 79626 6133428224 "GET /accounts/login/?next=/o/authorize/%3Fresponse_type%3Dcode%26client_id%3D5kWtcsPK1TeThWvN7gktrTfOsoiVdaY9OMqXEIV0%26state%3DR3NzNGg3UmlLWDJKa1Z1ZURFQX41QjlLS3UxbC05Z1ZGYjdFalUtUFdCLTFT%26redirect_uri%3Dhttp%253A%252F%252Flocalhost%253A4200%26scope%3Dopenid%2520profile%2520email%26code_challenge%3DE3_s6Z548Dl7FIdNcWl33mCMAvvV5zyyL4ZJQmaqo5I%26code_challenge_method%3DS256%26nonce%3DR3NzNGg3UmlLWDJKa1Z1ZURFQX41QjlLS3UxbC05Z1ZGYjdFalUtUFdCLTFT HTTP/1.1" 200 8717
INFO 2026-02-23 07:38:46,136 log 79626 6133428224 "POST /accounts/login/?next=/o/authorize/%3Fresponse_type%3Dcode%26client_id%3D5kWtcsPK1TeThWvN7gktrTfOsoiVdaY9OMqXEIV0%26state%3DR3NzNGg3UmlLWDJKa1Z1ZURFQX41QjlLS3UxbC05Z1ZGYjdFalUtUFdCLTFT%26redirect_uri%3Dhttp%253A%252F%252Flocalhost%253A4200%26scope%3Dopenid%2520profile%2520email%26code_challenge%3DE3_s6Z548Dl7FIdNcWl33mCMAvvV5zyyL4ZJQmaqo5I%26code_challenge_method%3DS256%26nonce%3DR3NzNGg3UmlLWDJKa1Z1ZURFQX41QjlLS3UxbC05Z1ZGYjdFalUtUFdCLTFT HTTP/1.1" 302 0
INFO 2026-02-23 07:38:46,195 log 79626 6133428224 "GET /o/authorize/?response_type=code&client_id=5kWtcsPK1TeThWvN7gktrTfOsoiVdaY9OMqXEIV0&state=R3NzNGg3UmlLWDJKa1Z1ZURFQX41QjlLS3UxbC05Z1ZGYjdFalUtUFdCLTFT&redirect_uri=http%3A%2F%2Flocalhost%3A4200&scope=openid%20profile%20email&code_challenge=E3_s6Z548Dl7FIdNcWl33mCMAvvV5zyyL4ZJQmaqo5I&code_challenge_method=S256&nonce=R3NzNGg3UmlLWDJKa1Z1ZURFQX41QjlLS3UxbC05Z1ZGYjdFalUtUFdCLTFT HTTP/1.1" 302 0
INFO 2026-02-23 07:38:46,298 log 79626 6167080960 "GET /o/.well-known/openid-configuration HTTP/1.1" 200 787
INFO 2026-02-23 07:38:46,354 validators 79626 6167080960 Token issued for user 1 via local
INFO 2026-02-23 07:38:46,359 signals 79626 6167080960 Access token created for user 1 via client 5kWtcsPK1TeThWvN7gktrTfOsoiVdaY9OMqXEIV0
INFO 2026-02-23 07:38:46,400 log 79626 6167080960 "POST /o/token/ HTTP/1.1" 200 1475
INFO 2026-02-23 07:38:46,521 log 79626 6150254592 "POST /o/introspect/ HTTP/1.1" 200 195
INFO 2026-02-23 07:38:46,601 log 79626 6201307136 "GET /api/oidc/userinfo/ HTTP/1.1" 200 178
INFO 2026-02-23 07:38:56,757 log 79626 6133428224 "GET /admin/ HTTP/1.1" 200 16772
INFO 2026-02-23 07:38:56,775 log 79626 6133428224 "GET /static/admin/css/base.css HTTP/1.1" 304 0
INFO 2026-02-23 07:38:56,780 log 79626 6150254592 "GET /static/admin/css/dark_mode.css HTTP/1.1" 304 0
INFO 2026-02-23 07:38:56,781 log 79626 6133428224 "GET /static/admin/js/theme.js HTTP/1.1" 304 0
INFO 2026-02-23 07:38:56,781 log 79626 6218133504 "GET /static/admin/css/responsive.css HTTP/1.1" 304 0
INFO 2026-02-23 07:38:56,781 log 79626 6184480768 "GET /static/admin/css/nav_sidebar.css HTTP/1.1" 304 0
INFO 2026-02-23 07:38:56,782 log 79626 6201307136 "GET /static/admin/css/dashboard.css HTTP/1.1" 304 0
INFO 2026-02-23 07:38:56,910 log 79626 6201307136 "GET /static/admin/js/nav_sidebar.js HTTP/1.1" 304 0
INFO 2026-02-23 07:38:56,924 log 79626 6184480768 "GET /static/admin/img/icon-addlink.svg HTTP/1.1" 304 0
INFO 2026-02-23 07:38:56,924 log 79626 6218133504 "GET /static/admin/img/icon-deletelink.svg HTTP/1.1" 304 0
INFO 2026-02-23 07:38:56,924 log 79626 6201307136 "GET /static/admin/img/icon-changelink.svg HTTP/1.1" 304 0
INFO 2026-02-23 07:39:01,070 log 79626 6218133504 "GET /admin/oauth2_provider/application/ HTTP/1.1" 200 18200
INFO 2026-02-23 07:39:01,111 log 79626 6201307136 "GET /static/admin/css/changelists.css HTTP/1.1" 304 0
INFO 2026-02-23 07:39:01,115 log 79626 6184480768 "GET /static/admin/js/vendor/jquery/jquery.js HTTP/1.1" 304 0
INFO 2026-02-23 07:39:01,116 log 79626 6201307136 "GET /static/admin/js/prepopulate.js HTTP/1.1" 304 0
INFO 2026-02-23 07:39:01,113 log 79626 6133428224 "GET /static/admin/js/core.js HTTP/1.1" 304 0
INFO 2026-02-23 07:39:01,114 log 79626 6234959872 "GET /static/admin/js/actions.js HTTP/1.1" 304 0
INFO 2026-02-23 07:39:01,117 log 79626 6150254592 "GET /static/admin/js/urlify.js HTTP/1.1" 304 0
INFO 2026-02-23 07:39:01,117 log 79626 6133428224 "GET /static/admin/js/admin/RelatedObjectLookups.js HTTP/1.1" 304 0
INFO 2026-02-23 07:39:01,120 log 79626 6234959872 "GET /static/admin/js/jquery.init.js HTTP/1.1" 304 0
INFO 2026-02-23 07:39:01,120 log 79626 6150254592 "GET /static/admin/js/vendor/xregexp/xregexp.js HTTP/1.1" 304 0
INFO 2026-02-23 07:39:01,123 log 79626 6150254592 "GET /static/admin/img/search.svg HTTP/1.1" 304 0
INFO 2026-02-23 07:39:01,126 log 79626 6150254592 "GET /static/admin/js/filters.js HTTP/1.1" 304 0
INFO 2026-02-23 07:39:01,602 log 79626 6218133504 "GET /admin/jsi18n/ HTTP/1.1" 200 3342
INFO 2026-02-23 07:39:01,627 log 79626 6150254592 "GET /static/admin/img/icon-viewlink.svg HTTP/1.1" 304 0
INFO 2026-02-23 07:39:01,627 log 79626 6218133504 "GET /static/admin/img/tooltag-add.svg HTTP/1.1" 304 0
INFO 2026-02-23 07:39:13,808 log 79626 6218133504 "GET /admin/oauth2_provider/application/3/change/ HTTP/1.1" 200 25094
INFO 2026-02-23 07:39:13,834 log 79626 6234959872 "GET /static/admin/css/forms.css HTTP/1.1" 304 0
INFO 2026-02-23 07:39:13,835 log 79626 6150254592 "GET /static/admin/js/prepopulate_init.js HTTP/1.1" 304 0
INFO 2026-02-23 07:39:13,844 log 79626 6150254592 "GET /static/admin/css/widgets.css HTTP/1.1" 304 0
INFO 2026-02-23 07:39:13,848 log 79626 6150254592 "GET /static/admin/js/change_form.js HTTP/1.1" 304 0
INFO 2026-02-23 07:39:13,877 log 79626 6218133504 "GET /admin/jsi18n/ HTTP/1.1" 200 3342
INFO 2026-02-23 07:39:13,889 log 79626 6218133504 "GET /static/admin/img/tooltag-arrowright.svg HTTP/1.1" 304 0
INFO 2026-02-23 07:39:20,685 log 79626 6218133504 "GET /admin/oauth2_provider/application/ HTTP/1.1" 200 18200
INFO 2026-02-23 07:39:22,476 log 79626 6218133504 "GET /admin/oauth2_provider/application/1/change/ HTTP/1.1" 200 25118
INFO 2026-02-23 07:39:22,544 log 79626 6218133504 "GET /admin/jsi18n/ HTTP/1.1" 200 3342
INFO 2026-02-23 07:39:26,125 log 79626 6218133504 "GET /admin/oauth2_provider/application/ HTTP/1.1" 200 18200
INFO 2026-02-23 07:39:30,395 log 79626 6218133504 "GET /admin/oauth2_provider/application/3/change/ HTTP/1.1" 200 25094
INFO 2026-02-23 07:39:30,462 log 79626 6218133504 "GET /admin/jsi18n/ HTTP/1.1" 200 3342
INFO 2026-02-23 07:39:38,738 log 79626 6218133504 "GET /admin/oauth2_provider/application/ HTTP/1.1" 200 18200
INFO 2026-02-23 07:39:51,563 log 79626 6218133504 "GET /admin/oauth2_provider/application/3/change/ HTTP/1.1" 200 25094
INFO 2026-02-23 07:39:51,630 log 79626 6218133504 "GET /admin/jsi18n/ HTTP/1.1" 200 3342
INFO 2026-02-23 07:39:56,436 log 79626 6218133504 "GET /admin/oauth2_provider/application/ HTTP/1.1" 200 18200
INFO 2026-02-23 07:39:58,419 log 79626 6218133504 "GET /admin/oauth2_provider/application/1/change/ HTTP/1.1" 200 25118
INFO 2026-02-23 07:39:58,488 log 79626 6218133504 "GET /admin/jsi18n/ HTTP/1.1" 200 3342
INFO 2026-02-23 07:43:14,739 log 79626 6218133504 "GET /o/authorize/?response_type=code&client_id=5kWtcsPK1TeThWvN7gktrTfOsoiVdaY9OMqXEIV0&state=TEd-Q2ZsLnpseWEtdEhKYmUuSVA2VDFoRTB5YktUYjRGR3lHV0ZDV0QydEd6&redirect_uri=http%3A%2F%2Flocalhost%3A4200&scope=openid%20profile%20email&code_challenge=QgWo41wILf_78qmFIoCXJ7M9eeinFT29ADMbQGMZyDE&code_challenge_method=S256&nonce=TEd-Q2ZsLnpseWEtdEhKYmUuSVA2VDFoRTB5YktUYjRGR3lHV0ZDV0QydEd6 HTTP/1.1" 302 0
INFO 2026-02-23 07:43:14,861 log 79626 6167080960 "GET /o/.well-known/openid-configuration HTTP/1.1" 200 787
INFO 2026-02-23 07:43:14,905 log 79626 6167080960 "GET /o/.well-known/jwks.json HTTP/1.1" 200 474
INFO 2026-02-23 07:43:14,974 validators 79626 6167080960 Token issued for user 1 via local
INFO 2026-02-23 07:43:14,981 signals 79626 6167080960 Access token created for user 1 via client 5kWtcsPK1TeThWvN7gktrTfOsoiVdaY9OMqXEIV0
INFO 2026-02-23 07:43:15,039 log 79626 6167080960 "POST /o/token/ HTTP/1.1" 200 1475
INFO 2026-02-23 07:43:15,158 log 79626 6251786240 "POST /o/introspect/ HTTP/1.1" 200 195
INFO 2026-02-23 07:43:15,258 log 79626 6268612608 "GET /api/oidc/userinfo/ HTTP/1.1" 200 178
INFO 2026-02-23 07:43:16,971 log 79626 6218133504 "GET /o/authorize/?response_type=code&client_id=5kWtcsPK1TeThWvN7gktrTfOsoiVdaY9OMqXEIV0&state=SVJ4dTVGVi5lRGtYTll0RDRHOGhTSDFBQVJVeU45R3J-OElPdEJ4UkdudDJv&redirect_uri=http%3A%2F%2Flocalhost%3A4200&scope=openid%20profile%20email&code_challenge=baglx9muPqxHPxXVvUtFPMf2_uORAAbgR3dCOSFJAJk&code_challenge_method=S256&nonce=SVJ4dTVGVi5lRGtYTll0RDRHOGhTSDFBQVJVeU45R3J-OElPdEJ4UkdudDJv HTTP/1.1" 302 0
INFO 2026-02-23 07:43:17,053 log 79626 6167080960 "GET /o/.well-known/openid-configuration HTTP/1.1" 200 787
INFO 2026-02-23 07:43:17,081 log 79626 6167080960 "GET /o/.well-known/jwks.json HTTP/1.1" 200 474
INFO 2026-02-23 07:43:17,151 validators 79626 6167080960 Token issued for user 1 via local
INFO 2026-02-23 07:43:17,157 signals 79626 6167080960 Access token created for user 1 via client 5kWtcsPK1TeThWvN7gktrTfOsoiVdaY9OMqXEIV0
INFO 2026-02-23 07:43:17,209 log 79626 6167080960 "POST /o/token/ HTTP/1.1" 200 1475
INFO 2026-02-23 07:43:17,308 log 79626 6251786240 "POST /o/introspect/ HTTP/1.1" 200 195
INFO 2026-02-23 07:43:17,366 log 79626 6268612608 "GET /api/oidc/userinfo/ HTTP/1.1" 200 178
INFO 2026-02-23 07:44:42,455 log 79626 6133428224 "GET /o/.well-known/openid-configuration HTTP/1.1" 200 787
INFO 2026-02-23 07:44:42,516 log 79626 6133428224 "GET /o/.well-known/jwks.json HTTP/1.1" 200 474
INFO 2026-02-23 07:44:42,709 log 79626 6150254592 "POST /o/introspect/ HTTP/1.1" 200 195
INFO 2026-02-23 07:44:42,797 log 79626 6167080960 "GET /api/oidc/userinfo/ HTTP/1.1" 200 178
INFO 2026-02-23 07:45:29,020 log 79626 6133428224 "GET /o/.well-known/openid-configuration HTTP/1.1" 200 787
INFO 2026-02-23 07:45:29,202 log 79626 6150254592 "POST /o/introspect/ HTTP/1.1" 200 195
INFO 2026-02-23 07:45:29,257 log 79626 6167080960 "GET /api/oidc/userinfo/ HTTP/1.1" 200 178
INFO 2026-02-23 09:00:08,588 log 79626 6133428224 "GET /o/authorize/?response_type=code&client_id=5kWtcsPK1TeThWvN7gktrTfOsoiVdaY9OMqXEIV0&state=TXFCQXd5ejlFVTlPcTYuUjJPZFYyU0t2TlllZmdXWFJvbVlvTWs5WVlzbHQx&redirect_uri=http%3A%2F%2Flocalhost%3A4200&scope=openid%20profile%20email&code_challenge=LuZgK0DcOEx-ppk3fT9MVK3GEPYRLit1ktuP1v15qjQ&code_challenge_method=S256&nonce=TXFCQXd5ejlFVTlPcTYuUjJPZFYyU0t2TlllZmdXWFJvbVlvTWs5WVlzbHQx HTTP/1.1" 302 0
INFO 2026-02-23 09:00:08,789 log 79626 6167080960 "GET /o/.well-known/openid-configuration HTTP/1.1" 200 787
INFO 2026-02-23 09:00:08,946 log 79626 6184480768 "GET /o/.well-known/jwks.json HTTP/1.1" 200 474
INFO 2026-02-23 09:00:08,981 validators 79626 6167080960 Token issued for user 1 via local
INFO 2026-02-23 09:00:08,989 signals 79626 6167080960 Access token created for user 1 via client 5kWtcsPK1TeThWvN7gktrTfOsoiVdaY9OMqXEIV0
INFO 2026-02-23 09:00:09,046 log 79626 6167080960 "POST /o/token/ HTTP/1.1" 200 1475
INFO 2026-02-23 09:00:09,149 log 79626 6201307136 "POST /o/introspect/ HTTP/1.1" 200 195
INFO 2026-02-23 09:00:09,247 log 79626 6218133504 "GET /api/oidc/userinfo/ HTTP/1.1" 200 178
INFO 2026-02-23 09:00:17,325 log 79626 6218133504 "POST /o/introspect/ HTTP/1.1" 200 195
INFO 2026-02-23 09:00:17,325 log 79626 6201307136 "POST /o/introspect/ HTTP/1.1" 200 195
INFO 2026-02-23 09:00:17,361 log 79626 6235533312 "GET /api/oidc/userinfo/ HTTP/1.1" 200 178
INFO 2026-02-23 09:00:17,362 log 79626 6252359680 "GET /api/oidc/userinfo/ HTTP/1.1" 200 178
INFO 2026-02-23 09:00:28,033 log 79626 6133428224 "GET /o/authorize/?response_type=code&client_id=5kWtcsPK1TeThWvN7gktrTfOsoiVdaY9OMqXEIV0&state=MkQ1fnZGWnVrRUlwQTRtOXBjZVRBM1EtSFRualAxXzZSTjIzd29QNzJkaklC&redirect_uri=http%3A%2F%2Flocalhost%3A4200&scope=openid%20profile%20email&code_challenge=9xyJ8gYqLfP03H-caxqD5OfLBMlPxKhMA-WVZwePei4&code_challenge_method=S256&nonce=MkQ1fnZGWnVrRUlwQTRtOXBjZVRBM1EtSFRualAxXzZSTjIzd29QNzJkaklC HTTP/1.1" 302 0
INFO 2026-02-23 09:00:28,056 log 79626 6133428224 "GET /accounts/login/?next=/o/authorize/%3Fresponse_type%3Dcode%26client_id%3D5kWtcsPK1TeThWvN7gktrTfOsoiVdaY9OMqXEIV0%26state%3DMkQ1fnZGWnVrRUlwQTRtOXBjZVRBM1EtSFRualAxXzZSTjIzd29QNzJkaklC%26redirect_uri%3Dhttp%253A%252F%252Flocalhost%253A4200%26scope%3Dopenid%2520profile%2520email%26code_challenge%3D9xyJ8gYqLfP03H-caxqD5OfLBMlPxKhMA-WVZwePei4%26code_challenge_method%3DS256%26nonce%3DMkQ1fnZGWnVrRUlwQTRtOXBjZVRBM1EtSFRualAxXzZSTjIzd29QNzJkaklC HTTP/1.1" 200 8717
WARNING 2026-02-23 09:00:28,206 log 79626 6133428224 Not Found: /.well-known/appspecific/com.chrome.devtools.json
WARNING 2026-02-23 09:00:28,209 log 79626 6133428224 "GET /.well-known/appspecific/com.chrome.devtools.json HTTP/1.1" 404 5005
INFO 2026-02-23 09:00:38,029 log 79626 6133428224 "GET /api/users/register-form/ HTTP/1.1" 200 18947
WARNING 2026-02-23 09:00:38,177 log 79626 6133428224 Not Found: /.well-known/appspecific/com.chrome.devtools.json
WARNING 2026-02-23 09:00:38,177 log 79626 6133428224 "GET /.well-known/appspecific/com.chrome.devtools.json HTTP/1.1" 404 5005
INFO 2026-02-23 09:01:17,581 log 79626 6133428224 "POST /api/users/register/ HTTP/1.1" 201 863
INFO 2026-02-23 09:01:19,663 log 79626 6133428224 "GET /accounts/login/ HTTP/1.1" 200 8200
WARNING 2026-02-23 09:01:19,805 log 79626 6133428224 Not Found: /.well-known/appspecific/com.chrome.devtools.json
WARNING 2026-02-23 09:01:19,805 log 79626 6133428224 "GET /.well-known/appspecific/com.chrome.devtools.json HTTP/1.1" 404 5005
INFO 2026-02-23 09:01:30,231 log 79626 6133428224 "POST /accounts/login/ HTTP/1.1" 302 0
INFO 2026-02-23 09:01:30,271 log 79626 6133428224 "GET / HTTP/1.1" 200 4661
WARNING 2026-02-23 09:01:30,352 log 79626 6133428224 Not Found: /.well-known/appspecific/com.chrome.devtools.json
WARNING 2026-02-23 09:01:30,353 log 79626 6133428224 "GET /.well-known/appspecific/com.chrome.devtools.json HTTP/1.1" 404 5005
INFO 2026-02-23 09:01:47,697 log 79626 6167080960 "GET /o/.well-known/openid-configuration HTTP/1.1" 200 787
INFO 2026-02-23 09:01:47,732 log 79626 6167080960 "GET /o/.well-known/jwks.json HTTP/1.1" 200 474
INFO 2026-02-23 09:01:52,365 log 79626 6133428224 "GET /o/authorize/?response_type=code&client_id=5kWtcsPK1TeThWvN7gktrTfOsoiVdaY9OMqXEIV0&state=Wi15S2t2aUptaFJNOHFFaHdyc2czZTVldFpROVYyZlpYc2lJT19rUXFDTTZs&redirect_uri=http%3A%2F%2Flocalhost%3A4200&scope=openid%20profile%20email&code_challenge=GJfZrqrcKI07G3E5uB7_pFUlwghBh-6Ggf1wiajN67Q&code_challenge_method=S256&nonce=Wi15S2t2aUptaFJNOHFFaHdyc2czZTVldFpROVYyZlpYc2lJT19rUXFDTTZs HTTP/1.1" 302 0
INFO 2026-02-23 09:01:52,466 log 79626 6167080960 "GET /o/.well-known/openid-configuration HTTP/1.1" 200 787
INFO 2026-02-23 09:01:52,555 validators 79626 6167080960 Token issued for user 11 via local
INFO 2026-02-23 09:01:52,563 signals 79626 6167080960 Access token created for user 11 via client 5kWtcsPK1TeThWvN7gktrTfOsoiVdaY9OMqXEIV0
INFO 2026-02-23 09:01:52,647 log 79626 6167080960 "POST /o/token/ HTTP/1.1" 200 1482
INFO 2026-02-23 09:01:52,746 log 79626 6201307136 "POST /o/introspect/ HTTP/1.1" 200 168
INFO 2026-02-23 09:01:52,851 log 79626 6218133504 "GET /api/oidc/userinfo/ HTTP/1.1" 200 206
INFO 2026-02-23 09:02:46,155 log 79626 6201307136 "POST /o/introspect/ HTTP/1.1" 200 168
INFO 2026-02-23 09:02:46,156 log 79626 6150254592 "POST /o/introspect/ HTTP/1.1" 200 168
INFO 2026-02-23 09:02:46,209 log 79626 6235533312 "GET /api/oidc/userinfo/ HTTP/1.1" 200 206
INFO 2026-02-23 09:02:46,210 log 79626 6218706944 "GET /api/oidc/userinfo/ HTTP/1.1" 200 206
INFO 2026-02-23 09:10:09,221 autoreload 79626 8562434240 /Users/dhrubajyotiborah/Documents/Projects/hcs_sso_with_oidc/apps/users/signals.py changed, reloading.
ERROR 2026-02-23 09:10:10,286 apps 40294 8562434240 Failed to register custom backends: argument of type 'module' is not iterable
INFO 2026-02-23 09:10:10,286 apps 40294 8562434240 Enabled providers: Google, Facebook
INFO 2026-02-23 09:10:10,286 apps 40294 8562434240 ✅ Social authentication app initialized successfully
INFO 2026-02-23 09:10:10,293 autoreload 40294 8562434240 Watching for file changes with StatReloader
INFO 2026-02-23 09:10:31,555 autoreload 40294 8562434240 /Users/dhrubajyotiborah/Documents/Projects/hcs_sso_with_oidc/apps/users/signals.py changed, reloading.
ERROR 2026-02-23 09:10:32,218 apps 40469 8562434240 Failed to register custom backends: argument of type 'module' is not iterable
INFO 2026-02-23 09:10:32,218 apps 40469 8562434240 Enabled providers: Google, Facebook
INFO 2026-02-23 09:10:32,218 apps 40469 8562434240 ✅ Social authentication app initialized successfully
INFO 2026-02-23 09:10:32,224 autoreload 40469 8562434240 Watching for file changes with StatReloader
INFO 2026-02-23 09:12:54,376 autoreload 40469 8562434240 /Users/dhrubajyotiborah/Documents/Projects/hcs_sso_with_oidc/apps/users/signals.py changed, reloading.
ERROR 2026-02-23 09:12:55,112 apps 41434 8562434240 Failed to register custom backends: argument of type 'module' is not iterable
INFO 2026-02-23 09:12:55,112 apps 41434 8562434240 Enabled providers: Google, Facebook
INFO 2026-02-23 09:12:55,112 apps 41434 8562434240 ✅ Social authentication app initialized successfully
INFO 2026-02-23 09:12:55,121 autoreload 41434 8562434240 Watching for file changes with StatReloader
INFO 2026-02-23 09:13:00,111 log 41434 6203633664 "GET /o/authorize/?response_type=code&client_id=5kWtcsPK1TeThWvN7gktrTfOsoiVdaY9OMqXEIV0&state=SGt6S2UwNFZ-MENuc3pwNi5PX1kxZXBFS0tCYVdqdTZYUVhVczBuMXJUc0F4&redirect_uri=http%3A%2F%2Flocalhost%3A4200&scope=openid%20profile%20email&code_challenge=rwiksz0Iffuvk_s6CrLg-qzlQMEdghub-griwuIsXgw&code_challenge_method=S256&nonce=SGt6S2UwNFZ-MENuc3pwNi5PX1kxZXBFS0tCYVdqdTZYUVhVczBuMXJUc0F4 HTTP/1.1" 302 0
INFO 2026-02-23 09:13:00,279 log 41434 6237286400 "GET /o/.well-known/openid-configuration HTTP/1.1" 200 787
INFO 2026-02-23 09:13:00,401 log 41434 6237286400 "GET /o/.well-known/jwks.json HTTP/1.1" 200 474
INFO 2026-02-23 09:13:00,545 validators 41434 6237286400 Token issued for user 11 via local
INFO 2026-02-23 09:13:00,552 signals 41434 6237286400 Access token created for user 11 via client 5kWtcsPK1TeThWvN7gktrTfOsoiVdaY9OMqXEIV0
INFO 2026-02-23 09:13:00,597 log 41434 6237286400 "POST /o/token/ HTTP/1.1" 200 1482
INFO 2026-02-23 09:13:00,707 log 41434 6254112768 "POST /o/introspect/ HTTP/1.1" 200 168
INFO 2026-02-23 09:13:00,809 log 41434 6270939136 "GET /api/oidc/userinfo/ HTTP/1.1" 200 206
INFO 2026-02-23 09:13:10,069 log 41434 6203633664 "GET /o/authorize/?response_type=code&client_id=5kWtcsPK1TeThWvN7gktrTfOsoiVdaY9OMqXEIV0&state=Wl9WRXVlb0dUbktFekR1Q2toay1YejUtVVNGcXMxd1FRQkRuSGZ6OFlVTGFU&redirect_uri=http%3A%2F%2Flocalhost%3A4200&scope=openid%20profile%20email&code_challenge=HbiAA1ZHuedlld3464k52qVX9bS7mfB21xh8bFj1XEk&code_challenge_method=S256&nonce=Wl9WRXVlb0dUbktFekR1Q2toay1YejUtVVNGcXMxd1FRQkRuSGZ6OFlVTGFU HTTP/1.1" 302 0
INFO 2026-02-23 09:13:10,152 log 41434 6203633664 "GET /accounts/login/?next=/o/authorize/%3Fresponse_type%3Dcode%26client_id%3D5kWtcsPK1TeThWvN7gktrTfOsoiVdaY9OMqXEIV0%26state%3DWl9WRXVlb0dUbktFekR1Q2toay1YejUtVVNGcXMxd1FRQkRuSGZ6OFlVTGFU%26redirect_uri%3Dhttp%253A%252F%252Flocalhost%253A4200%26scope%3Dopenid%2520profile%2520email%26code_challenge%3DHbiAA1ZHuedlld3464k52qVX9bS7mfB21xh8bFj1XEk%26code_challenge_method%3DS256%26nonce%3DWl9WRXVlb0dUbktFekR1Q2toay1YejUtVVNGcXMxd1FRQkRuSGZ6OFlVTGFU HTTP/1.1" 200 8717
WARNING 2026-02-23 09:13:10,259 log 41434 6203633664 Not Found: /.well-known/appspecific/com.chrome.devtools.json
WARNING 2026-02-23 09:13:10,260 log 41434 6203633664 "GET /.well-known/appspecific/com.chrome.devtools.json HTTP/1.1" 404 5005
INFO 2026-02-23 09:13:12,699 log 41434 6203633664 "GET /api/users/register-form/ HTTP/1.1" 200 18947
WARNING 2026-02-23 09:13:12,776 log 41434 6203633664 Not Found: /.well-known/appspecific/com.chrome.devtools.json
WARNING 2026-02-23 09:13:12,777 log 41434 6203633664 "GET /.well-known/appspecific/com.chrome.devtools.json HTTP/1.1" 404 5005
INFO 2026-02-23 09:14:23,348 log 41434 6203633664 "POST /api/users/register/ HTTP/1.1" 201 877
INFO 2026-02-23 09:14:25,417 log 41434 6203633664 "GET /accounts/login/ HTTP/1.1" 200 8200
WARNING 2026-02-23 09:14:25,507 log 41434 6203633664 Not Found: /.well-known/appspecific/com.chrome.devtools.json
WARNING 2026-02-23 09:14:25,508 log 41434 6203633664 "GET /.well-known/appspecific/com.chrome.devtools.json HTTP/1.1" 404 5005
INFO 2026-02-23 09:15:02,189 log 41434 6203633664 "POST /accounts/login/ HTTP/1.1" 302 0
INFO 2026-02-23 09:15:02,237 log 41434 6203633664 "GET / HTTP/1.1" 200 4661
WARNING 2026-02-23 09:15:02,349 log 41434 6203633664 Not Found: /.well-known/appspecific/com.chrome.devtools.json
WARNING 2026-02-23 09:15:02,350 log 41434 6203633664 "GET /.well-known/appspecific/com.chrome.devtools.json HTTP/1.1" 404 5005
INFO 2026-02-23 09:15:14,163 log 41434 6237286400 "GET /o/.well-known/openid-configuration HTTP/1.1" 200 787
INFO 2026-02-23 09:15:14,199 log 41434 6237286400 "GET /o/.well-known/jwks.json HTTP/1.1" 200 474
INFO 2026-02-23 09:15:17,387 log 41434 6203633664 "GET /o/authorize/?response_type=code&client_id=5kWtcsPK1TeThWvN7gktrTfOsoiVdaY9OMqXEIV0&state=VHZEdmktR1lUUFFxV0lxdWJ2Y0ZiMkJOSl9ZaC1rMW9qTH5KSFd3TV9ycjBD&redirect_uri=http%3A%2F%2Flocalhost%3A4200&scope=openid%20profile%20email&code_challenge=1pr1g49LHGs2q8habmRCsvprfu7GfIAU25toCnRhocU&code_challenge_method=S256&nonce=VHZEdmktR1lUUFFxV0lxdWJ2Y0ZiMkJOSl9ZaC1rMW9qTH5KSFd3TV9ycjBD HTTP/1.1" 302 0
INFO 2026-02-23 09:15:17,479 log 41434 6237286400 "GET /o/.well-known/openid-configuration HTTP/1.1" 200 787
INFO 2026-02-23 09:15:17,544 validators 41434 6237286400 Token issued for user 12 via local
INFO 2026-02-23 09:15:17,550 signals 41434 6237286400 Access token created for user 12 via client 5kWtcsPK1TeThWvN7gktrTfOsoiVdaY9OMqXEIV0
INFO 2026-02-23 09:15:17,611 log 41434 6237286400 "POST /o/token/ HTTP/1.1" 200 1508
INFO 2026-02-23 09:15:17,690 log 41434 6254112768 "POST /o/introspect/ HTTP/1.1" 200 177
INFO 2026-02-23 09:15:17,801 log 41434 6270939136 "GET /api/oidc/userinfo/ HTTP/1.1" 200 219
INFO 2026-02-23 09:15:19,426 log 41434 6270939136 "POST /o/introspect/ HTTP/1.1" 200 177
INFO 2026-02-23 09:15:19,427 log 41434 6254112768 "POST /o/introspect/ HTTP/1.1" 200 177
INFO 2026-02-23 09:15:19,487 log 41434 6304591872 "GET /api/oidc/userinfo/ HTTP/1.1" 200 219
INFO 2026-02-23 09:15:19,493 log 41434 6287765504 "GET /api/oidc/userinfo/ HTTP/1.1" 200 219
INFO 2026-02-23 09:31:06,619 log 41434 6203633664 "GET /o/.well-known/openid-configuration HTTP/1.1" 200 787
INFO 2026-02-23 09:31:06,677 log 41434 6203633664 "GET /o/.well-known/jwks.json HTTP/1.1" 200 474
INFO 2026-02-23 09:35:58,567 log 41434 6220460032 "GET /o/authorize/?response_type=code&client_id=5kWtcsPK1TeThWvN7gktrTfOsoiVdaY9OMqXEIV0&state=TGJWb3BDdHVubmhtN21CQWdLTlFwLVd0cmVJM3FDR0EzUVB4Vkl4SnM4N09v&redirect_uri=http%3A%2F%2Flocalhost%3A4200&scope=openid%20profile%20email&code_challenge=BYYcfIhONXd2qY2TQ5kWuILCkD6tNSov3p-se9yTdU4&code_challenge_method=S256&nonce=TGJWb3BDdHVubmhtN21CQWdLTlFwLVd0cmVJM3FDR0EzUVB4Vkl4SnM4N09v HTTP/1.1" 302 0
INFO 2026-02-23 09:35:58,606 log 41434 6220460032 "GET /accounts/login/?next=/o/authorize/%3Fresponse_type%3Dcode%26client_id%3D5kWtcsPK1TeThWvN7gktrTfOsoiVdaY9OMqXEIV0%26state%3DTGJWb3BDdHVubmhtN21CQWdLTlFwLVd0cmVJM3FDR0EzUVB4Vkl4SnM4N09v%26redirect_uri%3Dhttp%253A%252F%252Flocalhost%253A4200%26scope%3Dopenid%2520profile%2520email%26code_challenge%3DBYYcfIhONXd2qY2TQ5kWuILCkD6tNSov3p-se9yTdU4%26code_challenge_method%3DS256%26nonce%3DTGJWb3BDdHVubmhtN21CQWdLTlFwLVd0cmVJM3FDR0EzUVB4Vkl4SnM4N09v HTTP/1.1" 200 8717
WARNING 2026-02-23 09:35:58,822 log 41434 6220460032 Not Found: /.well-known/appspecific/com.chrome.devtools.json
WARNING 2026-02-23 09:35:58,822 log 41434 6220460032 "GET /.well-known/appspecific/com.chrome.devtools.json HTTP/1.1" 404 5005
INFO 2026-02-23 09:36:02,670 log 41434 6220460032 "GET /api/users/register-form/ HTTP/1.1" 200 18947
WARNING 2026-02-23 09:36:02,745 log 41434 6220460032 Not Found: /.well-known/appspecific/com.chrome.devtools.json
WARNING 2026-02-23 09:36:02,746 log 41434 6220460032 "GET /.well-known/appspecific/com.chrome.devtools.json HTTP/1.1" 404 5005
INFO 2026-02-23 09:37:02,235 log 41434 6220460032 "POST /api/users/register/ HTTP/1.1" 201 877
INFO 2026-02-23 09:37:04,302 log 41434 6220460032 "GET /accounts/login/ HTTP/1.1" 200 8200
WARNING 2026-02-23 09:37:04,458 log 41434 6220460032 Not Found: /.well-known/appspecific/com.chrome.devtools.json
WARNING 2026-02-23 09:37:04,458 log 41434 6220460032 "GET /.well-known/appspecific/com.chrome.devtools.json HTTP/1.1" 404 5005
INFO 2026-02-23 09:37:18,762 log 41434 6220460032 "POST /accounts/login/ HTTP/1.1" 302 0
INFO 2026-02-23 09:37:18,795 log 41434 6220460032 "GET / HTTP/1.1" 200 4661
WARNING 2026-02-23 09:37:18,873 log 41434 6220460032 Not Found: /.well-known/appspecific/com.chrome.devtools.json
WARNING 2026-02-23 09:37:18,873 log 41434 6220460032 "GET /.well-known/appspecific/com.chrome.devtools.json HTTP/1.1" 404 5005
INFO 2026-02-23 09:37:27,394 log 41434 6237286400 "GET /o/.well-known/openid-configuration HTTP/1.1" 200 787
INFO 2026-02-23 09:37:27,429 log 41434 6237286400 "GET /o/.well-known/jwks.json HTTP/1.1" 200 474
INFO 2026-02-23 09:37:31,519 log 41434 6220460032 "GET /o/authorize/?response_type=code&client_id=5kWtcsPK1TeThWvN7gktrTfOsoiVdaY9OMqXEIV0&state=QXBxeDIyOW1HRlg1ZGxFTFJLSHRMRVF0aHhxMmN1Vmg1NFBqSzV1VFJtZXhz&redirect_uri=http%3A%2F%2Flocalhost%3A4200&scope=openid%20profile%20email&code_challenge=ZfznQBe8bHuKPJAk8VMoj4lj-tzCKhq8IkBAe3Zdjiw&code_challenge_method=S256&nonce=QXBxeDIyOW1HRlg1ZGxFTFJLSHRMRVF0aHhxMmN1Vmg1NFBqSzV1VFJtZXhz HTTP/1.1" 302 0
INFO 2026-02-23 09:37:31,624 log 41434 6237286400 "GET /o/.well-known/openid-configuration HTTP/1.1" 200 787
INFO 2026-02-23 09:37:31,719 validators 41434 6237286400 Token issued for user 13 via local
INFO 2026-02-23 09:37:31,728 signals 41434 6237286400 Access token created for user 13 via client 5kWtcsPK1TeThWvN7gktrTfOsoiVdaY9OMqXEIV0
INFO 2026-02-23 09:37:31,785 log 41434 6237286400 "POST /o/token/ HTTP/1.1" 200 1508
INFO 2026-02-23 09:37:31,891 log 41434 6254112768 "POST /o/introspect/ HTTP/1.1" 200 177
INFO 2026-02-23 09:37:31,987 log 41434 6270939136 "GET /api/oidc/userinfo/ HTTP/1.1" 200 219
INFO 2026-02-23 09:37:52,694 log 41434 6220460032 "GET /o/authorize/?response_type=code&client_id=5kWtcsPK1TeThWvN7gktrTfOsoiVdaY9OMqXEIV0&state=NnF6ZWdVWXVmRU50ZV9vWlNRdFlkS1JNenlvRkZnOExob29tNDBaTjJ4MFNU&redirect_uri=http%3A%2F%2Flocalhost%3A4200&scope=openid%20profile%20email&code_challenge=CDLstP5vsqqP_P0zrVYb3Hx2ZhbLzLLtgh0RmxC6-Go&code_challenge_method=S256&nonce=NnF6ZWdVWXVmRU50ZV9vWlNRdFlkS1JNenlvRkZnOExob29tNDBaTjJ4MFNU HTTP/1.1" 302 0
INFO 2026-02-23 09:37:52,730 log 41434 6220460032 "GET /accounts/login/?next=/o/authorize/%3Fresponse_type%3Dcode%26client_id%3D5kWtcsPK1TeThWvN7gktrTfOsoiVdaY9OMqXEIV0%26state%3DNnF6ZWdVWXVmRU50ZV9vWlNRdFlkS1JNenlvRkZnOExob29tNDBaTjJ4MFNU%26redirect_uri%3Dhttp%253A%252F%252Flocalhost%253A4200%26scope%3Dopenid%2520profile%2520email%26code_challenge%3DCDLstP5vsqqP_P0zrVYb3Hx2ZhbLzLLtgh0RmxC6-Go%26code_challenge_method%3DS256%26nonce%3DNnF6ZWdVWXVmRU50ZV9vWlNRdFlkS1JNenlvRkZnOExob29tNDBaTjJ4MFNU HTTP/1.1" 200 8717
WARNING 2026-02-23 09:37:52,798 log 41434 6220460032 Not Found: /.well-known/appspecific/com.chrome.devtools.json
WARNING 2026-02-23 09:37:52,798 log 41434 6220460032 "GET /.well-known/appspecific/com.chrome.devtools.json HTTP/1.1" 404 5005
INFO 2026-02-23 09:38:06,400 log 41434 6220460032 "POST /accounts/login/?next=/o/authorize/%3Fresponse_type%3Dcode%26client_id%3D5kWtcsPK1TeThWvN7gktrTfOsoiVdaY9OMqXEIV0%26state%3DNnF6ZWdVWXVmRU50ZV9vWlNRdFlkS1JNenlvRkZnOExob29tNDBaTjJ4MFNU%26redirect_uri%3Dhttp%253A%252F%252Flocalhost%253A4200%26scope%3Dopenid%2520profile%2520email%26code_challenge%3DCDLstP5vsqqP_P0zrVYb3Hx2ZhbLzLLtgh0RmxC6-Go%26code_challenge_method%3DS256%26nonce%3DNnF6ZWdVWXVmRU50ZV9vWlNRdFlkS1JNenlvRkZnOExob29tNDBaTjJ4MFNU HTTP/1.1" 302 0
INFO 2026-02-23 09:38:06,459 log 41434 6220460032 "GET /o/authorize/?response_type=code&client_id=5kWtcsPK1TeThWvN7gktrTfOsoiVdaY9OMqXEIV0&state=NnF6ZWdVWXVmRU50ZV9vWlNRdFlkS1JNenlvRkZnOExob29tNDBaTjJ4MFNU&redirect_uri=http%3A%2F%2Flocalhost%3A4200&scope=openid%20profile%20email&code_challenge=CDLstP5vsqqP_P0zrVYb3Hx2ZhbLzLLtgh0RmxC6-Go&code_challenge_method=S256&nonce=NnF6ZWdVWXVmRU50ZV9vWlNRdFlkS1JNenlvRkZnOExob29tNDBaTjJ4MFNU HTTP/1.1" 302 0
INFO 2026-02-23 09:38:06,725 log 41434 6237286400 "GET /o/.well-known/openid-configuration HTTP/1.1" 200 787
INFO 2026-02-23 09:38:06,786 log 41434 6237286400 "GET /o/.well-known/jwks.json HTTP/1.1" 200 474
INFO 2026-02-23 09:38:06,903 validators 41434 6237286400 Token issued for user 13 via local
INFO 2026-02-23 09:38:06,908 signals 41434 6237286400 Access token created for user 13 via client 5kWtcsPK1TeThWvN7gktrTfOsoiVdaY9OMqXEIV0
INFO 2026-02-23 09:38:06,953 log 41434 6237286400 "POST /o/token/ HTTP/1.1" 200 1508
INFO 2026-02-23 09:38:07,076 log 41434 6254112768 "POST /o/introspect/ HTTP/1.1" 200 177
INFO 2026-02-23 09:38:07,172 log 41434 6270939136 "GET /api/oidc/userinfo/ HTTP/1.1" 200 219
INFO 2026-02-23 09:40:03,793 log 41434 6220460032 "GET /admin/ HTTP/1.1" 302 0
INFO 2026-02-23 09:40:03,876 log 41434 6220460032 "GET /admin/login/?next=/admin/ HTTP/1.1" 200 3601
INFO 2026-02-23 09:40:03,929 log 41434 6203633664 "GET /static/admin/css/login.css HTTP/1.1" 304 0
WARNING 2026-02-23 09:40:03,973 log 41434 6220460032 Not Found: /.well-known/appspecific/com.chrome.devtools.json
WARNING 2026-02-23 09:40:03,974 log 41434 6220460032 "GET /.well-known/appspecific/com.chrome.devtools.json HTTP/1.1" 404 5005
INFO 2026-02-23 09:40:10,700 log 41434 6220460032 "POST /admin/login/?next=/admin/ HTTP/1.1" 302 0
INFO 2026-02-23 09:40:10,755 log 41434 6220460032 "GET /admin/ HTTP/1.1" 200 16772
WARNING 2026-02-23 09:40:10,841 log 41434 6220460032 Not Found: /.well-known/appspecific/com.chrome.devtools.json
WARNING 2026-02-23 09:40:10,841 log 41434 6220460032 "GET /.well-known/appspecific/com.chrome.devtools.json HTTP/1.1" 404 5005
INFO 2026-02-23 09:40:21,087 log 41434 6220460032 "GET /admin/auth/user/ HTTP/1.1" 200 20628
INFO 2026-02-23 09:40:21,150 log 41434 6254112768 "GET /static/admin/img/icon-no.svg HTTP/1.1" 200 645
INFO 2026-02-23 09:40:21,179 log 41434 6254112768 "GET /static/admin/img/icon-yes.svg HTTP/1.1" 304 0
WARNING 2026-02-23 09:40:21,201 log 41434 6220460032 Not Found: /.well-known/appspecific/com.chrome.devtools.json
WARNING 2026-02-23 09:40:21,202 log 41434 6220460032 "GET /.well-known/appspecific/com.chrome.devtools.json HTTP/1.1" 404 5005
INFO 2026-02-23 09:40:21,210 log 41434 6203633664 "GET /admin/jsi18n/ HTTP/1.1" 200 3342
INFO 2026-02-23 09:40:21,241 log 41434 6203633664 "GET /static/admin/img/sorting-icons.svg HTTP/1.1" 200 1761
INFO 2026-02-23 09:40:25,504 log 41434 6203633664 "GET /admin/auth/user/13/change/ HTTP/1.1" 200 34933
INFO 2026-02-23 09:40:25,555 log 41434 6287765504 "GET /static/admin/js/SelectBox.js HTTP/1.1" 200 4530
INFO 2026-02-23 09:40:25,557 log 41434 6254112768 "GET /static/admin/js/calendar.js HTTP/1.1" 200 9159
INFO 2026-02-23 09:40:25,560 log 41434 6270939136 "GET /static/admin/js/admin/DateTimeShortcuts.js HTTP/1.1" 200 19698
INFO 2026-02-23 09:40:25,561 log 41434 6304591872 "GET /static/admin/js/SelectFilter2.js HTTP/1.1" 200 16428
WARNING 2026-02-23 09:40:25,583 log 41434 6203633664 Not Found: /.well-known/appspecific/com.chrome.devtools.json
WARNING 2026-02-23 09:40:25,584 log 41434 6203633664 "GET /.well-known/appspecific/com.chrome.devtools.json HTTP/1.1" 404 5005
INFO 2026-02-23 09:40:25,593 log 41434 6220460032 "GET /admin/jsi18n/ HTTP/1.1" 200 3342
INFO 2026-02-23 09:40:25,685 log 41434 6220460032 "GET /static/admin/img/selector-icons.svg HTTP/1.1" 200 2387
INFO 2026-02-23 09:40:25,685 log 41434 6304591872 "GET /static/admin/img/icon-clock.svg HTTP/1.1" 200 805
INFO 2026-02-23 09:40:25,685 log 41434 6203633664 "GET /static/admin/img/icon-calendar.svg HTTP/1.1" 200 1112
INFO 2026-02-23 09:42:03,266 log 41434 6304591872 "GET /admin/oauth2_provider/application/ HTTP/1.1" 200 18200
WARNING 2026-02-23 09:42:03,340 log 41434 6304591872 Not Found: /.well-known/appspecific/com.chrome.devtools.json
WARNING 2026-02-23 09:42:03,340 log 41434 6304591872 "GET /.well-known/appspecific/com.chrome.devtools.json HTTP/1.1" 404 5005
INFO 2026-02-23 09:42:03,347 log 41434 6220460032 "GET /admin/jsi18n/ HTTP/1.1" 200 3342
INFO 2026-02-23 10:03:45,987 log 41434 6203633664 "GET /o/.well-known/openid-configuration HTTP/1.1" 200 787
INFO 2026-02-23 10:03:46,059 log 41434 6203633664 "GET /o/.well-known/jwks.json HTTP/1.1" 200 474
INFO 2026-02-23 10:23:12,175 log 41434 6203633664 "GET /o/.well-known/openid-configuration HTTP/1.1" 200 787
INFO 2026-02-23 10:23:12,384 log 41434 6203633664 "GET /o/.well-known/jwks.json HTTP/1.1" 200 474
INFO 2026-02-23 10:23:15,105 log 41434 6203633664 "GET /o/.well-known/openid-configuration HTTP/1.1" 200 787
INFO 2026-02-23 10:27:18,106 log 41434 6203633664 "GET /o/.well-known/openid-configuration HTTP/1.1" 200 787
INFO 2026-02-23 10:27:23,761 log 41434 6220460032 "GET /o/authorize/?response_type=code&client_id=5kWtcsPK1TeThWvN7gktrTfOsoiVdaY9OMqXEIV0&state=Skp0REJubjFiUUJXR2dpX2pubVBMS0NmT3VvWGguTVhLR0liWXJjVFhUT2pf&redirect_uri=http%3A%2F%2Flocalhost%3A4200&scope=openid%20profile%20email&code_challenge=Wex6gQlnFXf4unSWRBps4YhaDcXy6-1BmtBTV22PdgI&code_challenge_method=S256&nonce=Skp0REJubjFiUUJXR2dpX2pubVBMS0NmT3VvWGguTVhLR0liWXJjVFhUT2pf HTTP/1.1" 302 0
INFO 2026-02-23 10:27:24,093 log 41434 6203633664 "GET /o/.well-known/openid-configuration HTTP/1.1" 200 787
INFO 2026-02-23 10:27:24,334 validators 41434 6203633664 Token issued for user 1 via local
INFO 2026-02-23 10:27:24,360 signals 41434 6203633664 Access token created for user 1 via client 5kWtcsPK1TeThWvN7gktrTfOsoiVdaY9OMqXEIV0
INFO 2026-02-23 10:27:24,515 log 41434 6203633664 "POST /o/token/ HTTP/1.1" 200 1475
INFO 2026-02-23 10:27:37,089 log 41434 6220460032 "GET /o/authorize/?response_type=code&client_id=5kWtcsPK1TeThWvN7gktrTfOsoiVdaY9OMqXEIV0&state=cnBtT2lLblFSNTdGSktNUTB2Uy42SjVXMVR0UDBXVn5PbmR1YndmUjFMRk1-&redirect_uri=http%3A%2F%2Flocalhost%3A4200&scope=openid%20profile%20email&code_challenge=NmVPqBN7jvlqjKHJUE7auFB2S6CZuO_nG9FZZxaKwSo&code_challenge_method=S256&nonce=cnBtT2lLblFSNTdGSktNUTB2Uy42SjVXMVR0UDBXVn5PbmR1YndmUjFMRk1- HTTP/1.1" 302 0
INFO 2026-02-23 10:27:37,124 log 41434 6220460032 "GET /accounts/login/?next=/o/authorize/%3Fresponse_type%3Dcode%26client_id%3D5kWtcsPK1TeThWvN7gktrTfOsoiVdaY9OMqXEIV0%26state%3DcnBtT2lLblFSNTdGSktNUTB2Uy42SjVXMVR0UDBXVn5PbmR1YndmUjFMRk1-%26redirect_uri%3Dhttp%253A%252F%252Flocalhost%253A4200%26scope%3Dopenid%2520profile%2520email%26code_challenge%3DNmVPqBN7jvlqjKHJUE7auFB2S6CZuO_nG9FZZxaKwSo%26code_challenge_method%3DS256%26nonce%3DcnBtT2lLblFSNTdGSktNUTB2Uy42SjVXMVR0UDBXVn5PbmR1YndmUjFMRk1- HTTP/1.1" 200 8717
WARNING 2026-02-23 10:27:37,281 log 41434 6220460032 Not Found: /.well-known/appspecific/com.chrome.devtools.json
WARNING 2026-02-23 10:27:37,282 log 41434 6220460032 "GET /.well-known/appspecific/com.chrome.devtools.json HTTP/1.1" 404 5005
INFO 2026-02-23 10:28:03,892 log 41434 6220460032 "POST /accounts/login/?next=/o/authorize/%3Fresponse_type%3Dcode%26client_id%3D5kWtcsPK1TeThWvN7gktrTfOsoiVdaY9OMqXEIV0%26state%3DcnBtT2lLblFSNTdGSktNUTB2Uy42SjVXMVR0UDBXVn5PbmR1YndmUjFMRk1-%26redirect_uri%3Dhttp%253A%252F%252Flocalhost%253A4200%26scope%3Dopenid%2520profile%2520email%26code_challenge%3DNmVPqBN7jvlqjKHJUE7auFB2S6CZuO_nG9FZZxaKwSo%26code_challenge_method%3DS256%26nonce%3DcnBtT2lLblFSNTdGSktNUTB2Uy42SjVXMVR0UDBXVn5PbmR1YndmUjFMRk1- HTTP/1.1" 302 0
INFO 2026-02-23 10:28:03,959 log 41434 6220460032 "GET /o/authorize/?response_type=code&client_id=5kWtcsPK1TeThWvN7gktrTfOsoiVdaY9OMqXEIV0&state=cnBtT2lLblFSNTdGSktNUTB2Uy42SjVXMVR0UDBXVn5PbmR1YndmUjFMRk1-&redirect_uri=http%3A%2F%2Flocalhost%3A4200&scope=openid%20profile%20email&code_challenge=NmVPqBN7jvlqjKHJUE7auFB2S6CZuO_nG9FZZxaKwSo&code_challenge_method=S256&nonce=cnBtT2lLblFSNTdGSktNUTB2Uy42SjVXMVR0UDBXVn5PbmR1YndmUjFMRk1- HTTP/1.1" 302 0
INFO 2026-02-23 10:28:04,231 log 41434 6203633664 "GET /o/.well-known/openid-configuration HTTP/1.1" 200 787
INFO 2026-02-23 10:28:04,314 log 41434 6203633664 "GET /o/.well-known/jwks.json HTTP/1.1" 200 474
INFO 2026-02-23 10:28:04,435 validators 41434 6203633664 Token issued for user 1 via local
INFO 2026-02-23 10:28:04,444 signals 41434 6203633664 Access token created for user 1 via client 5kWtcsPK1TeThWvN7gktrTfOsoiVdaY9OMqXEIV0
INFO 2026-02-23 10:28:04,495 log 41434 6203633664 "POST /o/token/ HTTP/1.1" 200 1475
INFO 2026-02-23 10:35:30,731 log 41434 6203633664 "OPTIONS /o/.well-known/openid-configuration HTTP/1.1" 200 0
INFO 2026-02-23 10:35:31,066 log 41434 6203633664 "GET /o/.well-known/openid-configuration HTTP/1.1" 200 787
INFO 2026-02-23 10:35:31,079 log 41434 6203633664 "OPTIONS /o/.well-known/jwks.json HTTP/1.1" 200 0
INFO 2026-02-23 10:35:31,131 log 41434 6203633664 "GET /o/.well-known/jwks.json HTTP/1.1" 200 474
INFO 2026-02-23 10:36:18,016 log 41434 6203633664 "GET /o/.well-known/openid-configuration HTTP/1.1" 200 787
INFO 2026-02-23 10:36:34,933 log 41434 6203633664 "GET /o/.well-known/openid-configuration HTTP/1.1" 200 787
INFO 2026-02-23 10:36:36,193 log 41434 6220460032 "GET /o/authorize/?response_type=code&client_id=5kWtcsPK1TeThWvN7gktrTfOsoiVdaY9OMqXEIV0&state=UG9QcDA1RlU1YzFYRmxyfjg0cWNGNDdodzBSdXhvYX5jWUkydnFMSGpBLjhQ&redirect_uri=http%3A%2F%2Flocalhost%3A4200&scope=openid%20profile%20email&code_challenge=jFJPdJchjn7FyotmPodiyCIr-NTXrwZOaoWKe_idjuI&code_challenge_method=S256&nonce=UG9QcDA1RlU1YzFYRmxyfjg0cWNGNDdodzBSdXhvYX5jWUkydnFMSGpBLjhQ HTTP/1.1" 302 0
INFO 2026-02-23 10:36:36,583 log 41434 6203633664 "GET /o/.well-known/openid-configuration HTTP/1.1" 200 787
INFO 2026-02-23 10:36:36,602 log 41434 6203633664 "OPTIONS /o/token/ HTTP/1.1" 200 0
INFO 2026-02-23 10:36:36,734 validators 41434 6203633664 Token issued for user 1 via local
INFO 2026-02-23 10:36:36,792 signals 41434 6203633664 Access token created for user 1 via client 5kWtcsPK1TeThWvN7gktrTfOsoiVdaY9OMqXEIV0
INFO 2026-02-23 10:36:37,033 log 41434 6203633664 "POST /o/token/ HTTP/1.1" 200 1475
INFO 2026-02-23 10:36:41,880 log 41434 6220460032 "GET /o/authorize/?response_type=code&client_id=5kWtcsPK1TeThWvN7gktrTfOsoiVdaY9OMqXEIV0&state=UWZMeHZSSkNERmtSZTJQZUhlaU51TXJYQ3Z-dWdYekR4RVdUcXFVdi1YcHFO&redirect_uri=http%3A%2F%2Flocalhost%3A4200&scope=openid%20profile%20email&code_challenge=J-dcICnBYBeJXV1j-RT_Yv6Ijj8OFb2V7J_ES8UtqMg&code_challenge_method=S256&nonce=UWZMeHZSSkNERmtSZTJQZUhlaU51TXJYQ3Z-dWdYekR4RVdUcXFVdi1YcHFO HTTP/1.1" 302 0
INFO 2026-02-23 10:36:42,239 log 41434 6203633664 "GET /o/.well-known/openid-configuration HTTP/1.1" 200 787
INFO 2026-02-23 10:36:42,287 log 41434 6203633664 "GET /o/.well-known/jwks.json HTTP/1.1" 200 474
INFO 2026-02-23 10:36:42,402 validators 41434 6203633664 Token issued for user 1 via local
INFO 2026-02-23 10:36:42,408 signals 41434 6203633664 Access token created for user 1 via client 5kWtcsPK1TeThWvN7gktrTfOsoiVdaY9OMqXEIV0
INFO 2026-02-23 10:36:42,465 log 41434 6203633664 "POST /o/token/ HTTP/1.1" 200 1475
INFO 2026-02-23 10:36:43,918 log 41434 6220460032 "GET /o/authorize/?response_type=code&client_id=5kWtcsPK1TeThWvN7gktrTfOsoiVdaY9OMqXEIV0&state=VVF0MUUtZUVYUFVPY2lWSnRkYTFUUDNpQWdSUGpKLlp5S2MxQldfS2xBeUlq&redirect_uri=http%3A%2F%2Flocalhost%3A4200&scope=openid%20profile%20email&code_challenge=RGTnz1RU3yHWdtOZEV6sHZtgohaXG3qEYD_pTMrJ43g&code_challenge_method=S256&nonce=VVF0MUUtZUVYUFVPY2lWSnRkYTFUUDNpQWdSUGpKLlp5S2MxQldfS2xBeUlq HTTP/1.1" 302 0
INFO 2026-02-23 10:36:44,182 log 41434 6203633664 "GET /o/.well-known/openid-configuration HTTP/1.1" 200 787
INFO 2026-02-23 10:36:44,216 log 41434 6203633664 "GET /o/.well-known/jwks.json HTTP/1.1" 200 474
INFO 2026-02-23 10:36:44,346 validators 41434 6203633664 Token issued for user 1 via local
INFO 2026-02-23 10:36:44,357 signals 41434 6203633664 Access token created for user 1 via client 5kWtcsPK1TeThWvN7gktrTfOsoiVdaY9OMqXEIV0
INFO 2026-02-23 10:36:44,412 log 41434 6203633664 "POST /o/token/ HTTP/1.1" 200 1475
INFO 2026-02-23 10:36:45,541 log 41434 6220460032 "GET /o/authorize/?response_type=code&client_id=5kWtcsPK1TeThWvN7gktrTfOsoiVdaY9OMqXEIV0&state=RUcwTnFIaURiUjFBYTV1OEpfVjIubW9uLi5vbWhodjFpfi45VGJ-Uk5XfjVi&redirect_uri=http%3A%2F%2Flocalhost%3A4200&scope=openid%20profile%20email&code_challenge=9dSeEIqK3MtDmpBedBXo2SF3SC3PyRN1bk8z7QH8_cg&code_challenge_method=S256&nonce=RUcwTnFIaURiUjFBYTV1OEpfVjIubW9uLi5vbWhodjFpfi45VGJ-Uk5XfjVi HTTP/1.1" 302 0
INFO 2026-02-23 10:36:45,867 log 41434 6203633664 "GET /o/.well-known/openid-configuration HTTP/1.1" 200 787
INFO 2026-02-23 10:36:45,910 log 41434 6203633664 "GET /o/.well-known/jwks.json HTTP/1.1" 200 474
INFO 2026-02-23 10:36:46,000 validators 41434 6203633664 Token issued for user 1 via local
INFO 2026-02-23 10:36:46,009 signals 41434 6203633664 Access token created for user 1 via client 5kWtcsPK1TeThWvN7gktrTfOsoiVdaY9OMqXEIV0
INFO 2026-02-23 10:36:46,060 log 41434 6203633664 "POST /o/token/ HTTP/1.1" 200 1475
INFO 2026-02-23 10:38:36,837 log 41434 6203633664 "GET /o/.well-known/openid-configuration HTTP/1.1" 200 787
INFO 2026-02-23 10:38:36,944 log 41434 6203633664 "GET /o/.well-known/jwks.json HTTP/1.1" 200 474
INFO 2026-02-23 10:38:43,702 log 41434 6203633664 "GET /o/.well-known/openid-configuration HTTP/1.1" 200 787
INFO 2026-02-23 10:38:46,989 log 41434 6220460032 "GET /o/authorize/?response_type=code&client_id=5kWtcsPK1TeThWvN7gktrTfOsoiVdaY9OMqXEIV0&state=VHprV3h0NDEwQUZpZ2pWRWdwaGxNaEdDN1lWZE12T2ZPd0RzdWFHbmhEa1lj&redirect_uri=http%3A%2F%2Flocalhost%3A4200&scope=openid%20profile%20email&code_challenge=8CbEHM-DxGiRUEGPQHxz9RQmdBTgNzPfQe6ESiafxJ0&code_challenge_method=S256&nonce=VHprV3h0NDEwQUZpZ2pWRWdwaGxNaEdDN1lWZE12T2ZPd0RzdWFHbmhEa1lj HTTP/1.1" 302 0
INFO 2026-02-23 10:38:47,266 log 41434 6203633664 "GET /o/.well-known/openid-configuration HTTP/1.1" 200 787
INFO 2026-02-23 10:38:47,436 validators 41434 6203633664 Token issued for user 1 via local
INFO 2026-02-23 10:38:47,447 signals 41434 6203633664 Access token created for user 1 via client 5kWtcsPK1TeThWvN7gktrTfOsoiVdaY9OMqXEIV0
INFO 2026-02-23 10:38:47,495 log 41434 6203633664 "POST /o/token/ HTTP/1.1" 200 1475
INFO 2026-02-23 10:38:49,725 log 41434 6220460032 "GET /o/authorize/?response_type=code&client_id=5kWtcsPK1TeThWvN7gktrTfOsoiVdaY9OMqXEIV0&state=Vm43V1RwUkNNSnlfM1dlcF83OUpsSHBMZU1GUS5KeGNBMEJWVXFEYjFzaVhR&redirect_uri=http%3A%2F%2Flocalhost%3A4200&scope=openid%20profile%20email&code_challenge=LJijNl3hal9J3ey_8IxcrN8d5n0YAL_Vod6bprhlNao&code_challenge_method=S256&nonce=Vm43V1RwUkNNSnlfM1dlcF83OUpsSHBMZU1GUS5KeGNBMEJWVXFEYjFzaVhR HTTP/1.1" 302 0
INFO 2026-02-23 10:38:49,984 log 41434 6203633664 "GET /o/.well-known/openid-configuration HTTP/1.1" 200 787
INFO 2026-02-23 10:38:50,110 log 41434 6203633664 "GET /o/.well-known/jwks.json HTTP/1.1" 200 474
INFO 2026-02-23 10:38:50,186 validators 41434 6203633664 Token issued for user 1 via local
INFO 2026-02-23 10:38:50,197 signals 41434 6203633664 Access token created for user 1 via client 5kWtcsPK1TeThWvN7gktrTfOsoiVdaY9OMqXEIV0
INFO 2026-02-23 10:38:50,259 log 41434 6203633664 "POST /o/token/ HTTP/1.1" 200 1475
INFO 2026-02-23 10:38:50,769 log 41434 6220460032 "GET /o/authorize/?response_type=code&client_id=5kWtcsPK1TeThWvN7gktrTfOsoiVdaY9OMqXEIV0&state=b2pjTXJOSGhjYVNWek9seXp6RXdJQXE2aGNvbFBVUE92Ti4uQ1c1bEFDdllO&redirect_uri=http%3A%2F%2Flocalhost%3A4200&scope=openid%20profile%20email&code_challenge=-lECicm5zMQTCePdtZBEK7ESL18PG3a2_jRmSHzWQ60&code_challenge_method=S256&nonce=b2pjTXJOSGhjYVNWek9seXp6RXdJQXE2aGNvbFBVUE92Ti4uQ1c1bEFDdllO HTTP/1.1" 302 0
INFO 2026-02-23 10:38:51,017 log 41434 6203633664 "GET /o/.well-known/openid-configuration HTTP/1.1" 200 787
INFO 2026-02-23 10:38:51,055 log 41434 6203633664 "GET /o/.well-known/jwks.json HTTP/1.1" 200 474
INFO 2026-02-23 10:38:51,166 validators 41434 6203633664 Token issued for user 1 via local
INFO 2026-02-23 10:38:51,173 signals 41434 6203633664 Access token created for user 1 via client 5kWtcsPK1TeThWvN7gktrTfOsoiVdaY9OMqXEIV0
INFO 2026-02-23 10:38:51,234 log 41434 6203633664 "POST /o/token/ HTTP/1.1" 200 1475
INFO 2026-02-23 10:38:52,347 log 41434 6220460032 "GET /o/authorize/?response_type=code&client_id=5kWtcsPK1TeThWvN7gktrTfOsoiVdaY9OMqXEIV0&state=MEVDTFpjfjFCeEpvMGpiRXJHMHhZU1lDTlU1LVJtMVZXaWdfLnpLb0xDUFlD&redirect_uri=http%3A%2F%2Flocalhost%3A4200&scope=openid%20profile%20email&code_challenge=dIbW3VFbg0V8dCw5h3w9pQ6TgQcl-LraVea937kruQU&code_challenge_method=S256&nonce=MEVDTFpjfjFCeEpvMGpiRXJHMHhZU1lDTlU1LVJtMVZXaWdfLnpLb0xDUFlD HTTP/1.1" 302 0
INFO 2026-02-23 10:38:52,595 log 41434 6203633664 "GET /o/.well-known/openid-configuration HTTP/1.1" 200 787
INFO 2026-02-23 10:38:52,631 log 41434 6203633664 "GET /o/.well-known/jwks.json HTTP/1.1" 200 474
INFO 2026-02-23 10:38:52,820 validators 41434 6203633664 Token issued for user 1 via local
INFO 2026-02-23 10:38:52,827 signals 41434 6203633664 Access token created for user 1 via client 5kWtcsPK1TeThWvN7gktrTfOsoiVdaY9OMqXEIV0
INFO 2026-02-23 10:38:52,885 log 41434 6203633664 "POST /o/token/ HTTP/1.1" 200 1475
INFO 2026-02-23 10:40:35,878 log 41434 6203633664 "GET /o/.well-known/openid-configuration HTTP/1.1" 200 787
INFO 2026-02-23 10:40:35,908 log 41434 6203633664 "GET /o/.well-known/jwks.json HTTP/1.1" 200 474
INFO 2026-02-23 10:40:37,818 log 41434 6220460032 "GET /o/authorize/?response_type=code&client_id=5kWtcsPK1TeThWvN7gktrTfOsoiVdaY9OMqXEIV0&state=VGdRV1hFYWVWSVRSYlB4a2dXVTliSUlKUklDQTFsQn56RUZid1NET345alVM&redirect_uri=http%3A%2F%2Flocalhost%3A4200&scope=openid%20profile%20email&code_challenge=2CkSDgk5QMNXrh2196oryIirqtsPvvdhu5CBwsr6rlo&code_challenge_method=S256&nonce=VGdRV1hFYWVWSVRSYlB4a2dXVTliSUlKUklDQTFsQn56RUZid1NET345alVM HTTP/1.1" 302 0
INFO 2026-02-23 10:40:38,071 log 41434 6203633664 "GET /o/.well-known/openid-configuration HTTP/1.1" 200 787
INFO 2026-02-23 10:40:38,226 validators 41434 6203633664 Token issued for user 1 via local
INFO 2026-02-23 10:40:38,232 signals 41434 6203633664 Access token created for user 1 via client 5kWtcsPK1TeThWvN7gktrTfOsoiVdaY9OMqXEIV0
INFO 2026-02-23 10:40:38,290 log 41434 6203633664 "POST /o/token/ HTTP/1.1" 200 1475
INFO 2026-02-23 10:40:43,418 log 41434 6220460032 "GET /o/authorize/?response_type=code&client_id=5kWtcsPK1TeThWvN7gktrTfOsoiVdaY9OMqXEIV0&state=TlFia3h5MWhGanBSX0tTV0NuR0RXZERYbVdORHpMWH41ZFExaS0zMWU5UzBI&redirect_uri=http%3A%2F%2Flocalhost%3A4200&scope=openid%20profile%20email&code_challenge=xcZs83itnbL-Yp99iVntKK7nz9bvkc_-jLkvP3Tqv9s&code_challenge_method=S256&nonce=TlFia3h5MWhGanBSX0tTV0NuR0RXZERYbVdORHpMWH41ZFExaS0zMWU5UzBI HTTP/1.1" 302 0
INFO 2026-02-23 10:40:43,731 log 41434 6203633664 "GET /o/.well-known/openid-configuration HTTP/1.1" 200 787
INFO 2026-02-23 10:40:43,824 log 41434 6203633664 "GET /o/.well-known/jwks.json HTTP/1.1" 200 474
INFO 2026-02-23 10:40:43,928 validators 41434 6203633664 Token issued for user 1 via local
INFO 2026-02-23 10:40:43,934 signals 41434 6203633664 Access token created for user 1 via client 5kWtcsPK1TeThWvN7gktrTfOsoiVdaY9OMqXEIV0
INFO 2026-02-23 10:40:43,983 log 41434 6203633664 "POST /o/token/ HTTP/1.1" 200 1475
INFO 2026-02-23 10:43:31,859 log 41434 6203633664 "GET /o/.well-known/openid-configuration HTTP/1.1" 200 787
INFO 2026-02-23 10:43:31,932 log 41434 6203633664 "GET /o/.well-known/jwks.json HTTP/1.1" 200 474
INFO 2026-02-23 10:43:45,482 log 41434 6220460032 "GET /o/authorize/?response_type=code&client_id=5kWtcsPK1TeThWvN7gktrTfOsoiVdaY9OMqXEIV0&state=TnAuaXh0MWlvNEpsYmkwTG5sQXZfZlFpWWRvbGtlNWlVNzNidG0tZjhfSUtq&redirect_uri=http%3A%2F%2Flocalhost%3A4200&scope=openid%20profile%20email&code_challenge=w5kdNX1a4AsKqMnWaPR_sTrhzcyx7c4OSuzYr7327yg&code_challenge_method=S256&nonce=TnAuaXh0MWlvNEpsYmkwTG5sQXZfZlFpWWRvbGtlNWlVNzNidG0tZjhfSUtq HTTP/1.1" 302 0
INFO 2026-02-23 10:43:45,718 log 41434 6203633664 "GET /o/.well-known/openid-configuration HTTP/1.1" 200 787
INFO 2026-02-23 10:43:45,877 log 41434 6203633664 "GET /o/.well-known/jwks.json HTTP/1.1" 200 474
INFO 2026-02-23 10:43:45,962 validators 41434 6203633664 Token issued for user 1 via local
INFO 2026-02-23 10:43:45,970 signals 41434 6203633664 Access token created for user 1 via client 5kWtcsPK1TeThWvN7gktrTfOsoiVdaY9OMqXEIV0
INFO 2026-02-23 10:43:46,021 log 41434 6203633664 "POST /o/token/ HTTP/1.1" 200 1475
INFO 2026-02-23 10:43:59,256 log 41434 6220460032 "GET /o/authorize/?response_type=code&client_id=5kWtcsPK1TeThWvN7gktrTfOsoiVdaY9OMqXEIV0&state=SkE3REZfdmplWEJMSVBsTVp3WFF2a2FFRloyMlpUZDF2aFZqTG5FRC1nUGxk&redirect_uri=http%3A%2F%2Flocalhost%3A4200&scope=openid%20profile%20email&code_challenge=YIxrl4Q2Vsm57HPI0hZHiBF64imiPPOGYXX_f-7Rbms&code_challenge_method=S256&nonce=SkE3REZfdmplWEJMSVBsTVp3WFF2a2FFRloyMlpUZDF2aFZqTG5FRC1nUGxk HTTP/1.1" 302 0
INFO 2026-02-23 10:43:59,642 log 41434 6203633664 "GET /o/.well-known/openid-configuration HTTP/1.1" 200 787
INFO 2026-02-23 10:43:59,881 validators 41434 6203633664 Token issued for user 1 via local
INFO 2026-02-23 10:43:59,886 signals 41434 6203633664 Access token created for user 1 via client 5kWtcsPK1TeThWvN7gktrTfOsoiVdaY9OMqXEIV0
INFO 2026-02-23 10:43:59,958 log 41434 6203633664 "POST /o/token/ HTTP/1.1" 200 1475
INFO 2026-02-23 10:44:58,402 log 41434 6220460032 "GET /o/authorize/?response_type=code&client_id=5kWtcsPK1TeThWvN7gktrTfOsoiVdaY9OMqXEIV0&state=SDVTVWJOeFdpN3NuaGN6YXlBenJEaDF3YjhZaTFDTWJKY3VaNWh6RzhLY256&redirect_uri=http%3A%2F%2Flocalhost%3A4200&scope=openid%20profile%20email&code_challenge=ZlDCM_bJWll19btTazWQTqSvnChEdP9Q_25Q9463xCQ&code_challenge_method=S256&nonce=SDVTVWJOeFdpN3NuaGN6YXlBenJEaDF3YjhZaTFDTWJKY3VaNWh6RzhLY256 HTTP/1.1" 302 0
INFO 2026-02-23 10:44:58,738 log 41434 6203633664 "GET /o/.well-known/openid-configuration HTTP/1.1" 200 787
INFO 2026-02-23 10:44:58,988 validators 41434 6203633664 Token issued for user 1 via local
INFO 2026-02-23 10:44:58,996 signals 41434 6203633664 Access token created for user 1 via client 5kWtcsPK1TeThWvN7gktrTfOsoiVdaY9OMqXEIV0
INFO 2026-02-23 10:44:59,043 log 41434 6203633664 "POST /o/token/ HTTP/1.1" 200 1475
INFO 2026-02-23 10:52:46,726 autoreload 41434 8562434240 /Users/dhrubajyotiborah/Documents/Projects/hcs_sso_with_oidc/apps/users/views.py changed, reloading.
ERROR 2026-02-23 10:52:47,581 apps 85266 8562434240 Failed to register custom backends: argument of type 'module' is not iterable
INFO 2026-02-23 10:52:47,582 apps 85266 8562434240 Enabled providers: Google, Facebook
INFO 2026-02-23 10:52:47,582 apps 85266 8562434240 ✅ Social authentication app initialized successfully
INFO 2026-02-23 10:52:47,590 autoreload 85266 8562434240 Watching for file changes with StatReloader
INFO 2026-02-23 10:53:20,245 log 85266 6200815616 "GET /o/authorize/?response_type=code&client_id=5kWtcsPK1TeThWvN7gktrTfOsoiVdaY9OMqXEIV0&state=bFdPUUhSbG1lS3lrNUVQMHVUamJzM1dqV0I2aUh3ODhZeVh1Zlp4YzM0aV94&redirect_uri=http%3A%2F%2Flocalhost%3A4200&scope=openid%20profile%20email&code_challenge=OEXtrV3hXVnro0_zdT9Apt1wPibMnqLTIfAfuzVpZLM&code_challenge_method=S256&nonce=bFdPUUhSbG1lS3lrNUVQMHVUamJzM1dqV0I2aUh3ODhZeVh1Zlp4YzM0aV94 HTTP/1.1" 302 0
INFO 2026-02-23 10:53:20,669 log 85266 6234468352 "GET /o/.well-known/openid-configuration HTTP/1.1" 200 787
INFO 2026-02-23 10:53:21,041 validators 85266 6234468352 Token issued for user 1 via local
INFO 2026-02-23 10:53:21,048 signals 85266 6234468352 Access token created for user 1 via client 5kWtcsPK1TeThWvN7gktrTfOsoiVdaY9OMqXEIV0
INFO 2026-02-23 10:53:21,103 log 85266 6234468352 "POST /o/token/ HTTP/1.1" 200 1475
INFO 2026-02-23 10:55:07,684 autoreload 85266 8562434240 /Users/dhrubajyotiborah/Documents/Projects/hcs_sso_with_oidc/sso/urls.py changed, reloading.
ERROR 2026-02-23 10:55:08,412 apps 86248 8562434240 Failed to register custom backends: argument of type 'module' is not iterable
INFO 2026-02-23 10:55:08,413 apps 86248 8562434240 Enabled providers: Google, Facebook
INFO 2026-02-23 10:55:08,413 apps 86248 8562434240 ✅ Social authentication app initialized successfully
INFO 2026-02-23 10:55:08,421 autoreload 86248 8562434240 Watching for file changes with StatReloader
INFO 2026-02-23 10:55:16,023 autoreload 86248 8562434240 /Users/dhrubajyotiborah/Documents/Projects/hcs_sso_with_oidc/sso/urls.py changed, reloading.
ERROR 2026-02-23 10:55:16,701 apps 86316 8562434240 Failed to register custom backends: argument of type 'module' is not iterable
INFO 2026-02-23 10:55:16,701 apps 86316 8562434240 Enabled providers: Google, Facebook
INFO 2026-02-23 10:55:16,701 apps 86316 8562434240 ✅ Social authentication app initialized successfully
INFO 2026-02-23 10:55:16,708 autoreload 86316 8562434240 Watching for file changes with StatReloader
INFO 2026-02-23 10:55:22,003 log 86316 6126563328 "GET /o/authorize/?response_type=code&client_id=5kWtcsPK1TeThWvN7gktrTfOsoiVdaY9OMqXEIV0&state=a3dBYkozZ0R4T3pDTHRjVGtDcHoyRV9qQ0VGYnJtRlN1M1lDYVNJTGNSMS01&redirect_uri=http%3A%2F%2Flocalhost%3A4200&scope=openid%20profile%20email&code_challenge=YyvQ-IofnT7q-RIyO5tyaWVhyOrX6V6ORPTKdpkOEDM&code_challenge_method=S256&nonce=a3dBYkozZ0R4T3pDTHRjVGtDcHoyRV9qQ0VGYnJtRlN1M1lDYVNJTGNSMS01 HTTP/1.1" 302 0
INFO 2026-02-23 10:55:22,074 log 86316 6126563328 "GET /accounts/login/?next=/o/authorize/%3Fresponse_type%3Dcode%26client_id%3D5kWtcsPK1TeThWvN7gktrTfOsoiVdaY9OMqXEIV0%26state%3Da3dBYkozZ0R4T3pDTHRjVGtDcHoyRV9qQ0VGYnJtRlN1M1lDYVNJTGNSMS01%26redirect_uri%3Dhttp%253A%252F%252Flocalhost%253A4200%26scope%3Dopenid%2520profile%2520email%26code_challenge%3DYyvQ-IofnT7q-RIyO5tyaWVhyOrX6V6ORPTKdpkOEDM%26code_challenge_method%3DS256%26nonce%3Da3dBYkozZ0R4T3pDTHRjVGtDcHoyRV9qQ0VGYnJtRlN1M1lDYVNJTGNSMS01 HTTP/1.1" 200 8717
WARNING 2026-02-23 10:55:22,168 log 86316 6126563328 Not Found: /.well-known/appspecific/com.chrome.devtools.json
WARNING 2026-02-23 10:55:22,169 log 86316 6126563328 "GET /.well-known/appspecific/com.chrome.devtools.json HTTP/1.1" 404 4842
INFO 2026-02-23 10:55:29,861 log 86316 6126563328 "POST /accounts/login/?next=/o/authorize/%3Fresponse_type%3Dcode%26client_id%3D5kWtcsPK1TeThWvN7gktrTfOsoiVdaY9OMqXEIV0%26state%3Da3dBYkozZ0R4T3pDTHRjVGtDcHoyRV9qQ0VGYnJtRlN1M1lDYVNJTGNSMS01%26redirect_uri%3Dhttp%253A%252F%252Flocalhost%253A4200%26scope%3Dopenid%2520profile%2520email%26code_challenge%3DYyvQ-IofnT7q-RIyO5tyaWVhyOrX6V6ORPTKdpkOEDM%26code_challenge_method%3DS256%26nonce%3Da3dBYkozZ0R4T3pDTHRjVGtDcHoyRV9qQ0VGYnJtRlN1M1lDYVNJTGNSMS01 HTTP/1.1" 302 0
INFO 2026-02-23 10:55:29,921 log 86316 6126563328 "GET /o/authorize/?response_type=code&client_id=5kWtcsPK1TeThWvN7gktrTfOsoiVdaY9OMqXEIV0&state=a3dBYkozZ0R4T3pDTHRjVGtDcHoyRV9qQ0VGYnJtRlN1M1lDYVNJTGNSMS01&redirect_uri=http%3A%2F%2Flocalhost%3A4200&scope=openid%20profile%20email&code_challenge=YyvQ-IofnT7q-RIyO5tyaWVhyOrX6V6ORPTKdpkOEDM&code_challenge_method=S256&nonce=a3dBYkozZ0R4T3pDTHRjVGtDcHoyRV9qQ0VGYnJtRlN1M1lDYVNJTGNSMS01 HTTP/1.1" 302 0
INFO 2026-02-23 10:55:30,211 log 86316 6160216064 "GET /o/.well-known/openid-configuration HTTP/1.1" 200 787
INFO 2026-02-23 10:55:30,588 validators 86316 6160216064 Token issued for user 1 via local
INFO 2026-02-23 10:55:30,595 signals 86316 6160216064 Access token created for user 1 via client 5kWtcsPK1TeThWvN7gktrTfOsoiVdaY9OMqXEIV0
INFO 2026-02-23 10:55:30,653 log 86316 6160216064 "POST /o/token/ HTTP/1.1" 200 1475
INFO 2026-02-23 10:59:56,940 log 86316 6126563328 "GET /o/.well-known/openid-configuration HTTP/1.1" 200 787
INFO 2026-02-23 11:00:04,967 log 86316 6143389696 "GET /o/authorize/?response_type=code&client_id=5kWtcsPK1TeThWvN7gktrTfOsoiVdaY9OMqXEIV0&state=NWRhZUVPeX5HTnV0UG92V0ZFdXFTZWFvOUM2bU9YdGR1YkJHdWxjT3ozfnot&redirect_uri=http%3A%2F%2Flocalhost%3A4200&scope=openid%20profile%20email&code_challenge=6sQM1KkXWge6K9qStwAnCjTj1YUTzqpCP2d78ALy6jM&code_challenge_method=S256&nonce=NWRhZUVPeX5HTnV0UG92V0ZFdXFTZWFvOUM2bU9YdGR1YkJHdWxjT3ozfnot HTTP/1.1" 302 0
INFO 2026-02-23 11:00:05,304 log 86316 6126563328 "GET /o/.well-known/openid-configuration HTTP/1.1" 200 787
INFO 2026-02-23 11:00:05,478 validators 86316 6126563328 Token issued for user 1 via local
INFO 2026-02-23 11:00:05,507 signals 86316 6126563328 Access token created for user 1 via client 5kWtcsPK1TeThWvN7gktrTfOsoiVdaY9OMqXEIV0
INFO 2026-02-23 11:00:05,625 log 86316 6126563328 "POST /o/token/ HTTP/1.1" 200 1475
INFO 2026-02-23 11:05:14,956 log 86316 6126563328 "GET /o/.well-known/openid-configuration HTTP/1.1" 200 787
INFO 2026-02-23 11:05:15,041 log 86316 6126563328 "GET /o/.well-known/jwks.json HTTP/1.1" 200 474
INFO 2026-02-23 11:05:30,270 log 86316 6143389696 "GET /o/authorize/?response_type=code&client_id=5kWtcsPK1TeThWvN7gktrTfOsoiVdaY9OMqXEIV0&state=QWNDUWNhdDVsRi5UaUFtY0hUZVg4TnY1U09CSUg1SUdiTDRCc3pWQ3EzSDJs&redirect_uri=http%3A%2F%2Flocalhost%3A4200&scope=openid%20profile%20email&code_challenge=WgzN_UNb-VGTwpqaFFSUXQgpKch-IL6vdAAEuXxg7YY&code_challenge_method=S256&nonce=QWNDUWNhdDVsRi5UaUFtY0hUZVg4TnY1U09CSUg1SUdiTDRCc3pWQ3EzSDJs HTTP/1.1" 302 0
INFO 2026-02-23 11:05:30,546 log 86316 6126563328 "GET /o/.well-known/openid-configuration HTTP/1.1" 200 787
INFO 2026-02-23 11:05:30,600 log 86316 6126563328 "GET /o/.well-known/jwks.json HTTP/1.1" 200 474
INFO 2026-02-23 11:05:30,768 validators 86316 6126563328 Token issued for user 1 via local
INFO 2026-02-23 11:05:30,778 signals 86316 6126563328 Access token created for user 1 via client 5kWtcsPK1TeThWvN7gktrTfOsoiVdaY9OMqXEIV0
INFO 2026-02-23 11:05:30,878 log 86316 6126563328 "POST /o/token/ HTTP/1.1" 200 1475
INFO 2026-02-23 11:06:51,766 log 86316 6143389696 "GET /o/authorize/?response_type=code&client_id=5kWtcsPK1TeThWvN7gktrTfOsoiVdaY9OMqXEIV0&state=WFNST3JDMUNBc3RpUTYtb0d6ak8zZHhmMlNMRUEuYy1TSWttNDRLb0lUZk1V&redirect_uri=http%3A%2F%2Flocalhost%3A4200&scope=openid%20profile%20email&code_challenge=p-u-rraKcX_q_L35wvhn1Pikcvem8EZMsxhLEZUZpHU&code_challenge_method=S256&nonce=WFNST3JDMUNBc3RpUTYtb0d6ak8zZHhmMlNMRUEuYy1TSWttNDRLb0lUZk1V HTTP/1.1" 302 0
INFO 2026-02-23 11:06:52,226 log 86316 6126563328 "GET /o/.well-known/openid-configuration HTTP/1.1" 200 787
INFO 2026-02-23 11:06:52,326 validators 86316 6126563328 Token issued for user 1 via local
INFO 2026-02-23 11:06:52,333 signals 86316 6126563328 Access token created for user 1 via client 5kWtcsPK1TeThWvN7gktrTfOsoiVdaY9OMqXEIV0
INFO 2026-02-23 11:06:52,382 log 86316 6126563328 "POST /o/token/ HTTP/1.1" 200 1475
INFO 2026-02-23 11:10:45,028 log 86316 6126563328 "GET /o/.well-known/openid-configuration HTTP/1.1" 200 787
INFO 2026-02-23 11:10:45,147 log 86316 6126563328 "GET /o/.well-known/jwks.json HTTP/1.1" 200 474
INFO 2026-02-23 11:10:45,330 log 86316 6177042432 "POST /o/introspect/ HTTP/1.1" 200 195
INFO 2026-02-23 11:10:45,332 log 86316 6160216064 "POST /o/introspect/ HTTP/1.1" 200 195
INFO 2026-02-23 11:10:45,402 log 86316 6210695168 "GET /api/oidc/userinfo/ HTTP/1.1" 200 178
INFO 2026-02-23 11:10:45,403 log 86316 6193868800 "GET /api/oidc/userinfo/ HTTP/1.1" 200 178
INFO 2026-02-23 11:11:00,422 log 86316 6126563328 "GET /o/.well-known/openid-configuration HTTP/1.1" 200 787
INFO 2026-02-23 11:11:00,873 log 86316 6160216064 "POST /o/introspect/ HTTP/1.1" 200 195
INFO 2026-02-23 11:11:00,981 log 86316 6177042432 "GET /api/oidc/userinfo/ HTTP/1.1" 200 178
INFO 2026-02-23 11:11:07,723 log 86316 6126563328 "GET /o/.well-known/openid-configuration HTTP/1.1" 200 787
INFO 2026-02-23 11:11:08,089 log 86316 6160216064 "POST /o/introspect/ HTTP/1.1" 200 195
INFO 2026-02-23 11:11:08,229 log 86316 6177042432 "GET /api/oidc/userinfo/ HTTP/1.1" 200 178
INFO 2026-02-23 11:11:50,803 log 86316 6126563328 "GET /o/.well-known/openid-configuration HTTP/1.1" 200 787
INFO 2026-02-23 11:12:14,108 log 86316 6126563328 "GET /o/.well-known/openid-configuration HTTP/1.1" 200 787
INFO 2026-02-23 11:12:14,373 log 86316 6143389696 "POST /o/introspect/ HTTP/1.1" 200 195
INFO 2026-02-23 11:12:14,393 log 86316 6160216064 "POST /o/introspect/ HTTP/1.1" 200 195
INFO 2026-02-23 11:12:14,449 log 86316 6177042432 "GET /api/oidc/userinfo/ HTTP/1.1" 200 178
INFO 2026-02-23 11:12:14,458 log 86316 6193868800 "GET /api/oidc/userinfo/ HTTP/1.1" 200 178
INFO 2026-02-23 11:12:27,372 log 86316 6126563328 "GET /o/.well-known/openid-configuration HTTP/1.1" 200 787
INFO 2026-02-23 11:12:27,753 log 86316 6160216064 "POST /o/introspect/ HTTP/1.1" 200 195
INFO 2026-02-23 11:12:27,753 log 86316 6143389696 "POST /o/introspect/ HTTP/1.1" 200 195
INFO 2026-02-23 11:12:27,799 log 86316 6193868800 "GET /api/oidc/userinfo/ HTTP/1.1" 200 178
INFO 2026-02-23 11:12:27,804 log 86316 6177042432 "GET /api/oidc/userinfo/ HTTP/1.1" 200 178
INFO 2026-02-23 11:12:32,139 log 86316 6126563328 "GET /o/.well-known/openid-configuration HTTP/1.1" 200 787
INFO 2026-02-23 11:12:32,201 log 86316 6126563328 "GET /o/.well-known/jwks.json HTTP/1.1" 200 474
INFO 2026-02-23 11:12:44,200 log 86316 6143389696 "GET /o/authorize/?response_type=code&client_id=5kWtcsPK1TeThWvN7gktrTfOsoiVdaY9OMqXEIV0&state=MWFyOGI0YWdyRWR6R3ZkaS1MbWpBTHFqQUdjY2dqWmMyY0pwNUFSdm5SYlBt&redirect_uri=http%3A%2F%2Flocalhost%3A4200&scope=openid%20profile%20email&code_challenge=Nqr8kc2lyJ8kpKGtxkGYoSQl5K7gDAN00hjA9aeZmOY&code_challenge_method=S256&nonce=MWFyOGI0YWdyRWR6R3ZkaS1MbWpBTHFqQUdjY2dqWmMyY0pwNUFSdm5SYlBt HTTP/1.1" 302 0
INFO 2026-02-23 11:12:44,530 log 86316 6126563328 "GET /o/.well-known/openid-configuration HTTP/1.1" 200 787
INFO 2026-02-23 11:12:44,726 validators 86316 6126563328 Token issued for user 1 via local
INFO 2026-02-23 11:12:44,733 signals 86316 6126563328 Access token created for user 1 via client 5kWtcsPK1TeThWvN7gktrTfOsoiVdaY9OMqXEIV0
INFO 2026-02-23 11:12:44,779 log 86316 6126563328 "POST /o/token/ HTTP/1.1" 200 1475
INFO 2026-02-23 11:12:44,988 log 86316 6177042432 "POST /o/introspect/ HTTP/1.1" 200 195
INFO 2026-02-23 11:12:45,081 log 86316 6193868800 "GET /api/oidc/userinfo/ HTTP/1.1" 200 178
INFO 2026-02-23 11:12:47,762 log 86316 6177042432 "POST /o/introspect/ HTTP/1.1" 200 195
INFO 2026-02-23 11:12:47,812 log 86316 6193868800 "GET /api/oidc/userinfo/ HTTP/1.1" 200 178
INFO 2026-02-23 11:12:48,553 log 86316 6126563328 "GET /o/.well-known/openid-configuration HTTP/1.1" 200 787
INFO 2026-02-23 11:12:48,658 log 86316 6126563328 "GET /o/.well-known/jwks.json HTTP/1.1" 200 474
INFO 2026-02-23 11:12:48,774 log 86316 6193868800 "POST /o/introspect/ HTTP/1.1" 200 195
INFO 2026-02-23 11:12:48,774 log 86316 6177042432 "POST /o/introspect/ HTTP/1.1" 200 195
INFO 2026-02-23 11:12:48,822 log 86316 6227521536 "GET /api/oidc/userinfo/ HTTP/1.1" 200 178
INFO 2026-02-23 11:12:48,825 log 86316 6210695168 "GET /api/oidc/userinfo/ HTTP/1.1" 200 178
INFO 2026-02-23 11:12:53,551 log 86316 6126563328 "GET /o/.well-known/openid-configuration HTTP/1.1" 200 787
INFO 2026-02-23 11:12:53,783 log 86316 6177042432 "POST /o/introspect/ HTTP/1.1" 200 195
INFO 2026-02-23 11:12:53,783 log 86316 6193868800 "POST /o/introspect/ HTTP/1.1" 200 195
INFO 2026-02-23 11:12:53,825 log 86316 6227521536 "GET /api/oidc/userinfo/ HTTP/1.1" 200 178
INFO 2026-02-23 11:12:53,827 log 86316 6210695168 "GET /api/oidc/userinfo/ HTTP/1.1" 200 178
INFO 2026-02-23 11:12:59,196 log 86316 6126563328 "GET /o/.well-known/openid-configuration HTTP/1.1" 200 787
INFO 2026-02-23 11:12:59,265 log 86316 6126563328 "GET /o/.well-known/jwks.json HTTP/1.1" 200 474
INFO 2026-02-23 11:13:02,118 log 86316 6126563328 "GET /o/.well-known/openid-configuration HTTP/1.1" 200 787
INFO 2026-02-23 11:13:04,544 log 86316 6126563328 "GET /o/.well-known/openid-configuration HTTP/1.1" 200 787
INFO 2026-02-23 11:13:06,486 log 86316 6126563328 "GET /o/.well-known/openid-configuration HTTP/1.1" 200 787
INFO 2026-02-23 11:13:07,877 log 86316 6126563328 "GET /o/.well-known/openid-configuration HTTP/1.1" 200 787
INFO 2026-02-23 11:13:09,090 log 86316 6126563328 "GET /o/.well-known/openid-configuration HTTP/1.1" 200 787
INFO 2026-02-23 11:13:10,461 log 86316 6126563328 "GET /o/.well-known/openid-configuration HTTP/1.1" 200 787
INFO 2026-02-23 11:13:47,057 log 86316 6126563328 "GET /o/.well-known/openid-configuration HTTP/1.1" 200 787
INFO 2026-02-23 11:27:55,562 log 86316 6126563328 "GET /o/.well-known/openid-configuration HTTP/1.1" 200 787
INFO 2026-02-23 11:28:05,820 log 86316 6125989888 "GET /o/.well-known/openid-configuration HTTP/1.1" 200 787
INFO 2026-02-24 05:06:42,707 log 86316 6125989888 "GET /o/.well-known/openid-configuration HTTP/1.1" 200 787
INFO 2026-02-24 05:06:42,793 log 86316 6125989888 "GET /o/.well-known/jwks.json HTTP/1.1" 200 474
INFO 2026-02-24 05:06:49,555 log 86316 6125989888 "GET /o/.well-known/openid-configuration HTTP/1.1" 200 787
INFO 2026-02-24 05:07:02,332 log 86316 6125989888 "GET /o/.well-known/openid-configuration HTTP/1.1" 200 787
INFO 2026-02-24 05:09:29,727 log 86316 6125989888 "GET /o/.well-known/openid-configuration HTTP/1.1" 200 787
INFO 2026-02-24 05:10:04,960 log 86316 6125989888 "GET /o/.well-known/openid-configuration HTTP/1.1" 200 787
INFO 2026-02-24 05:10:10,362 log 86316 6142816256 "GET /o/authorize/?response_type=code&client_id=5kWtcsPK1TeThWvN7gktrTfOsoiVdaY9OMqXEIV0&state=eFFCa3BCRWR-RVU2R1N0fi1tYUREM0hXbDZCdTZNQWR3MnkzdlVPMmtXem5J&redirect_uri=http%3A%2F%2Flocalhost%3A4200&scope=openid%20profile%20email&code_challenge=unsGZ3LHmd-4Y-qqCS9u5teEiaxPJGZFEnhajdzBu6Q&code_challenge_method=S256&nonce=eFFCa3BCRWR-RVU2R1N0fi1tYUREM0hXbDZCdTZNQWR3MnkzdlVPMmtXem5J HTTP/1.1" 302 0
INFO 2026-02-24 05:10:10,671 log 86316 6125989888 "GET /o/.well-known/openid-configuration HTTP/1.1" 200 787
INFO 2026-02-24 05:10:10,909 validators 86316 6125989888 Token issued for user 1 via local
INFO 2026-02-24 05:10:10,920 signals 86316 6125989888 Access token created for user 1 via client 5kWtcsPK1TeThWvN7gktrTfOsoiVdaY9OMqXEIV0
INFO 2026-02-24 05:10:11,012 log 86316 6125989888 "POST /o/token/ HTTP/1.1" 200 1475
INFO 2026-02-24 05:10:11,246 log 86316 6176468992 "POST /o/introspect/ HTTP/1.1" 200 195
INFO 2026-02-24 05:10:11,276 log 86316 6210121728 "POST /o/introspect/ HTTP/1.1" 200 195
INFO 2026-02-24 05:10:11,297 log 86316 6226948096 "POST /o/introspect/ HTTP/1.1" 200 195
INFO 2026-02-24 05:10:11,301 log 86316 6193295360 "POST /o/introspect/ HTTP/1.1" 200 195
INFO 2026-02-24 05:10:11,340 log 86316 6243774464 "GET /api/oidc/userinfo/ HTTP/1.1" 200 178
INFO 2026-02-24 05:10:11,340 log 86316 6277427200 "GET /api/oidc/userinfo/ HTTP/1.1" 200 178
INFO 2026-02-24 05:10:11,341 log 86316 6294253568 "GET /api/oidc/userinfo/ HTTP/1.1" 200 178
INFO 2026-02-24 05:10:11,341 log 86316 6260600832 "GET /api/oidc/userinfo/ HTTP/1.1" 200 178
INFO 2026-02-24 05:29:07,246 log 86316 6142816256 "POST /o/introspect/ HTTP/1.1" 200 195
INFO 2026-02-24 05:29:07,246 log 86316 6125989888 "POST /o/introspect/ HTTP/1.1" 200 195
INFO 2026-02-24 05:29:07,396 log 86316 6177042432 "GET /api/oidc/userinfo/ HTTP/1.1" 200 178
INFO 2026-02-24 05:29:07,444 log 86316 6160216064 "GET /api/oidc/userinfo/ HTTP/1.1" 200 178
INFO 2026-02-24 05:29:11,403 log 86316 6125989888 "POST /o/introspect/ HTTP/1.1" 200 195
INFO 2026-02-24 05:29:11,450 log 86316 6142816256 "GET /api/oidc/userinfo/ HTTP/1.1" 200 178
INFO 2026-02-24 05:29:13,128 log 86316 6142242816 "POST /o/introspect/ HTTP/1.1" 200 195
INFO 2026-02-24 05:29:13,128 log 86316 6125416448 "POST /o/introspect/ HTTP/1.1" 200 195
INFO 2026-02-24 05:29:13,178 log 86316 6177042432 "GET /api/oidc/userinfo/ HTTP/1.1" 200 178
INFO 2026-02-24 05:29:13,178 log 86316 6160216064 "GET /api/oidc/userinfo/ HTTP/1.1" 200 178
INFO 2026-02-24 05:29:15,593 log 86316 6125416448 "POST /o/introspect/ HTTP/1.1" 200 195
INFO 2026-02-24 05:29:15,634 log 86316 6142242816 "GET /api/oidc/userinfo/ HTTP/1.1" 200 178
INFO 2026-02-24 05:29:17,068 log 86316 6125416448 "POST /o/introspect/ HTTP/1.1" 200 195
INFO 2026-02-24 05:29:17,074 log 86316 6142242816 "POST /o/introspect/ HTTP/1.1" 200 195
INFO 2026-02-24 05:29:17,108 log 86316 6160216064 "GET /api/oidc/userinfo/ HTTP/1.1" 200 178
INFO 2026-02-24 05:29:17,109 log 86316 6177042432 "GET /api/oidc/userinfo/ HTTP/1.1" 200 178
INFO 2026-02-24 05:29:18,937 log 86316 6125416448 "POST /o/introspect/ HTTP/1.1" 200 195
INFO 2026-02-24 05:29:18,938 log 86316 6142242816 "POST /o/introspect/ HTTP/1.1" 200 195
INFO 2026-02-24 05:29:19,006 log 86316 6177042432 "GET /api/oidc/userinfo/ HTTP/1.1" 200 178
INFO 2026-02-24 05:29:19,009 log 86316 6160216064 "GET /api/oidc/userinfo/ HTTP/1.1" 200 178
INFO 2026-02-24 05:29:20,134 log 86316 6125416448 "POST /o/introspect/ HTTP/1.1" 200 195
INFO 2026-02-24 05:29:20,189 log 86316 6142242816 "GET /api/oidc/userinfo/ HTTP/1.1" 200 178
INFO 2026-02-24 05:29:21,277 log 86316 6125416448 "POST /o/introspect/ HTTP/1.1" 200 195
INFO 2026-02-24 05:29:21,329 log 86316 6142242816 "GET /api/oidc/userinfo/ HTTP/1.1" 200 178
INFO 2026-02-24 05:29:23,490 log 86316 6125416448 "POST /o/introspect/ HTTP/1.1" 200 195
INFO 2026-02-24 05:29:23,543 log 86316 6142242816 "GET /api/oidc/userinfo/ HTTP/1.1" 200 178
INFO 2026-02-24 05:29:26,400 log 86316 6125416448 "POST /o/introspect/ HTTP/1.1" 200 195
INFO 2026-02-24 05:29:26,401 log 86316 6142242816 "POST /o/introspect/ HTTP/1.1" 200 195
INFO 2026-02-24 05:29:26,453 log 86316 6160216064 "GET /api/oidc/userinfo/ HTTP/1.1" 200 178
INFO 2026-02-24 05:29:26,453 log 86316 6177042432 "GET /api/oidc/userinfo/ HTTP/1.1" 200 178
INFO 2026-02-24 05:40:48,644 autoreload 86316 8562434240 /Users/dhrubajyotiborah/Documents/Projects/hcs_sso_with_oidc/apps/users/views.py changed, reloading.
ERROR 2026-02-24 05:40:49,925 apps 29924 8562434240 Failed to register custom backends: argument of type 'module' is not iterable
INFO 2026-02-24 05:40:49,926 apps 29924 8562434240 Enabled providers: Google, Facebook
INFO 2026-02-24 05:40:49,926 apps 29924 8562434240 ✅ Social authentication app initialized successfully
INFO 2026-02-24 05:40:49,932 autoreload 29924 8562434240 Watching for file changes with StatReloader
INFO 2026-02-24 05:41:14,264 autoreload 29924 8562434240 /Users/dhrubajyotiborah/Documents/Projects/hcs_sso_with_oidc/apps/users/views.py changed, reloading.
ERROR 2026-02-24 05:41:15,058 apps 30134 8562434240 Failed to register custom backends: argument of type 'module' is not iterable
INFO 2026-02-24 05:41:15,059 apps 30134 8562434240 Enabled providers: Google, Facebook
INFO 2026-02-24 05:41:15,059 apps 30134 8562434240 ✅ Social authentication app initialized successfully
INFO 2026-02-24 05:41:15,066 autoreload 30134 8562434240 Watching for file changes with StatReloader
INFO 2026-02-24 05:45:30,956 log 30134 6191837184 "GET /o/.well-known/openid-configuration HTTP/1.1" 200 787
INFO 2026-02-24 05:45:44,931 log 30134 6208663552 "GET /o/authorize/?response_type=code&client_id=5kWtcsPK1TeThWvN7gktrTfOsoiVdaY9OMqXEIV0&state=cEFTazdzZm1BQVZiYi0tR3htN2I1QzFCRzBKSU5DMzhtUERkaFBuTF8zLkJW&redirect_uri=http%3A%2F%2Flocalhost%3A4200&scope=openid%20profile%20email&code_challenge=9hIefpWGP0kTvFrskMIK1hM0q64HT8se2kOZzU4g_Nw&code_challenge_method=S256&nonce=cEFTazdzZm1BQVZiYi0tR3htN2I1QzFCRzBKSU5DMzhtUERkaFBuTF8zLkJW HTTP/1.1" 302 0
INFO 2026-02-24 05:45:45,272 log 30134 6191837184 "GET /o/.well-known/openid-configuration HTTP/1.1" 200 787
INFO 2026-02-24 05:45:45,796 validators 30134 6191837184 Token issued for user 1 via local
INFO 2026-02-24 05:45:45,825 signals 30134 6191837184 Access token created for user 1 via client 5kWtcsPK1TeThWvN7gktrTfOsoiVdaY9OMqXEIV0
INFO 2026-02-24 05:45:45,913 log 30134 6191837184 "POST /o/token/ HTTP/1.1" 200 1475
INFO 2026-02-24 05:45:46,238 log 30134 6242316288 "POST /o/introspect/ HTTP/1.1" 200 195
INFO 2026-02-24 05:45:46,263 log 30134 6259142656 "POST /o/introspect/ HTTP/1.1" 200 195
INFO 2026-02-24 05:45:46,301 log 30134 6275969024 "POST /o/introspect/ HTTP/1.1" 200 195
INFO 2026-02-24 05:45:46,322 log 30134 6292795392 "POST /o/introspect/ HTTP/1.1" 200 195
INFO 2026-02-24 05:45:46,352 log 30134 12952186880 "GET /api/oidc/userinfo/ HTTP/1.1" 200 178
INFO 2026-02-24 05:45:46,353 log 30134 12918534144 "GET /api/oidc/userinfo/ HTTP/1.1" 200 178
INFO 2026-02-24 05:45:46,353 log 30134 12901707776 "GET /api/oidc/userinfo/ HTTP/1.1" 200 178
INFO 2026-02-24 05:45:46,357 log 30134 12935360512 "GET /api/oidc/userinfo/ HTTP/1.1" 200 178
INFO 2026-02-24 05:45:48,777 log 30134 6191837184 "OPTIONS /api/users/logout/ HTTP/1.1" 200 0
ERROR 2026-02-24 05:45:48,949 signals 30134 6208663552 Failed to handle login alert: argument of type 'NoneType' is not iterable
INFO 2026-02-24 05:45:49,000 log 30134 6208663552 "POST /api/users/logout/ HTTP/1.1" 200 101
INFO 2026-02-24 05:45:56,245 log 30134 6191837184 "GET /o/.well-known/openid-configuration HTTP/1.1" 200 787
INFO 2026-02-24 05:46:24,447 log 30134 6208663552 "GET /o/authorize/?response_type=code&client_id=5kWtcsPK1TeThWvN7gktrTfOsoiVdaY9OMqXEIV0&state=Y3RIaWJmQm5mMEZlbnQtTzIwcmVlSHAyRTNyMVFrMFlYV0d0SHlQWHdrZWFm&redirect_uri=http%3A%2F%2Flocalhost%3A4200&scope=openid%20profile%20email&code_challenge=7HYHkyMESKA2rvXwRvU0rGelnHPqRcP2_YDkOY-3P0g&code_challenge_method=S256&nonce=Y3RIaWJmQm5mMEZlbnQtTzIwcmVlSHAyRTNyMVFrMFlYV0d0SHlQWHdrZWFm HTTP/1.1" 302 0
INFO 2026-02-24 05:46:24,533 log 30134 6208663552 "GET /accounts/login/?next=/o/authorize/%3Fresponse_type%3Dcode%26client_id%3D5kWtcsPK1TeThWvN7gktrTfOsoiVdaY9OMqXEIV0%26state%3DY3RIaWJmQm5mMEZlbnQtTzIwcmVlSHAyRTNyMVFrMFlYV0d0SHlQWHdrZWFm%26redirect_uri%3Dhttp%253A%252F%252Flocalhost%253A4200%26scope%3Dopenid%2520profile%2520email%26code_challenge%3D7HYHkyMESKA2rvXwRvU0rGelnHPqRcP2_YDkOY-3P0g%26code_challenge_method%3DS256%26nonce%3DY3RIaWJmQm5mMEZlbnQtTzIwcmVlSHAyRTNyMVFrMFlYV0d0SHlQWHdrZWFm HTTP/1.1" 200 8717
WARNING 2026-02-24 05:46:24,767 log 30134 6208663552 Not Found: /.well-known/appspecific/com.chrome.devtools.json
WARNING 2026-02-24 05:46:24,769 log 30134 6208663552 "GET /.well-known/appspecific/com.chrome.devtools.json HTTP/1.1" 404 4842
INFO 2026-02-24 05:46:51,562 log 30134 6208663552 "POST /accounts/login/?next=/o/authorize/%3Fresponse_type%3Dcode%26client_id%3D5kWtcsPK1TeThWvN7gktrTfOsoiVdaY9OMqXEIV0%26state%3DY3RIaWJmQm5mMEZlbnQtTzIwcmVlSHAyRTNyMVFrMFlYV0d0SHlQWHdrZWFm%26redirect_uri%3Dhttp%253A%252F%252Flocalhost%253A4200%26scope%3Dopenid%2520profile%2520email%26code_challenge%3D7HYHkyMESKA2rvXwRvU0rGelnHPqRcP2_YDkOY-3P0g%26code_challenge_method%3DS256%26nonce%3DY3RIaWJmQm5mMEZlbnQtTzIwcmVlSHAyRTNyMVFrMFlYV0d0SHlQWHdrZWFm HTTP/1.1" 302 0
INFO 2026-02-24 05:46:51,630 log 30134 6208663552 "GET /o/authorize/?response_type=code&client_id=5kWtcsPK1TeThWvN7gktrTfOsoiVdaY9OMqXEIV0&state=Y3RIaWJmQm5mMEZlbnQtTzIwcmVlSHAyRTNyMVFrMFlYV0d0SHlQWHdrZWFm&redirect_uri=http%3A%2F%2Flocalhost%3A4200&scope=openid%20profile%20email&code_challenge=7HYHkyMESKA2rvXwRvU0rGelnHPqRcP2_YDkOY-3P0g&code_challenge_method=S256&nonce=Y3RIaWJmQm5mMEZlbnQtTzIwcmVlSHAyRTNyMVFrMFlYV0d0SHlQWHdrZWFm HTTP/1.1" 302 0
INFO 2026-02-24 05:46:52,104 log 30134 6191837184 "GET /o/.well-known/openid-configuration HTTP/1.1" 200 787
INFO 2026-02-24 05:46:52,251 validators 30134 6191837184 Token issued for user 8 via local
INFO 2026-02-24 05:46:52,257 signals 30134 6191837184 Access token created for user 8 via client 5kWtcsPK1TeThWvN7gktrTfOsoiVdaY9OMqXEIV0
INFO 2026-02-24 05:46:52,314 log 30134 6191837184 "POST /o/token/ HTTP/1.1" 200 1531
INFO 2026-02-24 05:46:52,753 log 30134 6242316288 "POST /o/introspect/ HTTP/1.1" 200 179
INFO 2026-02-24 05:46:52,769 log 30134 6275969024 "POST /o/introspect/ HTTP/1.1" 200 179
INFO 2026-02-24 05:46:52,769 log 30134 6259142656 "POST /o/introspect/ HTTP/1.1" 200 179
INFO 2026-02-24 05:46:52,775 log 30134 6292795392 "POST /o/introspect/ HTTP/1.1" 200 179
INFO 2026-02-24 05:46:52,815 log 30134 12901707776 "GET /api/oidc/userinfo/ HTTP/1.1" 200 235
INFO 2026-02-24 05:46:52,819 log 30134 12935360512 "GET /api/oidc/userinfo/ HTTP/1.1" 200 235
INFO 2026-02-24 05:46:52,821 log 30134 12952186880 "GET /api/oidc/userinfo/ HTTP/1.1" 200 235
INFO 2026-02-24 05:46:52,821 log 30134 12918534144 "GET /api/oidc/userinfo/ HTTP/1.1" 200 235
ERROR 2026-02-24 05:47:54,860 signals 30134 6208663552 Failed to handle login alert: argument of type 'NoneType' is not iterable
INFO 2026-02-24 05:47:54,905 log 30134 6208663552 "POST /api/users/logout/ HTTP/1.1" 200 101
INFO 2026-02-24 05:48:50,648 autoreload 30134 8562434240 /Users/dhrubajyotiborah/Documents/Projects/hcs_sso_with_oidc/apps/users/views.py changed, reloading.
ERROR 2026-02-24 05:48:51,783 apps 33539 8562434240 Failed to register custom backends: argument of type 'module' is not iterable
INFO 2026-02-24 05:48:51,783 apps 33539 8562434240 Enabled providers: Google, Facebook
INFO 2026-02-24 05:48:51,783 apps 33539 8562434240 ✅ Social authentication app initialized successfully
INFO 2026-02-24 05:48:51,793 autoreload 33539 8562434240 Watching for file changes with StatReloader
INFO 2026-02-24 06:08:42,420 log 33539 6123696128 "GET /o/.well-known/openid-configuration HTTP/1.1" 200 787
INFO 2026-02-24 06:08:43,056 log 33539 6123696128 "GET /o/.well-known/jwks.json HTTP/1.1" 200 474
INFO 2026-02-24 06:08:43,057 basehttp 33539 6123696128 - Broken pipe from ('127.0.0.1', 65041)
INFO 2026-02-24 06:08:53,610 log 33539 6123696128 "GET /o/authorize/?response_type=code&client_id=5kWtcsPK1TeThWvN7gktrTfOsoiVdaY9OMqXEIV0&state=QUdkUDhuMEZKNzNrUTBoaTFhblh4cENvaDdLWlZieDFXVU5TMjVzLUR0eWs1&redirect_uri=http%3A%2F%2Flocalhost%3A4200&scope=openid%20profile%20email&code_challenge=Tfe-36pujXRXJJduzljpVaPtfi2Yq6IJBycPdIoRg-w&code_challenge_method=S256&nonce=QUdkUDhuMEZKNzNrUTBoaTFhblh4cENvaDdLWlZieDFXVU5TMjVzLUR0eWs1 HTTP/1.1" 302 0
INFO 2026-02-24 06:08:53,656 log 33539 6123696128 "GET /accounts/login/?next=/o/authorize/%3Fresponse_type%3Dcode%26client_id%3D5kWtcsPK1TeThWvN7gktrTfOsoiVdaY9OMqXEIV0%26state%3DQUdkUDhuMEZKNzNrUTBoaTFhblh4cENvaDdLWlZieDFXVU5TMjVzLUR0eWs1%26redirect_uri%3Dhttp%253A%252F%252Flocalhost%253A4200%26scope%3Dopenid%2520profile%2520email%26code_challenge%3DTfe-36pujXRXJJduzljpVaPtfi2Yq6IJBycPdIoRg-w%26code_challenge_method%3DS256%26nonce%3DQUdkUDhuMEZKNzNrUTBoaTFhblh4cENvaDdLWlZieDFXVU5TMjVzLUR0eWs1 HTTP/1.1" 200 8717
INFO 2026-02-24 06:09:05,667 log 33539 6123696128 "POST /accounts/login/?next=/o/authorize/%3Fresponse_type%3Dcode%26client_id%3D5kWtcsPK1TeThWvN7gktrTfOsoiVdaY9OMqXEIV0%26state%3DQUdkUDhuMEZKNzNrUTBoaTFhblh4cENvaDdLWlZieDFXVU5TMjVzLUR0eWs1%26redirect_uri%3Dhttp%253A%252F%252Flocalhost%253A4200%26scope%3Dopenid%2520profile%2520email%26code_challenge%3DTfe-36pujXRXJJduzljpVaPtfi2Yq6IJBycPdIoRg-w%26code_challenge_method%3DS256%26nonce%3DQUdkUDhuMEZKNzNrUTBoaTFhblh4cENvaDdLWlZieDFXVU5TMjVzLUR0eWs1 HTTP/1.1" 302 0
INFO 2026-02-24 06:09:05,747 log 33539 6123696128 "GET /o/authorize/?response_type=code&client_id=5kWtcsPK1TeThWvN7gktrTfOsoiVdaY9OMqXEIV0&state=QUdkUDhuMEZKNzNrUTBoaTFhblh4cENvaDdLWlZieDFXVU5TMjVzLUR0eWs1&redirect_uri=http%3A%2F%2Flocalhost%3A4200&scope=openid%20profile%20email&code_challenge=Tfe-36pujXRXJJduzljpVaPtfi2Yq6IJBycPdIoRg-w&code_challenge_method=S256&nonce=QUdkUDhuMEZKNzNrUTBoaTFhblh4cENvaDdLWlZieDFXVU5TMjVzLUR0eWs1 HTTP/1.1" 302 0
INFO 2026-02-24 06:09:05,861 log 33539 6157348864 "GET /o/.well-known/openid-configuration HTTP/1.1" 200 787
INFO 2026-02-24 06:09:05,893 log 33539 6157348864 "GET /o/.well-known/jwks.json HTTP/1.1" 200 474
INFO 2026-02-24 06:09:06,039 validators 33539 6157348864 Token issued for user 8 via local
INFO 2026-02-24 06:09:06,046 signals 33539 6157348864 Access token created for user 8 via client 5kWtcsPK1TeThWvN7gktrTfOsoiVdaY9OMqXEIV0
INFO 2026-02-24 06:09:06,090 log 33539 6157348864 "POST /o/token/ HTTP/1.1" 200 1531
INFO 2026-02-24 06:09:06,313 log 33539 6174175232 "POST /o/introspect/ HTTP/1.1" 200 179
INFO 2026-02-24 06:09:06,390 log 33539 6207827968 "POST /o/introspect/ HTTP/1.1" 200 179
INFO 2026-02-24 06:09:06,390 log 33539 6191001600 "POST /o/introspect/ HTTP/1.1" 200 179
INFO 2026-02-24 06:09:06,390 log 33539 6224654336 "POST /o/introspect/ HTTP/1.1" 200 179
INFO 2026-02-24 06:09:06,406 log 33539 6241480704 "GET /api/oidc/userinfo/ HTTP/1.1" 200 235
INFO 2026-02-24 06:09:06,424 log 33539 6275706880 "GET /api/oidc/userinfo/ HTTP/1.1" 200 235
INFO 2026-02-24 06:09:06,428 log 33539 6292533248 "GET /api/oidc/userinfo/ HTTP/1.1" 200 235
INFO 2026-02-24 06:09:06,429 log 33539 6258880512 "GET /api/oidc/userinfo/ HTTP/1.1" 200 235
INFO 2026-02-24 06:09:08,221 log 33539 6123696128 "POST /api/users/logout/ HTTP/1.1" 200 101
INFO 2026-02-24 06:09:11,426 log 33539 6123696128 "GET /o/authorize/?response_type=code&client_id=5kWtcsPK1TeThWvN7gktrTfOsoiVdaY9OMqXEIV0&state=NGcycXpwYXA4V0pOTjd5cUNRTXU4UFdyRzJQTEcyMVZ1R2hVcDduakFaYk5V&redirect_uri=http%3A%2F%2Flocalhost%3A4200&scope=openid%20profile%20email&code_challenge=XyS8mDX5p_LqCVaQ3fSpqjsvGv_lmSEbo55heynTTBI&code_challenge_method=S256&nonce=NGcycXpwYXA4V0pOTjd5cUNRTXU4UFdyRzJQTEcyMVZ1R2hVcDduakFaYk5V HTTP/1.1" 302 0
INFO 2026-02-24 06:09:11,462 log 33539 6123696128 "GET /accounts/login/?next=/o/authorize/%3Fresponse_type%3Dcode%26client_id%3D5kWtcsPK1TeThWvN7gktrTfOsoiVdaY9OMqXEIV0%26state%3DNGcycXpwYXA4V0pOTjd5cUNRTXU4UFdyRzJQTEcyMVZ1R2hVcDduakFaYk5V%26redirect_uri%3Dhttp%253A%252F%252Flocalhost%253A4200%26scope%3Dopenid%2520profile%2520email%26code_challenge%3DXyS8mDX5p_LqCVaQ3fSpqjsvGv_lmSEbo55heynTTBI%26code_challenge_method%3DS256%26nonce%3DNGcycXpwYXA4V0pOTjd5cUNRTXU4UFdyRzJQTEcyMVZ1R2hVcDduakFaYk5V HTTP/1.1" 200 8717
INFO 2026-02-24 06:10:39,881 log 33539 6123696128 "POST /accounts/login/?next=/o/authorize/%3Fresponse_type%3Dcode%26client_id%3D5kWtcsPK1TeThWvN7gktrTfOsoiVdaY9OMqXEIV0%26state%3DNGcycXpwYXA4V0pOTjd5cUNRTXU4UFdyRzJQTEcyMVZ1R2hVcDduakFaYk5V%26redirect_uri%3Dhttp%253A%252F%252Flocalhost%253A4200%26scope%3Dopenid%2520profile%2520email%26code_challenge%3DXyS8mDX5p_LqCVaQ3fSpqjsvGv_lmSEbo55heynTTBI%26code_challenge_method%3DS256%26nonce%3DNGcycXpwYXA4V0pOTjd5cUNRTXU4UFdyRzJQTEcyMVZ1R2hVcDduakFaYk5V HTTP/1.1" 302 0
INFO 2026-02-24 06:10:39,947 log 33539 6123696128 "GET /o/authorize/?response_type=code&client_id=5kWtcsPK1TeThWvN7gktrTfOsoiVdaY9OMqXEIV0&state=NGcycXpwYXA4V0pOTjd5cUNRTXU4UFdyRzJQTEcyMVZ1R2hVcDduakFaYk5V&redirect_uri=http%3A%2F%2Flocalhost%3A4200&scope=openid%20profile%20email&code_challenge=XyS8mDX5p_LqCVaQ3fSpqjsvGv_lmSEbo55heynTTBI&code_challenge_method=S256&nonce=NGcycXpwYXA4V0pOTjd5cUNRTXU4UFdyRzJQTEcyMVZ1R2hVcDduakFaYk5V HTTP/1.1" 302 0
INFO 2026-02-24 06:10:40,116 log 33539 6157348864 "GET /o/.well-known/openid-configuration HTTP/1.1" 200 787
INFO 2026-02-24 06:10:40,189 validators 33539 6157348864 Token issued for user 1 via local
INFO 2026-02-24 06:10:40,203 signals 33539 6157348864 Access token created for user 1 via client 5kWtcsPK1TeThWvN7gktrTfOsoiVdaY9OMqXEIV0
INFO 2026-02-24 06:10:40,260 log 33539 6157348864 "POST /o/token/ HTTP/1.1" 200 1475
INFO 2026-02-24 06:10:40,451 log 33539 6140522496 "POST /o/introspect/ HTTP/1.1" 200 195
INFO 2026-02-24 06:10:40,463 log 33539 6191001600 "POST /o/introspect/ HTTP/1.1" 200 195
INFO 2026-02-24 06:10:40,463 log 33539 6207827968 "POST /o/introspect/ HTTP/1.1" 200 195
INFO 2026-02-24 06:10:40,469 log 33539 6224654336 "POST /o/introspect/ HTTP/1.1" 200 195
INFO 2026-02-24 06:10:40,499 log 33539 6292533248 "GET /api/oidc/userinfo/ HTTP/1.1" 200 178
INFO 2026-02-24 06:10:40,500 log 33539 6241480704 "GET /api/oidc/userinfo/ HTTP/1.1" 200 178
INFO 2026-02-24 06:10:40,502 log 33539 6258880512 "GET /api/oidc/userinfo/ HTTP/1.1" 200 178
INFO 2026-02-24 06:10:40,503 log 33539 6275706880 "GET /api/oidc/userinfo/ HTTP/1.1" 200 178
INFO 2026-02-24 06:11:30,341 log 33539 6123696128 "POST /api/users/logout/ HTTP/1.1" 200 101
INFO 2026-02-24 06:11:37,879 log 33539 6123696128 "GET /o/authorize/?response_type=code&client_id=5kWtcsPK1TeThWvN7gktrTfOsoiVdaY9OMqXEIV0&state=SUFWclplcUJEZ1pfUU0xV1ZoLmh5Y0Z2WVZDNFdmZ1gtOVJSVDIxZGRpT3Vx&redirect_uri=http%3A%2F%2Flocalhost%3A4200&scope=openid%20profile%20email&code_challenge=HiA4jxFcZfGkCKyeA7stxqAis5lgMOGQrEjHwye1ykQ&code_challenge_method=S256&nonce=SUFWclplcUJEZ1pfUU0xV1ZoLmh5Y0Z2WVZDNFdmZ1gtOVJSVDIxZGRpT3Vx HTTP/1.1" 302 0
INFO 2026-02-24 06:11:37,920 log 33539 6123696128 "GET /accounts/login/?next=/o/authorize/%3Fresponse_type%3Dcode%26client_id%3D5kWtcsPK1TeThWvN7gktrTfOsoiVdaY9OMqXEIV0%26state%3DSUFWclplcUJEZ1pfUU0xV1ZoLmh5Y0Z2WVZDNFdmZ1gtOVJSVDIxZGRpT3Vx%26redirect_uri%3Dhttp%253A%252F%252Flocalhost%253A4200%26scope%3Dopenid%2520profile%2520email%26code_challenge%3DHiA4jxFcZfGkCKyeA7stxqAis5lgMOGQrEjHwye1ykQ%26code_challenge_method%3DS256%26nonce%3DSUFWclplcUJEZ1pfUU0xV1ZoLmh5Y0Z2WVZDNFdmZ1gtOVJSVDIxZGRpT3Vx HTTP/1.1" 200 8717
WARNING 2026-02-24 06:11:38,028 log 33539 6123696128 Not Found: /.well-known/appspecific/com.chrome.devtools.json
WARNING 2026-02-24 06:11:38,028 log 33539 6123696128 "GET /.well-known/appspecific/com.chrome.devtools.json HTTP/1.1" 404 4842
INFO 2026-02-24 06:37:26,857 log 33539 6123122688 "GET /o/.well-known/openid-configuration HTTP/1.1" 200 787
INFO 2026-02-24 06:37:54,679 log 33539 6139949056 "GET /o/authorize/?response_type=code&client_id=5kWtcsPK1TeThWvN7gktrTfOsoiVdaY9OMqXEIV0&state=REhROXdhRmtUaDA5VWtTeVVzeWUucFB3MURlVnlVbFp0NVVMMjNpLnNTNWds&redirect_uri=http%3A%2F%2Flocalhost%3A4200&scope=openid%20profile%20email&code_challenge=87ttch-DdSB6K6PZVhJJv3LmUTJ_qab8j2R7I3FN4CM&code_challenge_method=S256&nonce=REhROXdhRmtUaDA5VWtTeVVzeWUucFB3MURlVnlVbFp0NVVMMjNpLnNTNWds HTTP/1.1" 302 0
INFO 2026-02-24 06:37:54,706 log 33539 6139949056 "GET /accounts/login/?next=/o/authorize/%3Fresponse_type%3Dcode%26client_id%3D5kWtcsPK1TeThWvN7gktrTfOsoiVdaY9OMqXEIV0%26state%3DREhROXdhRmtUaDA5VWtTeVVzeWUucFB3MURlVnlVbFp0NVVMMjNpLnNTNWds%26redirect_uri%3Dhttp%253A%252F%252Flocalhost%253A4200%26scope%3Dopenid%2520profile%2520email%26code_challenge%3D87ttch-DdSB6K6PZVhJJv3LmUTJ_qab8j2R7I3FN4CM%26code_challenge_method%3DS256%26nonce%3DREhROXdhRmtUaDA5VWtTeVVzeWUucFB3MURlVnlVbFp0NVVMMjNpLnNTNWds HTTP/1.1" 200 8717
ERROR 2026-02-25 05:37:20,402 apps 37576 140704523291136 Failed to register custom backends: argument of type 'module' is not iterable
INFO 2026-02-25 05:37:20,403 apps 37576 140704523291136 Enabled providers: Google, Facebook
INFO 2026-02-25 05:37:20,403 apps 37576 140704523291136 ✅ Social authentication app initialized successfully
ERROR 2026-02-25 05:37:21,317 apps 37589 140704523291136 Failed to register custom backends: argument of type 'module' is not iterable
INFO 2026-02-25 05:37:21,318 apps 37589 140704523291136 Enabled providers: Google, Facebook
INFO 2026-02-25 05:37:21,318 apps 37589 140704523291136 ✅ Social authentication app initialized successfully
INFO 2026-02-25 05:37:21,330 autoreload 37589 140704523291136 Watching for file changes with StatReloader
WARNING 2026-02-25 05:42:30,348 log 37589 123145456812032 Not Found: /admin
WARNING 2026-02-25 05:42:30,349 log 37589 123145456812032 "GET /admin HTTP/1.1" 404 4669
WARNING 2026-02-25 05:42:30,674 log 37589 123145456812032 Not Found: /favicon.ico
WARNING 2026-02-25 05:42:30,675 log 37589 123145456812032 "GET /favicon.ico HTTP/1.1" 404 4693
INFO 2026-02-25 05:42:40,696 log 37589 123145456812032 "GET /admin/ HTTP/1.1" 302 0
INFO 2026-02-25 05:42:40,897 log 37589 123145456812032 "GET /admin/login/?next=/admin/ HTTP/1.1" 200 4080
INFO 2026-02-25 05:42:41,003 log 37589 123145490391040 "GET /static/admin/css/nav_sidebar.css HTTP/1.1" 200 2810
INFO 2026-02-25 05:42:41,007 log 37589 123145507180544 "GET /static/admin/css/login.css HTTP/1.1" 200 951
INFO 2026-02-25 05:42:41,014 log 37589 123145473601536 "GET /static/admin/css/dark_mode.css HTTP/1.1" 200 3538
INFO 2026-02-25 05:42:41,021 log 37589 123145523970048 "GET /static/admin/css/responsive.css HTTP/1.1" 200 16273
INFO 2026-02-25 05:42:41,023 log 37589 123145540759552 "GET /static/admin/js/theme.js HTTP/1.1" 200 1653
INFO 2026-02-25 05:42:41,039 log 37589 123145540759552 "GET /static/admin/js/nav_sidebar.js HTTP/1.1" 200 3063
INFO 2026-02-25 05:42:41,044 log 37589 123145456812032 "GET /static/admin/css/base.css HTTP/1.1" 200 23100
INFO 2026-02-25 05:42:50,610 log 37589 123145456812032 "POST /admin/login/?next=/admin/ HTTP/1.1" 302 0
INFO 2026-02-25 05:42:50,952 log 37589 123145456812032 "GET /admin/ HTTP/1.1" 200 13389
INFO 2026-02-25 05:42:51,050 log 37589 123145540759552 "GET /static/admin/img/icon-addlink.svg HTTP/1.1" 200 593
INFO 2026-02-25 05:42:51,051 log 37589 123145523970048 "GET /static/admin/img/icon-changelink.svg HTTP/1.1" 200 978
INFO 2026-02-25 05:42:51,052 log 37589 123145456812032 "GET /static/admin/css/dashboard.css HTTP/1.1" 200 441
INFO 2026-02-25 05:42:53,548 log 37589 123145456812032 "GET /admin/oauth2_provider/application/add/ HTTP/1.1" 200 24672
INFO 2026-02-25 05:42:53,616 log 37589 123145456812032 "GET /static/admin/css/forms.css HTTP/1.1" 200 8817
INFO 2026-02-25 05:42:53,643 log 37589 123145473601536 "GET /static/admin/js/core.js HTTP/1.1" 200 6208
INFO 2026-02-25 05:42:53,647 log 37589 123145507180544 "GET /static/admin/js/jquery.init.js HTTP/1.1" 200 347
INFO 2026-02-25 05:42:53,661 log 37589 123145490391040 "GET /static/admin/js/admin/RelatedObjectLookups.js HTTP/1.1" 200 9777
INFO 2026-02-25 05:42:53,670 log 37589 123145456812032 "GET /static/admin/js/actions.js HTTP/1.1" 200 8076
INFO 2026-02-25 05:42:53,681 log 37589 123145507180544 "GET /static/admin/js/urlify.js HTTP/1.1" 200 7887
INFO 2026-02-25 05:42:53,685 log 37589 123145473601536 "GET /static/admin/css/widgets.css HTTP/1.1" 200 11811
INFO 2026-02-25 05:42:53,687 log 37589 123145490391040 "GET /static/admin/js/prepopulate.js HTTP/1.1" 200 1531
INFO 2026-02-25 05:42:53,692 log 37589 123145507180544 "GET /static/admin/js/prepopulate_init.js HTTP/1.1" 200 586
INFO 2026-02-25 05:42:53,878 log 37589 123145456812032 "GET /static/admin/js/vendor/xregexp/xregexp.js HTTP/1.1" 200 325171
INFO 2026-02-25 05:42:53,920 log 37589 123145540759552 "GET /static/admin/js/vendor/jquery/jquery.js HTTP/1.1" 200 285314
INFO 2026-02-25 05:42:53,929 log 37589 123145540759552 "GET /static/admin/js/change_form.js HTTP/1.1" 200 606
INFO 2026-02-25 05:42:53,997 log 37589 123145523970048 "GET /admin/jsi18n/ HTTP/1.1" 200 3342
INFO 2026-02-25 05:42:54,041 log 37589 123145523970048 "GET /static/admin/img/search.svg HTTP/1.1" 200 607
INFO 2026-02-25 05:44:42,054 log 37589 123145523970048 "POST /admin/oauth2_provider/application/add/ HTTP/1.1" 200 25158
INFO 2026-02-25 05:44:42,427 log 37589 123145523970048 "GET /admin/jsi18n/ HTTP/1.1" 200 3342
INFO 2026-02-25 05:45:30,657 log 37589 123145523970048 "POST /admin/oauth2_provider/application/add/ HTTP/1.1" 200 25061
INFO 2026-02-25 05:45:30,755 log 37589 123145540759552 "GET /static/admin/css/dark_mode.css HTTP/1.1" 304 0
INFO 2026-02-25 05:45:30,764 log 37589 123145456812032 "GET /static/admin/css/nav_sidebar.css HTTP/1.1" 304 0
INFO 2026-02-25 05:45:30,767 log 37589 123145540759552 "GET /static/admin/css/forms.css HTTP/1.1" 304 0
INFO 2026-02-25 05:45:30,783 log 37589 123145490391040 "GET /static/admin/js/jquery.init.js HTTP/1.1" 304 0
INFO 2026-02-25 05:45:30,795 log 37589 123145490391040 "GET /static/admin/js/vendor/jquery/jquery.js HTTP/1.1" 304 0
INFO 2026-02-25 05:45:30,791 log 37589 123145540759552 "GET /static/admin/css/base.css HTTP/1.1" 304 0
INFO 2026-02-25 05:45:30,800 log 37589 123145490391040 "GET /static/admin/js/urlify.js HTTP/1.1" 304 0
INFO 2026-02-25 05:45:30,802 log 37589 123145473601536 "GET /static/admin/js/core.js HTTP/1.1" 304 0
INFO 2026-02-25 05:45:30,802 log 37589 123145456812032 "GET /static/admin/js/theme.js HTTP/1.1" 304 0
INFO 2026-02-25 05:45:30,812 log 37589 123145540759552 "GET /static/admin/js/admin/RelatedObjectLookups.js HTTP/1.1" 304 0
INFO 2026-02-25 05:45:30,791 log 37589 123145507180544 "GET /static/admin/css/responsive.css HTTP/1.1" 304 0
INFO 2026-02-25 05:45:30,817 log 37589 123145490391040 "GET /static/admin/js/prepopulate.js HTTP/1.1" 304 0
INFO 2026-02-25 05:45:30,820 log 37589 123145473601536 "GET /static/admin/js/vendor/xregexp/xregexp.js HTTP/1.1" 304 0
INFO 2026-02-25 05:45:30,821 log 37589 123145456812032 "GET /static/admin/js/prepopulate_init.js HTTP/1.1" 304 0
INFO 2026-02-25 05:45:30,830 log 37589 123145507180544 "GET /static/admin/js/actions.js HTTP/1.1" 304 0
INFO 2026-02-25 05:45:30,840 log 37589 123145540759552 "GET /static/admin/css/widgets.css HTTP/1.1" 304 0
INFO 2026-02-25 05:45:30,848 log 37589 123145540759552 "GET /static/admin/js/nav_sidebar.js HTTP/1.1" 304 0
INFO 2026-02-25 05:45:30,856 log 37589 123145540759552 "GET /static/admin/js/change_form.js HTTP/1.1" 304 0
INFO 2026-02-25 05:45:30,964 log 37589 123145523970048 "GET /admin/jsi18n/ HTTP/1.1" 200 3342
INFO 2026-02-25 05:45:30,997 log 37589 123145540759552 "GET /static/admin/img/search.svg HTTP/1.1" 304 0
INFO 2026-02-25 05:45:30,997 log 37589 123145523970048 "GET /static/admin/img/icon-addlink.svg HTTP/1.1" 304 0
INFO 2026-02-25 05:46:19,398 log 37589 123145540759552 "POST /admin/oauth2_provider/application/add/ HTTP/1.1" 302 0
INFO 2026-02-25 05:46:19,726 log 37589 123145540759552 "GET /admin/oauth2_provider/application/ HTTP/1.1" 200 17964
INFO 2026-02-25 05:46:19,806 log 37589 123145540759552 "GET /static/admin/css/changelists.css HTTP/1.1" 200 7498
INFO 2026-02-25 05:46:19,820 log 37589 123145540759552 "GET /static/admin/js/filters.js HTTP/1.1" 200 978
INFO 2026-02-25 05:46:20,023 log 37589 123145523970048 "GET /admin/jsi18n/ HTTP/1.1" 200 3342
INFO 2026-02-25 05:46:20,060 log 37589 123145540759552 "GET /static/admin/img/tooltag-add.svg HTTP/1.1" 200 593
INFO 2026-02-25 05:46:20,060 log 37589 123145523970048 "GET /static/admin/img/icon-yes.svg HTTP/1.1" 200 558
INFO 2026-02-25 05:46:20,061 log 37589 123145507180544 "GET /static/admin/img/icon-viewlink.svg HTTP/1.1" 200 928
INFO 2026-02-25 05:46:59,343 log 37589 123145540759552 "GET /admin/oauth2_provider/application/1/change/ HTTP/1.1" 200 25112
INFO 2026-02-25 05:46:59,612 log 37589 123145540759552 "GET /admin/jsi18n/ HTTP/1.1" 200 3342
INFO 2026-02-25 05:46:59,682 log 37589 123145540759552 "GET /static/admin/img/tooltag-arrowright.svg HTTP/1.1" 200 569
INFO 2026-02-25 05:48:24,686 log 37589 123145540759552 "GET /admin/oauth2_provider/application/add/ HTTP/1.1" 200 24672
INFO 2026-02-25 05:48:24,746 log 37589 123145456812032 "GET /static/admin/css/nav_sidebar.css HTTP/1.1" 304 0
INFO 2026-02-25 05:48:24,757 log 37589 123145473601536 "GET /static/admin/css/forms.css HTTP/1.1" 304 0
INFO 2026-02-25 05:48:24,764 log 37589 123145507180544 "GET /static/admin/css/dark_mode.css HTTP/1.1" 304 0
INFO 2026-02-25 05:48:24,765 log 37589 123145490391040 "GET /static/admin/css/responsive.css HTTP/1.1" 304 0
INFO 2026-02-25 05:48:24,766 log 37589 123145523970048 "GET /static/admin/css/base.css HTTP/1.1" 304 0
INFO 2026-02-25 05:48:24,769 log 37589 123145456812032 "GET /static/admin/js/theme.js HTTP/1.1" 304 0
INFO 2026-02-25 05:48:24,773 log 37589 123145473601536 "GET /static/admin/js/vendor/jquery/jquery.js HTTP/1.1" 304 0
INFO 2026-02-25 05:48:24,775 log 37589 123145507180544 "GET /static/admin/js/jquery.init.js HTTP/1.1" 304 0
INFO 2026-02-25 05:48:24,777 log 37589 123145490391040 "GET /static/admin/js/core.js HTTP/1.1" 304 0
INFO 2026-02-25 05:48:24,778 log 37589 123145456812032 "GET /static/admin/js/actions.js HTTP/1.1" 304 0
INFO 2026-02-25 05:48:24,781 log 37589 123145523970048 "GET /static/admin/js/admin/RelatedObjectLookups.js HTTP/1.1" 304 0
INFO 2026-02-25 05:48:24,786 log 37589 123145507180544 "GET /static/admin/js/prepopulate.js HTTP/1.1" 304 0
INFO 2026-02-25 05:48:24,786 log 37589 123145473601536 "GET /static/admin/js/urlify.js HTTP/1.1" 304 0
INFO 2026-02-25 05:48:24,788 log 37589 123145456812032 "GET /static/admin/js/vendor/xregexp/xregexp.js HTTP/1.1" 304 0
INFO 2026-02-25 05:48:24,790 log 37589 123145490391040 "GET /static/admin/js/prepopulate_init.js HTTP/1.1" 304 0
INFO 2026-02-25 05:48:24,870 log 37589 123145490391040 "GET /static/admin/css/widgets.css HTTP/1.1" 304 0
INFO 2026-02-25 05:48:24,875 log 37589 123145490391040 "GET /static/admin/js/nav_sidebar.js HTTP/1.1" 304 0
INFO 2026-02-25 05:48:24,881 log 37589 123145490391040 "GET /static/admin/js/change_form.js HTTP/1.1" 304 0
INFO 2026-02-25 05:48:25,108 log 37589 123145540759552 "GET /admin/jsi18n/ HTTP/1.1" 200 3342
INFO 2026-02-25 05:48:25,149 log 37589 123145490391040 "GET /static/admin/img/icon-addlink.svg HTTP/1.1" 304 0
INFO 2026-02-25 05:48:25,152 log 37589 123145540759552 "GET /static/admin/img/search.svg HTTP/1.1" 304 0
INFO 2026-02-25 05:50:41,210 log 37589 123145540759552 "POST /admin/oauth2_provider/application/add/ HTTP/1.1" 302 0
INFO 2026-02-25 05:50:41,337 log 37589 123145540759552 "GET /admin/oauth2_provider/application/ HTTP/1.1" 200 18452
INFO 2026-02-25 05:50:41,452 log 37589 123145490391040 "GET /static/admin/css/changelists.css HTTP/1.1" 304 0
INFO 2026-02-25 05:50:41,478 log 37589 123145490391040 "GET /static/admin/js/filters.js HTTP/1.1" 304 0
INFO 2026-02-25 05:50:41,788 log 37589 123145540759552 "GET /admin/jsi18n/ HTTP/1.1" 200 3342
INFO 2026-02-25 05:50:41,831 log 37589 123145540759552 "GET /static/admin/img/icon-yes.svg HTTP/1.1" 304 0
INFO 2026-02-25 05:50:41,839 log 37589 123145456812032 "GET /static/admin/img/icon-viewlink.svg HTTP/1.1" 304 0
INFO 2026-02-25 05:50:41,840 log 37589 123145490391040 "GET /static/admin/img/tooltag-add.svg HTTP/1.1" 304 0
INFO 2026-02-25 05:50:59,963 log 37589 123145557549056 "GET /o/.well-known/openid-configuration HTTP/1.1" 200 787
INFO 2026-02-25 05:51:00,161 log 37589 123145557549056 "GET /o/.well-known/jwks.json HTTP/1.1" 200 474
INFO 2026-02-25 05:51:04,136 log 37589 123145490391040 "GET /o/authorize/?response_type=code&client_id=ASKBWu3mpjrkJUIcul1nflFNcLniOPM6rImpJK7F&state=aWdJUXNFdi1sQm5UfnlKVHVqLkRWX0JpekJwTVpSUzBHWUthc0RkYktrUENw&redirect_uri=http%3A%2F%2Flocalhost%3A4200&scope=openid%20profile%20email&code_challenge=hN-SNUuVEYwhquGPBuPgsfAF4nenDGerr3i_11sj9bc&code_challenge_method=S256&nonce=aWdJUXNFdi1sQm5UfnlKVHVqLkRWX0JpekJwTVpSUzBHWUthc0RkYktrUENw HTTP/1.1" 302 0
INFO 2026-02-25 05:51:04,503 log 37589 123145557549056 "GET /o/.well-known/openid-configuration HTTP/1.1" 200 787
INFO 2026-02-25 05:51:04,754 validators 37589 123145557549056 Token issued for user 1 via local
INFO 2026-02-25 05:51:04,843 signals 37589 123145557549056 Access token created for user 1 via client ASKBWu3mpjrkJUIcul1nflFNcLniOPM6rImpJK7F
INFO 2026-02-25 05:51:04,936 log 37589 123145557549056 "POST /o/token/ HTTP/1.1" 200 1455
INFO 2026-02-25 05:51:10,838 log 37589 123145557549056 "OPTIONS /api/users/logout/ HTTP/1.1" 200 0
ERROR 2026-02-25 05:51:11,043 signals 37589 123145490391040 Failed to handle login alert: argument of type 'NoneType' is not iterable
INFO 2026-02-25 05:51:11,112 log 37589 123145490391040 "POST /api/users/logout/ HTTP/1.1" 200 101
INFO 2026-02-25 05:51:47,056 log 37589 123145490391040 "GET /o/authorize/?response_type=code&client_id=ASKBWu3mpjrkJUIcul1nflFNcLniOPM6rImpJK7F&state=Lm8xWk5PcWN5S1RVcE1LdkVnWWpfNFgzMDBjNFhVc21HaG1pcmN5MFFjVHdy&redirect_uri=http%3A%2F%2Flocalhost%3A4200&scope=openid%20profile%20email&code_challenge=oUwoLbz45COlsITkUQa7qflJMWMSh8F-5j3mXlaTvik&code_challenge_method=S256&nonce=Lm8xWk5PcWN5S1RVcE1LdkVnWWpfNFgzMDBjNFhVc21HaG1pcmN5MFFjVHdy HTTP/1.1" 302 0
INFO 2026-02-25 05:51:47,258 log 37589 123145490391040 "GET /accounts/login/?next=/o/authorize/%3Fresponse_type%3Dcode%26client_id%3DASKBWu3mpjrkJUIcul1nflFNcLniOPM6rImpJK7F%26state%3DLm8xWk5PcWN5S1RVcE1LdkVnWWpfNFgzMDBjNFhVc21HaG1pcmN5MFFjVHdy%26redirect_uri%3Dhttp%253A%252F%252Flocalhost%253A4200%26scope%3Dopenid%2520profile%2520email%26code_challenge%3DoUwoLbz45COlsITkUQa7qflJMWMSh8F-5j3mXlaTvik%26code_challenge_method%3DS256%26nonce%3DLm8xWk5PcWN5S1RVcE1LdkVnWWpfNFgzMDBjNFhVc21HaG1pcmN5MFFjVHdy HTTP/1.1" 200 8717
WARNING 2026-02-25 05:51:47,890 log 37589 123145490391040 Not Found: /.well-known/appspecific/com.chrome.devtools.json
WARNING 2026-02-25 05:51:47,891 log 37589 123145490391040 "GET /.well-known/appspecific/com.chrome.devtools.json HTTP/1.1" 404 4841
INFO 2026-02-25 05:52:06,786 log 37589 123145490391040 "POST /accounts/login/?next=/o/authorize/%3Fresponse_type%3Dcode%26client_id%3DASKBWu3mpjrkJUIcul1nflFNcLniOPM6rImpJK7F%26state%3DLm8xWk5PcWN5S1RVcE1LdkVnWWpfNFgzMDBjNFhVc21HaG1pcmN5MFFjVHdy%26redirect_uri%3Dhttp%253A%252F%252Flocalhost%253A4200%26scope%3Dopenid%2520profile%2520email%26code_challenge%3DoUwoLbz45COlsITkUQa7qflJMWMSh8F-5j3mXlaTvik%26code_challenge_method%3DS256%26nonce%3DLm8xWk5PcWN5S1RVcE1LdkVnWWpfNFgzMDBjNFhVc21HaG1pcmN5MFFjVHdy HTTP/1.1" 302 0
INFO 2026-02-25 05:52:06,887 log 37589 123145490391040 "GET /o/authorize/?response_type=code&client_id=ASKBWu3mpjrkJUIcul1nflFNcLniOPM6rImpJK7F&state=Lm8xWk5PcWN5S1RVcE1LdkVnWWpfNFgzMDBjNFhVc21HaG1pcmN5MFFjVHdy&redirect_uri=http%3A%2F%2Flocalhost%3A4200&scope=openid%20profile%20email&code_challenge=oUwoLbz45COlsITkUQa7qflJMWMSh8F-5j3mXlaTvik&code_challenge_method=S256&nonce=Lm8xWk5PcWN5S1RVcE1LdkVnWWpfNFgzMDBjNFhVc21HaG1pcmN5MFFjVHdy HTTP/1.1" 302 0
INFO 2026-02-25 05:52:08,310 log 37589 123145557549056 "GET /o/.well-known/openid-configuration HTTP/1.1" 200 787
INFO 2026-02-25 05:52:08,641 validators 37589 123145557549056 Token issued for user 1 via local
INFO 2026-02-25 05:52:08,682 signals 37589 123145557549056 Access token created for user 1 via client ASKBWu3mpjrkJUIcul1nflFNcLniOPM6rImpJK7F
INFO 2026-02-25 05:52:08,995 log 37589 123145557549056 "POST /o/token/ HTTP/1.1" 200 1455
INFO 2026-02-25 05:56:42,187 log 37589 123145557549056 "OPTIONS /o/.well-known/openid-configuration HTTP/1.1" 200 0
INFO 2026-02-25 05:56:43,607 log 37589 123145557549056 "GET /o/.well-known/openid-configuration HTTP/1.1" 200 787
INFO 2026-02-25 05:56:43,685 log 37589 123145557549056 "OPTIONS /o/.well-known/jwks.json HTTP/1.1" 200 0
INFO 2026-02-25 05:56:43,893 log 37589 123145557549056 "GET /o/.well-known/jwks.json HTTP/1.1" 200 474
INFO 2026-02-25 05:56:44,240 log 37589 123145557549056 "OPTIONS /api/cms/notifications/?page=1&search_text= HTTP/1.1" 200 0
INFO 2026-02-25 05:56:44,258 log 37589 123145456812032 "OPTIONS /api/cms/events HTTP/1.1" 200 0
INFO 2026-02-25 05:56:44,379 log 37589 123145473601536 "OPTIONS /api/cms/important-links HTTP/1.1" 200 0
INFO 2026-02-25 05:56:44,467 log 37589 123145507180544 "OPTIONS /api/cms/holiday-lists?page=&year=2026 HTTP/1.1" 200 0
WARNING 2026-02-25 05:56:44,952 log 37589 123145557549056 Not Found: /api/cms/notifications/
WARNING 2026-02-25 05:56:44,953 log 37589 123145456812032 Not Found: /api/cms/events
WARNING 2026-02-25 05:56:44,954 log 37589 123145456812032 "GET /api/cms/events HTTP/1.1" 404 6987
WARNING 2026-02-25 05:56:44,957 log 37589 123145557549056 "GET /api/cms/notifications/?page=1&search_text= HTTP/1.1" 404 7042
WARNING 2026-02-25 05:56:45,198 log 37589 123145507180544 Not Found: /api/cms/holiday-lists
WARNING 2026-02-25 05:56:45,198 log 37589 123145507180544 "GET /api/cms/holiday-lists?page=&year=2026 HTTP/1.1" 404 7035
WARNING 2026-02-25 05:56:45,210 log 37589 123145473601536 Not Found: /api/cms/important-links
WARNING 2026-02-25 05:56:45,211 log 37589 123145473601536 "GET /api/cms/important-links HTTP/1.1" 404 7023
INFO 2026-02-25 05:56:52,831 log 37589 123145507180544 "OPTIONS /api/cms/notifications-category HTTP/1.1" 200 0
WARNING 2026-02-25 05:56:53,041 log 37589 123145507180544 Not Found: /api/cms/notifications-category
WARNING 2026-02-25 05:56:53,041 log 37589 123145507180544 "GET /api/cms/notifications-category HTTP/1.1" 404 7051
WARNING 2026-02-25 05:56:53,055 log 37589 123145473601536 Not Found: /api/cms/notifications/
WARNING 2026-02-25 05:56:53,058 log 37589 123145473601536 "GET /api/cms/notifications/?page=1&search_text= HTTP/1.1" 404 7042
WARNING 2026-02-25 05:57:31,668 log 37589 123145490391040 Not Found: /api/cms/notifications/
WARNING 2026-02-25 05:57:31,669 log 37589 123145490391040 "GET /api/cms/notifications/?page=1&search_tex HTTP/1.1" 404 7040
INFO 2026-02-25 05:58:14,223 log 37589 123145473601536 "GET /o/.well-known/openid-configuration HTTP/1.1" 200 787
WARNING 2026-02-25 05:58:14,992 log 37589 123145574338560 Forbidden: /o/introspect/
WARNING 2026-02-25 05:58:14,993 log 37589 123145574338560 "POST /o/introspect/ HTTP/1.1" 403 0
WARNING 2026-02-25 05:58:15,398 log 37589 123145591128064 Forbidden: /o/introspect/
WARNING 2026-02-25 05:58:15,399 log 37589 123145591128064 "POST /o/introspect/ HTTP/1.1" 403 0
INFO 2026-02-25 05:58:21,721 log 37589 123145473601536 "GET /o/.well-known/openid-configuration HTTP/1.1" 200 787
WARNING 2026-02-25 05:58:22,255 log 37589 123145574338560 Forbidden: /o/introspect/
WARNING 2026-02-25 05:58:22,255 log 37589 123145574338560 "POST /o/introspect/ HTTP/1.1" 403 0
WARNING 2026-02-25 05:58:22,813 log 37589 123145574338560 Forbidden: /o/introspect/
WARNING 2026-02-25 05:58:22,814 log 37589 123145574338560 "POST /o/introspect/ HTTP/1.1" 403 0
WARNING 2026-02-25 05:58:30,342 log 37589 123145574338560 Forbidden: /o/introspect/
WARNING 2026-02-25 05:58:30,346 log 37589 123145574338560 "POST /o/introspect/ HTTP/1.1" 403 0
WARNING 2026-02-25 05:58:30,526 log 37589 123145607917568 Forbidden: /o/introspect/
WARNING 2026-02-25 05:58:30,527 log 37589 123145607917568 "POST /o/introspect/ HTTP/1.1" 403 0
WARNING 2026-02-25 05:58:30,640 log 37589 123145624707072 Forbidden: /o/introspect/
WARNING 2026-02-25 05:58:30,641 log 37589 123145624707072 "POST /o/introspect/ HTTP/1.1" 403 0
WARNING 2026-02-25 05:58:30,720 log 37589 123145591128064 Forbidden: /o/introspect/
WARNING 2026-02-25 05:58:30,721 log 37589 123145591128064 "POST /o/introspect/ HTTP/1.1" 403 0
WARNING 2026-02-25 05:58:34,452 log 37589 123145574338560 Forbidden: /o/introspect/
WARNING 2026-02-25 05:58:34,453 log 37589 123145574338560 "POST /o/introspect/ HTTP/1.1" 403 0
WARNING 2026-02-25 05:58:34,455 log 37589 123145524506624 Forbidden: /o/introspect/
WARNING 2026-02-25 05:58:34,456 log 37589 123145524506624 "POST /o/introspect/ HTTP/1.1" 403 0
INFO 2026-02-25 05:58:49,822 log 37589 123145490391040 "POST /api/users/logout/ HTTP/1.1" 200 101
INFO 2026-02-25 05:58:51,457 log 37589 123145490391040 "GET /o/authorize/?response_type=code&client_id=ASKBWu3mpjrkJUIcul1nflFNcLniOPM6rImpJK7F&state=RVRkenl0WElUcFBVVHNIVmZfTzFKRjRfcDRxbkQuQ0xNeFhGRzBCeHREUXZi&redirect_uri=http%3A%2F%2Flocalhost%3A4200&scope=openid%20profile%20email&code_challenge=qONI0saBHtBacc_3-Fau7mWM81htIn9qIptHgj3Iyz8&code_challenge_method=S256&nonce=RVRkenl0WElUcFBVVHNIVmZfTzFKRjRfcDRxbkQuQ0xNeFhGRzBCeHREUXZi HTTP/1.1" 302 0
INFO 2026-02-25 05:58:51,583 log 37589 123145490391040 "GET /accounts/login/?next=/o/authorize/%3Fresponse_type%3Dcode%26client_id%3DASKBWu3mpjrkJUIcul1nflFNcLniOPM6rImpJK7F%26state%3DRVRkenl0WElUcFBVVHNIVmZfTzFKRjRfcDRxbkQuQ0xNeFhGRzBCeHREUXZi%26redirect_uri%3Dhttp%253A%252F%252Flocalhost%253A4200%26scope%3Dopenid%2520profile%2520email%26code_challenge%3DqONI0saBHtBacc_3-Fau7mWM81htIn9qIptHgj3Iyz8%26code_challenge_method%3DS256%26nonce%3DRVRkenl0WElUcFBVVHNIVmZfTzFKRjRfcDRxbkQuQ0xNeFhGRzBCeHREUXZi HTTP/1.1" 200 8717
WARNING 2026-02-25 05:58:52,268 log 37589 123145490391040 Not Found: /.well-known/appspecific/com.chrome.devtools.json
WARNING 2026-02-25 05:58:52,269 log 37589 123145490391040 "GET /.well-known/appspecific/com.chrome.devtools.json HTTP/1.1" 404 4841
INFO 2026-02-25 05:59:10,126 log 37589 123145490391040 "POST /accounts/login/?next=/o/authorize/%3Fresponse_type%3Dcode%26client_id%3DASKBWu3mpjrkJUIcul1nflFNcLniOPM6rImpJK7F%26state%3DRVRkenl0WElUcFBVVHNIVmZfTzFKRjRfcDRxbkQuQ0xNeFhGRzBCeHREUXZi%26redirect_uri%3Dhttp%253A%252F%252Flocalhost%253A4200%26scope%3Dopenid%2520profile%2520email%26code_challenge%3DqONI0saBHtBacc_3-Fau7mWM81htIn9qIptHgj3Iyz8%26code_challenge_method%3DS256%26nonce%3DRVRkenl0WElUcFBVVHNIVmZfTzFKRjRfcDRxbkQuQ0xNeFhGRzBCeHREUXZi HTTP/1.1" 302 0
INFO 2026-02-25 05:59:10,264 log 37589 123145490391040 "GET /o/authorize/?response_type=code&client_id=ASKBWu3mpjrkJUIcul1nflFNcLniOPM6rImpJK7F&state=RVRkenl0WElUcFBVVHNIVmZfTzFKRjRfcDRxbkQuQ0xNeFhGRzBCeHREUXZi&redirect_uri=http%3A%2F%2Flocalhost%3A4200&scope=openid%20profile%20email&code_challenge=qONI0saBHtBacc_3-Fau7mWM81htIn9qIptHgj3Iyz8&code_challenge_method=S256&nonce=RVRkenl0WElUcFBVVHNIVmZfTzFKRjRfcDRxbkQuQ0xNeFhGRzBCeHREUXZi HTTP/1.1" 302 0
INFO 2026-02-25 05:59:11,844 log 37589 123145473601536 "GET /o/.well-known/openid-configuration HTTP/1.1" 200 787
INFO 2026-02-25 05:59:12,066 log 37589 123145473601536 "GET /o/.well-known/jwks.json HTTP/1.1" 200 474
INFO 2026-02-25 05:59:12,498 validators 37589 123145473601536 Token issued for user 1 via local
INFO 2026-02-25 05:59:12,548 signals 37589 123145473601536 Access token created for user 1 via client ASKBWu3mpjrkJUIcul1nflFNcLniOPM6rImpJK7F
INFO 2026-02-25 05:59:12,685 log 37589 123145473601536 "POST /o/token/ HTTP/1.1" 200 1455
WARNING 2026-02-25 05:59:13,704 log 37589 123145574338560 Forbidden: /o/introspect/
WARNING 2026-02-25 05:59:13,706 log 37589 123145574338560 "POST /o/introspect/ HTTP/1.1" 403 0
WARNING 2026-02-25 05:59:14,706 log 37589 123145591128064 Forbidden: /o/introspect/
WARNING 2026-02-25 05:59:14,707 log 37589 123145591128064 "POST /o/introspect/ HTTP/1.1" 403 0
WARNING 2026-02-25 05:59:14,710 log 37589 123145574338560 Forbidden: /o/introspect/
WARNING 2026-02-25 05:59:14,711 log 37589 123145574338560 "POST /o/introspect/ HTTP/1.1" 403 0
WARNING 2026-02-25 05:59:14,829 log 37589 123145607917568 Forbidden: /o/introspect/
WARNING 2026-02-25 05:59:14,830 log 37589 123145607917568 "POST /o/introspect/ HTTP/1.1" 403 0
WARNING 2026-02-25 05:59:27,061 log 37589 123145591128064 Forbidden: /o/introspect/
WARNING 2026-02-25 05:59:27,062 log 37589 123145591128064 "POST /o/introspect/ HTTP/1.1" 403 0
WARNING 2026-02-25 05:59:27,073 log 37589 123145574338560 Forbidden: /o/introspect/
WARNING 2026-02-25 05:59:27,076 log 37589 123145574338560 "POST /o/introspect/ HTTP/1.1" 403 0
INFO 2026-02-25 06:04:06,480 log 37589 123145490391040 "GET /admin/oauth2_provider/application/ HTTP/1.1" 200 18217
INFO 2026-02-25 06:04:06,549 log 37589 123145456275456 "GET /static/admin/css/base.css HTTP/1.1" 304 0
INFO 2026-02-25 06:04:06,552 log 37589 123145456275456 "GET /static/admin/css/nav_sidebar.css HTTP/1.1" 304 0
INFO 2026-02-25 06:04:06,564 log 37589 123145456275456 "GET /static/admin/css/changelists.css HTTP/1.1" 304 0
INFO 2026-02-25 06:04:06,568 log 37589 123145507180544 "GET /static/admin/css/dark_mode.css HTTP/1.1" 304 0
INFO 2026-02-25 06:04:06,582 log 37589 123145524506624 "GET /static/admin/css/responsive.css HTTP/1.1" 304 0
INFO 2026-02-25 06:04:06,585 log 37589 123145456275456 "GET /static/admin/js/jquery.init.js HTTP/1.1" 304 0
INFO 2026-02-25 06:04:06,587 log 37589 123145541296128 "GET /static/admin/js/theme.js HTTP/1.1" 304 0
INFO 2026-02-25 06:04:06,600 log 37589 123145558085632 "GET /static/admin/js/vendor/jquery/jquery.js HTTP/1.1" 304 0
INFO 2026-02-25 06:04:06,601 log 37589 123145524506624 "GET /static/admin/js/admin/RelatedObjectLookups.js HTTP/1.1" 304 0
INFO 2026-02-25 06:04:06,609 log 37589 123145507180544 "GET /static/admin/js/core.js HTTP/1.1" 304 0
INFO 2026-02-25 06:04:06,613 log 37589 123145541296128 "GET /static/admin/js/urlify.js HTTP/1.1" 304 0
INFO 2026-02-25 06:04:06,613 log 37589 123145456275456 "GET /static/admin/js/actions.js HTTP/1.1" 304 0
INFO 2026-02-25 06:04:06,616 log 37589 123145558085632 "GET /static/admin/js/vendor/xregexp/xregexp.js HTTP/1.1" 304 0
INFO 2026-02-25 06:04:06,619 log 37589 123145524506624 "GET /static/admin/js/prepopulate.js HTTP/1.1" 304 0
INFO 2026-02-25 06:04:06,700 log 37589 123145524506624 "GET /static/admin/img/search.svg HTTP/1.1" 304 0
INFO 2026-02-25 06:04:06,708 log 37589 123145524506624 "GET /static/admin/js/nav_sidebar.js HTTP/1.1" 304 0
INFO 2026-02-25 06:04:06,714 log 37589 123145524506624 "GET /static/admin/js/filters.js HTTP/1.1" 304 0
INFO 2026-02-25 06:04:06,986 log 37589 123145490391040 "GET /admin/jsi18n/ HTTP/1.1" 200 3342
INFO 2026-02-25 06:04:07,028 log 37589 123145490391040 "GET /static/admin/img/tooltag-add.svg HTTP/1.1" 304 0
INFO 2026-02-25 06:04:07,043 log 37589 123145558085632 "GET /static/admin/img/icon-viewlink.svg HTTP/1.1" 304 0
INFO 2026-02-25 06:04:07,043 log 37589 123145524506624 "GET /static/admin/img/icon-addlink.svg HTTP/1.1" 304 0
INFO 2026-02-25 06:04:09,321 log 37589 123145558085632 "GET /admin/oauth2_provider/application/2/change/ HTTP/1.1" 200 25103
INFO 2026-02-25 06:04:09,472 log 37589 123145524506624 "GET /static/admin/css/forms.css HTTP/1.1" 304 0
INFO 2026-02-25 06:04:09,477 log 37589 123145490391040 "GET /static/admin/js/prepopulate_init.js HTTP/1.1" 304 0
INFO 2026-02-25 06:04:09,480 log 37589 123145524506624 "GET /static/admin/css/widgets.css HTTP/1.1" 304 0
INFO 2026-02-25 06:04:09,493 log 37589 123145524506624 "GET /static/admin/js/change_form.js HTTP/1.1" 304 0
INFO 2026-02-25 06:04:09,573 log 37589 123145558085632 "GET /admin/jsi18n/ HTTP/1.1" 200 3342
INFO 2026-02-25 06:04:09,631 log 37589 123145558085632 "GET /static/admin/img/tooltag-arrowright.svg HTTP/1.1" 304 0
INFO 2026-02-25 06:04:54,566 log 37589 123145558085632 "POST /admin/oauth2_provider/application/2/change/ HTTP/1.1" 302 0
INFO 2026-02-25 06:04:54,701 log 37589 123145558085632 "GET /admin/oauth2_provider/application/ HTTP/1.1" 200 18454
INFO 2026-02-25 06:04:55,034 log 37589 123145558085632 "GET /admin/jsi18n/ HTTP/1.1" 200 3342
INFO 2026-02-25 06:04:55,148 log 37589 123145558085632 "GET /static/admin/img/icon-yes.svg HTTP/1.1" 304 0
INFO 2026-02-25 06:04:58,805 log 37589 123145558085632 "GET /admin/oauth2_provider/application/1/change/ HTTP/1.1" 200 25112
INFO 2026-02-25 06:04:59,075 log 37589 123145558085632 "GET /admin/jsi18n/ HTTP/1.1" 200 3342
INFO 2026-02-25 06:05:51,945 log 37589 123145558085632 "POST /api/users/logout/ HTTP/1.1" 200 101
INFO 2026-02-25 06:06:07,130 log 37589 123145558085632 "GET /o/authorize/?response_type=code&client_id=ASKBWu3mpjrkJUIcul1nflFNcLniOPM6rImpJK7F&state=UHNzejRMODVBbjVqSnRzR1ZrSWtRdElNMGVCRTB-d0ZUcU1uNFBKTDh2WDVB&redirect_uri=http%3A%2F%2Flocalhost%3A4200&scope=openid%20profile%20email&code_challenge=8jQYhAFRl-qHDf1K2Du10-OO-TgN2b43ij4Iy-aBEqo&code_challenge_method=S256&nonce=UHNzejRMODVBbjVqSnRzR1ZrSWtRdElNMGVCRTB-d0ZUcU1uNFBKTDh2WDVB HTTP/1.1" 302 0
INFO 2026-02-25 06:06:07,325 log 37589 123145558085632 "GET /accounts/login/?next=/o/authorize/%3Fresponse_type%3Dcode%26client_id%3DASKBWu3mpjrkJUIcul1nflFNcLniOPM6rImpJK7F%26state%3DUHNzejRMODVBbjVqSnRzR1ZrSWtRdElNMGVCRTB-d0ZUcU1uNFBKTDh2WDVB%26redirect_uri%3Dhttp%253A%252F%252Flocalhost%253A4200%26scope%3Dopenid%2520profile%2520email%26code_challenge%3D8jQYhAFRl-qHDf1K2Du10-OO-TgN2b43ij4Iy-aBEqo%26code_challenge_method%3DS256%26nonce%3DUHNzejRMODVBbjVqSnRzR1ZrSWtRdElNMGVCRTB-d0ZUcU1uNFBKTDh2WDVB HTTP/1.1" 200 8717
WARNING 2026-02-25 06:06:08,168 log 37589 123145558085632 Not Found: /.well-known/appspecific/com.chrome.devtools.json
WARNING 2026-02-25 06:06:08,169 log 37589 123145558085632 "GET /.well-known/appspecific/com.chrome.devtools.json HTTP/1.1" 404 4841
INFO 2026-02-25 06:06:26,663 log 37589 123145558085632 "POST /accounts/login/?next=/o/authorize/%3Fresponse_type%3Dcode%26client_id%3DASKBWu3mpjrkJUIcul1nflFNcLniOPM6rImpJK7F%26state%3DUHNzejRMODVBbjVqSnRzR1ZrSWtRdElNMGVCRTB-d0ZUcU1uNFBKTDh2WDVB%26redirect_uri%3Dhttp%253A%252F%252Flocalhost%253A4200%26scope%3Dopenid%2520profile%2520email%26code_challenge%3D8jQYhAFRl-qHDf1K2Du10-OO-TgN2b43ij4Iy-aBEqo%26code_challenge_method%3DS256%26nonce%3DUHNzejRMODVBbjVqSnRzR1ZrSWtRdElNMGVCRTB-d0ZUcU1uNFBKTDh2WDVB HTTP/1.1" 302 0
INFO 2026-02-25 06:06:26,848 log 37589 123145558085632 "GET /o/authorize/?response_type=code&client_id=ASKBWu3mpjrkJUIcul1nflFNcLniOPM6rImpJK7F&state=UHNzejRMODVBbjVqSnRzR1ZrSWtRdElNMGVCRTB-d0ZUcU1uNFBKTDh2WDVB&redirect_uri=http%3A%2F%2Flocalhost%3A4200&scope=openid%20profile%20email&code_challenge=8jQYhAFRl-qHDf1K2Du10-OO-TgN2b43ij4Iy-aBEqo&code_challenge_method=S256&nonce=UHNzejRMODVBbjVqSnRzR1ZrSWtRdElNMGVCRTB-d0ZUcU1uNFBKTDh2WDVB HTTP/1.1" 302 0
INFO 2026-02-25 06:06:28,879 log 37589 123145473064960 "GET /o/.well-known/openid-configuration HTTP/1.1" 200 787
INFO 2026-02-25 06:06:29,337 validators 37589 123145473064960 Token issued for user 1 via local
INFO 2026-02-25 06:06:29,391 signals 37589 123145473064960 Access token created for user 1 via client ASKBWu3mpjrkJUIcul1nflFNcLniOPM6rImpJK7F
INFO 2026-02-25 06:06:29,692 log 37589 123145473064960 "POST /o/token/ HTTP/1.1" 200 1455
WARNING 2026-02-25 06:06:30,564 log 37589 123145574875136 Forbidden: /o/introspect/
WARNING 2026-02-25 06:06:30,565 log 37589 123145574875136 "POST /o/introspect/ HTTP/1.1" 403 0
WARNING 2026-02-25 06:06:30,916 log 37589 123145574875136 Forbidden: /o/introspect/
WARNING 2026-02-25 06:06:30,917 log 37589 123145574875136 "POST /o/introspect/ HTTP/1.1" 403 0
WARNING 2026-02-25 06:06:32,322 log 37589 123145591664640 Forbidden: /o/introspect/
WARNING 2026-02-25 06:06:32,324 log 37589 123145591664640 "POST /o/introspect/ HTTP/1.1" 403 0
WARNING 2026-02-25 06:06:32,370 log 37589 123145608454144 Forbidden: /o/introspect/
WARNING 2026-02-25 06:06:32,372 log 37589 123145608454144 "POST /o/introspect/ HTTP/1.1" 403 0
INFO 2026-02-25 06:10:58,989 log 37589 123145456275456 "GET /admin/oauth2_provider/application/ HTTP/1.1" 200 18217
INFO 2026-02-25 06:10:59,148 log 37589 123145489854464 "GET /static/admin/css/dark_mode.css HTTP/1.1" 304 0
INFO 2026-02-25 06:10:59,153 log 37589 123145489854464 "GET /static/admin/js/theme.js HTTP/1.1" 304 0
INFO 2026-02-25 06:10:59,156 log 37589 123145489854464 "GET /static/admin/js/vendor/jquery/jquery.js HTTP/1.1" 304 0
INFO 2026-02-25 06:10:59,178 log 37589 123145489854464 "GET /static/admin/js/jquery.init.js HTTP/1.1" 304 0
INFO 2026-02-25 06:10:59,182 log 37589 123145473064960 "GET /static/admin/css/base.css HTTP/1.1" 304 0
INFO 2026-02-25 06:10:59,188 log 37589 123145506643968 "GET /static/admin/css/nav_sidebar.css HTTP/1.1" 304 0
INFO 2026-02-25 06:10:59,206 log 37589 123145524506624 "GET /static/admin/css/changelists.css HTTP/1.1" 304 0
INFO 2026-02-25 06:10:59,212 log 37589 123145541296128 "GET /static/admin/css/responsive.css HTTP/1.1" 304 0
INFO 2026-02-25 06:10:59,246 log 37589 123145506643968 "GET /static/admin/js/urlify.js HTTP/1.1" 304 0
INFO 2026-02-25 06:10:59,253 log 37589 123145506643968 "GET /static/admin/js/prepopulate.js HTTP/1.1" 304 0
INFO 2026-02-25 06:10:59,262 log 37589 123145473064960 "GET /static/admin/js/admin/RelatedObjectLookups.js HTTP/1.1" 304 0
INFO 2026-02-25 06:10:59,270 log 37589 123145541296128 "GET /static/admin/js/vendor/xregexp/xregexp.js HTTP/1.1" 304 0
INFO 2026-02-25 06:10:59,291 log 37589 123145524506624 "GET /static/admin/js/actions.js HTTP/1.1" 304 0
INFO 2026-02-25 06:10:59,292 log 37589 123145473064960 "GET /static/admin/img/search.svg HTTP/1.1" 304 0
INFO 2026-02-25 06:10:59,310 log 37589 123145489854464 "GET /static/admin/js/core.js HTTP/1.1" 304 0
INFO 2026-02-25 06:10:59,322 log 37589 123145489854464 "GET /static/admin/js/nav_sidebar.js HTTP/1.1" 304 0
INFO 2026-02-25 06:10:59,331 log 37589 123145489854464 "GET /static/admin/js/filters.js HTTP/1.1" 304 0
INFO 2026-02-25 06:10:59,576 log 37589 123145456275456 "GET /admin/jsi18n/ HTTP/1.1" 200 3342
INFO 2026-02-25 06:10:59,648 log 37589 123145473064960 "GET /static/admin/img/icon-addlink.svg HTTP/1.1" 304 0
INFO 2026-02-25 06:10:59,652 log 37589 123145489854464 "GET /static/admin/img/icon-viewlink.svg HTTP/1.1" 304 0
INFO 2026-02-25 06:10:59,655 log 37589 123145456275456 "GET /static/admin/img/tooltag-add.svg HTTP/1.1" 304 0
INFO 2026-02-25 06:11:07,691 log 37589 123145456275456 "GET /admin/oauth2_provider/application/2/change/ HTTP/1.1" 200 25126
INFO 2026-02-25 06:11:07,798 log 37589 123145473064960 "GET /static/admin/css/forms.css HTTP/1.1" 304 0
INFO 2026-02-25 06:11:07,815 log 37589 123145473064960 "GET /static/admin/js/prepopulate_init.js HTTP/1.1" 304 0
INFO 2026-02-25 06:11:07,821 log 37589 123145489854464 "GET /static/admin/css/widgets.css HTTP/1.1" 304 0
INFO 2026-02-25 06:11:07,838 log 37589 123145489854464 "GET /static/admin/js/change_form.js HTTP/1.1" 304 0
INFO 2026-02-25 06:11:07,944 log 37589 123145456275456 "GET /admin/jsi18n/ HTTP/1.1" 200 3342
INFO 2026-02-25 06:11:07,988 log 37589 123145456275456 "GET /static/admin/img/tooltag-arrowright.svg HTTP/1.1" 304 0
WARNING 2026-02-25 06:12:56,519 log 37589 123145574875136 Forbidden: /o/introspect/
WARNING 2026-02-25 06:12:56,520 log 37589 123145574875136 "POST /o/introspect/ HTTP/1.1" 403 0
WARNING 2026-02-25 06:12:56,561 log 37589 123145558085632 Forbidden: /o/introspect/
WARNING 2026-02-25 06:12:56,562 log 37589 123145558085632 "POST /o/introspect/ HTTP/1.1" 403 0
INFO 2026-02-25 06:15:08,224 autoreload 37589 140704523291136 /Users/sagarsigdel/Desktop/Sagar Projects/hcs_sso_with_oidc/sso/settings.py changed, reloading.
ERROR 2026-02-25 06:15:10,587 apps 50974 140704523291136 Failed to register custom backends: argument of type 'module' is not iterable
INFO 2026-02-25 06:15:10,588 apps 50974 140704523291136 Enabled providers: Google, Facebook
INFO 2026-02-25 06:15:10,588 apps 50974 140704523291136 ✅ Social authentication app initialized successfully
INFO 2026-02-25 06:15:10,612 autoreload 50974 140704523291136 Watching for file changes with StatReloader
INFO 2026-02-25 06:18:32,374 autoreload 50974 140704523291136 /Users/sagarsigdel/Desktop/Sagar Projects/hcs_sso_with_oidc/sso/settings.py changed, reloading.
ERROR 2026-02-25 06:18:34,652 apps 52143 140704523291136 Failed to register custom backends: argument of type 'module' is not iterable
INFO 2026-02-25 06:18:34,652 apps 52143 140704523291136 Enabled providers: Google, Facebook
INFO 2026-02-25 06:18:34,652 apps 52143 140704523291136 ✅ Social authentication app initialized successfully
INFO 2026-02-25 06:18:34,678 autoreload 52143 140704523291136 Watching for file changes with StatReloader
INFO 2026-02-25 06:20:13,536 signals 53094 140704523291136 Access token created for user 1 via client test_client_id
INFO 2026-02-25 06:20:13,584 permissions_refactored 53094 140704523291136 Client test_client_id authenticated from 127.0.0.1
INFO 2026-02-25 06:20:14,855 signals 53094 140704523291136 Access token created for user 2 via client test_client_id
INFO 2026-02-25 06:20:14,862 permissions_refactored 53094 140704523291136 Client test_client_id authenticated from 127.0.0.1
WARNING 2026-02-25 06:20:14,874 log 53094 140704523291136 Bad Request: /api/oidc/introspect/
INFO 2026-02-25 06:20:16,114 signals 53094 140704523291136 Access token created for user 3 via client test_client_id
WARNING 2026-02-25 06:20:16,119 permissions_refactored 53094 140704523291136 Unknown client_id bad from 127.0.0.1
WARNING 2026-02-25 06:20:16,126 log 53094 140704523291136 Unauthorized: /api/oidc/introspect/
INFO 2026-02-25 06:23:53,039 signals 54957 140704523291136 Access token created for user 1 via client test_client_id
INFO 2026-02-25 06:23:53,079 permissions_refactored 54957 140704523291136 Client test_client_id authenticated from 127.0.0.1
INFO 2026-02-25 06:23:54,600 signals 54957 140704523291136 Access token created for user 2 via client test_client_id
INFO 2026-02-25 06:23:54,605 permissions_refactored 54957 140704523291136 Client test_client_id authenticated from 127.0.0.1
WARNING 2026-02-25 06:23:54,620 log 54957 140704523291136 Bad Request: /api/oidc/introspect/
INFO 2026-02-25 06:23:55,894 signals 54957 140704523291136 Access token created for user 3 via client test_client_id
WARNING 2026-02-25 06:23:55,899 permissions_refactored 54957 140704523291136 Unknown client_id bad from 127.0.0.1
WARNING 2026-02-25 06:23:55,916 log 54957 140704523291136 Unauthorized: /api/oidc/introspect/
INFO 2026-02-25 06:24:48,179 autoreload 52143 140704523291136 /Users/sagarsigdel/Desktop/Sagar Projects/hcs_sso_with_oidc/apps/oidc/views/token.py changed, reloading.
ERROR 2026-02-25 06:24:50,930 apps 55356 140704523291136 Failed to register custom backends: argument of type 'module' is not iterable
INFO 2026-02-25 06:24:50,931 apps 55356 140704523291136 Enabled providers: Google, Facebook
INFO 2026-02-25 06:24:50,931 apps 55356 140704523291136 ✅ Social authentication app initialized successfully
INFO 2026-02-25 06:24:50,956 autoreload 55356 140704523291136 Watching for file changes with StatReloader
INFO 2026-02-25 06:26:19,935 autoreload 55356 140704523291136 /Users/sagarsigdel/Desktop/Sagar Projects/hcs_sso_with_oidc/apps/oidc/views/token.py changed, reloading.
ERROR 2026-02-25 06:26:22,347 apps 55848 140704523291136 Failed to register custom backends: argument of type 'module' is not iterable
INFO 2026-02-25 06:26:22,347 apps 55848 140704523291136 Enabled providers: Google, Facebook
INFO 2026-02-25 06:26:22,347 apps 55848 140704523291136 ✅ Social authentication app initialized successfully
INFO 2026-02-25 06:26:22,384 autoreload 55848 140704523291136 Watching for file changes with StatReloader
INFO 2026-02-25 06:26:29,280 signals 56004 140704523291136 Access token created for user 1 via client test_client_id
INFO 2026-02-25 06:26:29,368 permissions_refactored 56004 140704523291136 Client test_client_id authenticated from 127.0.0.1
INFO 2026-02-25 06:26:30,752 signals 56004 140704523291136 Access token created for user 2 via client test_client_id
INFO 2026-02-25 06:26:30,757 permissions_refactored 56004 140704523291136 Client test_client_id authenticated from 127.0.0.1
INFO 2026-02-25 06:26:32,153 signals 56004 140704523291136 Access token created for user 3 via client test_client_id
WARNING 2026-02-25 06:26:32,161 permissions_refactored 56004 140704523291136 Unknown client_id bad from 127.0.0.1
WARNING 2026-02-25 06:26:32,178 log 56004 140704523291136 Unauthorized: /api/oidc/introspect/
INFO 2026-02-25 06:28:11,348 signals 56746 140704523291136 Access token created for user 1 via client test_client_id
INFO 2026-02-25 06:28:11,383 permissions_refactored 56746 140704523291136 Client test_client_id authenticated from 127.0.0.1
INFO 2026-02-25 06:28:12,967 signals 56746 140704523291136 Access token created for user 2 via client test_client_id
INFO 2026-02-25 06:28:12,972 permissions_refactored 56746 140704523291136 Client test_client_id authenticated from 127.0.0.1
INFO 2026-02-25 06:28:14,306 signals 56746 140704523291136 Access token created for user 3 via client test_client_id
WARNING 2026-02-25 06:28:14,310 permissions_refactored 56746 140704523291136 Unknown client_id bad from 127.0.0.1
WARNING 2026-02-25 06:28:14,343 log 56746 140704523291136 Unauthorized: /api/oidc/introspect/
INFO 2026-02-25 06:29:18,523 log 55848 123145536315392 "POST /api/users/logout/ HTTP/1.1" 200 101
INFO 2026-02-25 06:29:20,575 log 55848 123145536315392 "GET /o/authorize/?response_type=code&client_id=ASKBWu3mpjrkJUIcul1nflFNcLniOPM6rImpJK7F&state=emNGbFpOX2sweFB5d055fmVsZU40ZnZsU1plcnFzZGU1Z3RZTVprQmFPdkRB&redirect_uri=http%3A%2F%2Flocalhost%3A4200&scope=openid%20profile%20email&code_challenge=GujVYWgZMfnv3DXwl4dnQMFxHELRyPQxLtoha0CU5gc&code_challenge_method=S256&nonce=emNGbFpOX2sweFB5d055fmVsZU40ZnZsU1plcnFzZGU1Z3RZTVprQmFPdkRB HTTP/1.1" 302 0
INFO 2026-02-25 06:29:20,786 log 55848 123145536315392 "GET /accounts/login/?next=/o/authorize/%3Fresponse_type%3Dcode%26client_id%3DASKBWu3mpjrkJUIcul1nflFNcLniOPM6rImpJK7F%26state%3DemNGbFpOX2sweFB5d055fmVsZU40ZnZsU1plcnFzZGU1Z3RZTVprQmFPdkRB%26redirect_uri%3Dhttp%253A%252F%252Flocalhost%253A4200%26scope%3Dopenid%2520profile%2520email%26code_challenge%3DGujVYWgZMfnv3DXwl4dnQMFxHELRyPQxLtoha0CU5gc%26code_challenge_method%3DS256%26nonce%3DemNGbFpOX2sweFB5d055fmVsZU40ZnZsU1plcnFzZGU1Z3RZTVprQmFPdkRB HTTP/1.1" 200 8717
WARNING 2026-02-25 06:29:22,070 log 55848 123145536315392 Not Found: /.well-known/appspecific/com.chrome.devtools.json
WARNING 2026-02-25 06:29:22,099 log 55848 123145536315392 "GET /.well-known/appspecific/com.chrome.devtools.json HTTP/1.1" 404 4841
INFO 2026-02-25 06:29:22,100 basehttp 55848 123145536315392 - Broken pipe from ('127.0.0.1', 52270)
INFO 2026-02-25 06:29:38,880 log 55848 123145553104896 "POST /accounts/login/?next=/o/authorize/%3Fresponse_type%3Dcode%26client_id%3DASKBWu3mpjrkJUIcul1nflFNcLniOPM6rImpJK7F%26state%3DemNGbFpOX2sweFB5d055fmVsZU40ZnZsU1plcnFzZGU1Z3RZTVprQmFPdkRB%26redirect_uri%3Dhttp%253A%252F%252Flocalhost%253A4200%26scope%3Dopenid%2520profile%2520email%26code_challenge%3DGujVYWgZMfnv3DXwl4dnQMFxHELRyPQxLtoha0CU5gc%26code_challenge_method%3DS256%26nonce%3DemNGbFpOX2sweFB5d055fmVsZU40ZnZsU1plcnFzZGU1Z3RZTVprQmFPdkRB HTTP/1.1" 302 0
INFO 2026-02-25 06:29:39,134 log 55848 123145553104896 "GET /o/authorize/?response_type=code&client_id=ASKBWu3mpjrkJUIcul1nflFNcLniOPM6rImpJK7F&state=emNGbFpOX2sweFB5d055fmVsZU40ZnZsU1plcnFzZGU1Z3RZTVprQmFPdkRB&redirect_uri=http%3A%2F%2Flocalhost%3A4200&scope=openid%20profile%20email&code_challenge=GujVYWgZMfnv3DXwl4dnQMFxHELRyPQxLtoha0CU5gc&code_challenge_method=S256&nonce=emNGbFpOX2sweFB5d055fmVsZU40ZnZsU1plcnFzZGU1Z3RZTVprQmFPdkRB HTTP/1.1" 302 0
INFO 2026-02-25 06:29:40,975 log 55848 123145569894400 "GET /o/.well-known/openid-configuration HTTP/1.1" 200 787
INFO 2026-02-25 06:29:41,866 validators 55848 123145569894400 Token issued for user 1 via local
INFO 2026-02-25 06:29:41,938 signals 55848 123145569894400 Access token created for user 1 via client ASKBWu3mpjrkJUIcul1nflFNcLniOPM6rImpJK7F
INFO 2026-02-25 06:29:42,269 log 55848 123145569894400 "POST /o/token/ HTTP/1.1" 200 1455
INFO 2026-02-25 06:29:42,961 log 55848 123145586683904 "POST /o/introspect/ HTTP/1.1" 200 174
INFO 2026-02-25 06:29:44,788 log 55848 123145603473408 "GET /api/oidc/userinfo/ HTTP/1.1" 200 179
INFO 2026-02-25 06:29:44,929 log 55848 123145620262912 "POST /o/introspect/ HTTP/1.1" 200 174
INFO 2026-02-25 06:29:45,105 log 55848 123145637052416 "POST /o/introspect/ HTTP/1.1" 200 174
INFO 2026-02-25 06:29:45,114 log 55848 123145653841920 "POST /o/introspect/ HTTP/1.1" 200 174
INFO 2026-02-25 06:29:45,417 log 55848 123145670631424 "GET /api/oidc/userinfo/ HTTP/1.1" 200 179
INFO 2026-02-25 06:29:45,506 log 55848 123145687420928 "GET /api/oidc/userinfo/ HTTP/1.1" 200 179
INFO 2026-02-25 06:29:45,512 log 55848 123145704210432 "GET /api/oidc/userinfo/ HTTP/1.1" 200 179
INFO 2026-02-25 06:29:53,308 log 55848 123145620262912 "POST /o/introspect/ HTTP/1.1" 200 174
INFO 2026-02-25 06:29:53,355 log 55848 123145653841920 "POST /o/introspect/ HTTP/1.1" 200 174
INFO 2026-02-25 06:29:53,395 log 55848 123145670631424 "GET /api/oidc/userinfo/ HTTP/1.1" 200 179
INFO 2026-02-25 06:29:53,429 log 55848 123145704210432 "GET /api/oidc/userinfo/ HTTP/1.1" 200 179
INFO 2026-02-25 06:32:11,210 log 55848 123145553104896 "POST /api/users/logout/ HTTP/1.1" 200 101
INFO 2026-02-25 06:32:13,416 log 55848 123145553104896 "GET /o/authorize/?response_type=code&client_id=ASKBWu3mpjrkJUIcul1nflFNcLniOPM6rImpJK7F&state=Lm15QURWUXp5NGMtMW5HVzBvR0NDckVIeHY0V1NLSkd3R2R0a2s1NXVYUTFh&redirect_uri=http%3A%2F%2Flocalhost%3A4200&scope=openid%20profile%20email&code_challenge=phMnQv_mLFEarSr1yNEAlrVGTUium90SKdFgOrXxS9Q&code_challenge_method=S256&nonce=Lm15QURWUXp5NGMtMW5HVzBvR0NDckVIeHY0V1NLSkd3R2R0a2s1NXVYUTFh HTTP/1.1" 302 0
INFO 2026-02-25 06:32:13,540 log 55848 123145553104896 "GET /accounts/login/?next=/o/authorize/%3Fresponse_type%3Dcode%26client_id%3DASKBWu3mpjrkJUIcul1nflFNcLniOPM6rImpJK7F%26state%3DLm15QURWUXp5NGMtMW5HVzBvR0NDckVIeHY0V1NLSkd3R2R0a2s1NXVYUTFh%26redirect_uri%3Dhttp%253A%252F%252Flocalhost%253A4200%26scope%3Dopenid%2520profile%2520email%26code_challenge%3DphMnQv_mLFEarSr1yNEAlrVGTUium90SKdFgOrXxS9Q%26code_challenge_method%3DS256%26nonce%3DLm15QURWUXp5NGMtMW5HVzBvR0NDckVIeHY0V1NLSkd3R2R0a2s1NXVYUTFh HTTP/1.1" 200 8717
WARNING 2026-02-25 06:32:14,385 log 55848 123145553104896 Not Found: /.well-known/appspecific/com.chrome.devtools.json
WARNING 2026-02-25 06:32:14,385 log 55848 123145553104896 "GET /.well-known/appspecific/com.chrome.devtools.json HTTP/1.1" 404 4841
INFO 2026-02-25 06:32:26,758 log 55848 123145553104896 "POST /accounts/login/?next=/o/authorize/%3Fresponse_type%3Dcode%26client_id%3DASKBWu3mpjrkJUIcul1nflFNcLniOPM6rImpJK7F%26state%3DLm15QURWUXp5NGMtMW5HVzBvR0NDckVIeHY0V1NLSkd3R2R0a2s1NXVYUTFh%26redirect_uri%3Dhttp%253A%252F%252Flocalhost%253A4200%26scope%3Dopenid%2520profile%2520email%26code_challenge%3DphMnQv_mLFEarSr1yNEAlrVGTUium90SKdFgOrXxS9Q%26code_challenge_method%3DS256%26nonce%3DLm15QURWUXp5NGMtMW5HVzBvR0NDckVIeHY0V1NLSkd3R2R0a2s1NXVYUTFh HTTP/1.1" 302 0
INFO 2026-02-25 06:32:26,964 log 55848 123145553104896 "GET /o/authorize/?response_type=code&client_id=ASKBWu3mpjrkJUIcul1nflFNcLniOPM6rImpJK7F&state=Lm15QURWUXp5NGMtMW5HVzBvR0NDckVIeHY0V1NLSkd3R2R0a2s1NXVYUTFh&redirect_uri=http%3A%2F%2Flocalhost%3A4200&scope=openid%20profile%20email&code_challenge=phMnQv_mLFEarSr1yNEAlrVGTUium90SKdFgOrXxS9Q&code_challenge_method=S256&nonce=Lm15QURWUXp5NGMtMW5HVzBvR0NDckVIeHY0V1NLSkd3R2R0a2s1NXVYUTFh HTTP/1.1" 302 0
INFO 2026-02-25 06:32:28,249 log 55848 123145569894400 "GET /o/.well-known/openid-configuration HTTP/1.1" 200 787
INFO 2026-02-25 06:32:28,821 validators 55848 123145569894400 Token issued for user 1 via local
INFO 2026-02-25 06:32:28,834 signals 55848 123145569894400 Access token created for user 1 via client ASKBWu3mpjrkJUIcul1nflFNcLniOPM6rImpJK7F
INFO 2026-02-25 06:32:29,129 log 55848 123145569894400 "POST /o/token/ HTTP/1.1" 200 1495
INFO 2026-02-25 06:32:29,986 log 55848 123145620262912 "POST /o/introspect/ HTTP/1.1" 200 195
INFO 2026-02-25 06:32:30,609 log 55848 123145653841920 "GET /api/oidc/userinfo/ HTTP/1.1" 200 192
INFO 2026-02-25 06:32:31,510 log 55848 123145670631424 "POST /o/introspect/ HTTP/1.1" 200 195
INFO 2026-02-25 06:32:31,880 log 55848 123145720999936 "POST /o/introspect/ HTTP/1.1" 200 195
INFO 2026-02-25 06:32:32,213 log 55848 123145704210432 "POST /o/introspect/ HTTP/1.1" 200 195
INFO 2026-02-25 06:32:32,498 log 55848 123145620262912 "GET /api/oidc/userinfo/ HTTP/1.1" 200 192
INFO 2026-02-25 06:32:32,498 log 55848 123145653841920 "GET /api/oidc/userinfo/ HTTP/1.1" 200 192
INFO 2026-02-25 06:32:32,610 log 55848 123145737789440 "GET /api/oidc/userinfo/ HTTP/1.1" 200 192
INFO 2026-02-25 06:32:35,959 log 55848 123145653841920 "POST /o/introspect/ HTTP/1.1" 200 195
INFO 2026-02-25 06:32:36,002 log 55848 123145620262912 "POST /o/introspect/ HTTP/1.1" 200 195
INFO 2026-02-25 06:32:36,079 log 55848 123145704210432 "GET /api/oidc/userinfo/ HTTP/1.1" 200 192
INFO 2026-02-25 06:32:36,085 log 55848 123145670631424 "GET /api/oidc/userinfo/ HTTP/1.1" 200 192
INFO 2026-02-25 06:39:52,022 log 55848 123145536315392 "POST /o/introspect/ HTTP/1.1" 200 195
INFO 2026-02-25 06:39:52,176 log 55848 123145620262912 "POST /o/introspect/ HTTP/1.1" 200 195
INFO 2026-02-25 06:39:52,270 log 55848 123145569894400 "POST /o/introspect/ HTTP/1.1" 200 195
INFO 2026-02-25 06:39:52,270 log 55848 123145553104896 "POST /o/introspect/ HTTP/1.1" 200 195
INFO 2026-02-25 06:39:52,591 log 55848 123145704210432 "GET /api/oidc/userinfo/ HTTP/1.1" 200 192
INFO 2026-02-25 06:39:52,594 log 55848 123145653841920 "GET /api/oidc/userinfo/ HTTP/1.1" 200 192
INFO 2026-02-25 06:39:52,612 log 55848 123145670631424 "GET /api/oidc/userinfo/ HTTP/1.1" 200 192
INFO 2026-02-25 06:39:52,612 log 55848 123145720999936 "GET /api/oidc/userinfo/ HTTP/1.1" 200 192
INFO 2026-02-25 06:39:54,491 log 55848 123145536315392 "POST /o/introspect/ HTTP/1.1" 200 195
INFO 2026-02-25 06:39:54,569 log 55848 123145553104896 "GET /api/oidc/userinfo/ HTTP/1.1" 200 192
INFO 2026-02-25 06:40:10,747 log 55848 123145536315392 "POST /o/introspect/ HTTP/1.1" 200 195
INFO 2026-02-25 06:40:10,840 log 55848 123145553104896 "GET /api/oidc/userinfo/ HTTP/1.1" 200 192
INFO 2026-02-25 06:40:11,411 log 55848 123145536315392 "POST /o/introspect/ HTTP/1.1" 200 195
INFO 2026-02-25 06:40:11,485 log 55848 123145553104896 "GET /api/oidc/userinfo/ HTTP/1.1" 200 192
INFO 2026-02-25 06:40:23,511 log 55848 123145536315392 "GET /o/.well-known/openid-configuration HTTP/1.1" 200 787
INFO 2026-02-25 06:40:23,698 log 55848 123145536315392 "GET /o/.well-known/jwks.json HTTP/1.1" 200 474
INFO 2026-02-25 06:41:01,311 log 55848 123145536315392 "GET /o/.well-known/openid-configuration HTTP/1.1" 200 787
WARNING 2026-02-25 06:46:16,388 log 55848 123145536315392 Forbidden (CSRF token from POST incorrect.): /admin/logout/
WARNING 2026-02-25 06:46:16,445 log 55848 123145536315392 "POST /admin/logout/ HTTP/1.1" 403 2503
INFO 2026-02-25 06:46:28,042 log 55848 123145536315392 "GET / HTTP/1.1" 200 4427
INFO 2026-02-25 06:46:32,094 log 55848 123145536315392 "POST /accounts/logout/ HTTP/1.1" 302 0
INFO 2026-02-25 06:46:32,156 log 55848 123145536315392 "GET / HTTP/1.1" 200 3981
INFO 2026-02-25 06:46:34,643 log 55848 123145536315392 "GET /accounts/login/ HTTP/1.1" 200 8200
ERROR 2026-02-25 06:54:29,173 apps 59529 8562434240 Failed to register custom backends: argument of type 'module' is not iterable
INFO 2026-02-25 06:54:29,173 apps 59529 8562434240 Enabled providers: Google, Facebook
INFO 2026-02-25 06:54:29,173 apps 59529 8562434240 ✅ Social authentication app initialized successfully
INFO 2026-02-25 06:54:29,183 autoreload 59529 8562434240 Watching for file changes with StatReloader
ERROR 2026-02-25 07:06:20,289 token 65417 8562434240 UserInfo endpoint error: No access token found on request
ERROR 2026-02-25 07:06:20,313 log 65417 8562434240 Internal Server Error: /api/oidc/userinfo/
ERROR 2026-02-25 07:06:20,578 token 65417 8562434240 UserInfo endpoint error: No access token found on request
ERROR 2026-02-25 07:06:20,581 log 65417 8562434240 Internal Server Error: /api/oidc/userinfo/
ERROR 2026-02-25 07:06:45,087 token 65791 8562434240 UserInfo endpoint error: No access token found on request
ERROR 2026-02-25 07:06:45,108 log 65791 8562434240 Internal Server Error: /api/oidc/userinfo/
ERROR 2026-02-25 07:06:45,378 token 65791 8562434240 UserInfo endpoint error: No access token found on request
ERROR 2026-02-25 07:06:45,382 log 65791 8562434240 Internal Server Error: /api/oidc/userinfo/
INFO 2026-02-25 07:07:57,329 signals 66466 8562434240 Access token created for user 1 via client WVoNx6pQhyfD7fviEBsC1VCmhWPPjciB0KL2whi7
INFO 2026-02-25 07:07:57,885 signals 66466 8562434240 Access token created for user 2 via client 6fB6EwXvG0Xr2RRmYfdiY2fVQVqMB0pXwui11vtP
ERROR 2026-02-25 07:07:57,887 token 66466 8562434240 UserInfo endpoint error: No access token found on request
ERROR 2026-02-25 07:07:57,892 log 66466 8562434240 Internal Server Error: /api/oidc/userinfo/
INFO 2026-02-25 07:08:36,919 autoreload 59529 8562434240 /Users/dhrubajyotiborah/Documents/Projects/hcs_sso_with_oidc/apps/oidc/views/token.py changed, reloading.
ERROR 2026-02-25 07:08:37,671 apps 66845 8562434240 Failed to register custom backends: argument of type 'module' is not iterable
INFO 2026-02-25 07:08:37,671 apps 66845 8562434240 Enabled providers: Google, Facebook
INFO 2026-02-25 07:08:37,671 apps 66845 8562434240 ✅ Social authentication app initialized successfully
INFO 2026-02-25 07:08:37,679 autoreload 66845 8562434240 Watching for file changes with StatReloader
INFO 2026-02-25 07:08:53,788 signals 67069 8562434240 Access token created for user 1 via client NLMo68fKxbliqMAb3GFr9SeqM68M53w3gc9jNvBw
INFO 2026-02-25 07:08:54,343 signals 67069 8562434240 Access token created for user 2 via client PszDAloaHzmi5hnmHNOKQyZofLmRZDIILBvLRTIl
WARNING 2026-02-25 07:08:54,350 log 67069 8562434240 Unauthorized: /api/oidc/userinfo/
INFO 2026-02-25 07:13:56,655 signals 69510 8562434240 Access token created for user 1 via client TIdGDDQr4laxB1VdiuFtNTbUNnyFrdwrIdSw2O36
WARNING 2026-02-25 07:13:56,665 permissions_refactored 69510 8562434240 Missing client credentials from 127.0.0.1
WARNING 2026-02-25 07:13:56,684 log 69510 8562434240 Unauthorized: /api/oidc/revoke/
INFO 2026-02-25 07:13:57,180 signals 69510 8562434240 Access token created for user 2 via client ggP92mBAWBP39T6uHSCcDUhqaCeKbqHeBbDESFtm
WARNING 2026-02-25 07:13:57,182 permissions_refactored 69510 8562434240 Missing client credentials from 127.0.0.1
WARNING 2026-02-25 07:13:57,186 log 69510 8562434240 Unauthorized: /api/oidc/revoke/
INFO 2026-02-25 07:13:57,676 signals 69510 8562434240 Access token created for user 3 via client E6HlhHW4M0IdGcaOpwjMkzTgVELT2zGmzV3E9Kkp
WARNING 2026-02-25 07:13:57,678 permissions_refactored 69510 8562434240 Missing client credentials from 127.0.0.1
WARNING 2026-02-25 07:13:57,682 log 69510 8562434240 Unauthorized: /api/oidc/revoke/
INFO 2026-02-25 07:14:44,714 signals 70058 8562434240 Access token created for user 1 via client 1mrxahusk8qbJykGb8lrXiPLCzMwyb4MDcb9h1BZ
INFO 2026-02-25 07:14:44,740 permissions_refactored 70058 8562434240 Client 1mrxahusk8qbJykGb8lrXiPLCzMwyb4MDcb9h1BZ authenticated from 127.0.0.1
INFO 2026-02-25 07:14:44,749 token 70058 8562434240 Access token revoked: F9g29i1qYf...
INFO 2026-02-25 07:14:45,264 signals 70058 8562434240 Access token created for user 2 via client 5f5eVIJRSxDEXElb4ARdmm7BFENXmfpIeZey3hig
INFO 2026-02-25 07:14:45,268 permissions_refactored 70058 8562434240 Client 5f5eVIJRSxDEXElb4ARdmm7BFENXmfpIeZey3hig authenticated from 127.0.0.1
INFO 2026-02-25 07:14:45,762 signals 70058 8562434240 Access token created for user 3 via client AZjFKm8cVhayPpR2gz7ufSfp8rNSW1TAHaRZe5hQ
INFO 2026-02-25 07:14:45,767 permissions_refactored 70058 8562434240 Client AZjFKm8cVhayPpR2gz7ufSfp8rNSW1TAHaRZe5hQ authenticated from 127.0.0.1
INFO 2026-02-25 07:14:45,771 token 70058 8562434240 Refresh token revoked: ICafSlPCGJ...
INFO 2026-02-25 07:16:18,007 signals 70922 8562434240 Access token created for user 1 via client fE9k3HswEhWOLedqNwTmm4swfJ3ewmwT4flOT7Jx
INFO 2026-02-25 07:16:18,033 permissions_refactored 70922 8562434240 Client fE9k3HswEhWOLedqNwTmm4swfJ3ewmwT4flOT7Jx authenticated from 127.0.0.1
INFO 2026-02-25 07:16:18,042 token 70922 8562434240 Access token revoked: 1VR8NuFajK...
INFO 2026-02-25 07:16:18,565 signals 70922 8562434240 Access token created for user 2 via client nU5MvIHu4SJ9LToXJF1W5A1MjwgOPefCylbZ3vLx
INFO 2026-02-25 07:16:18,569 permissions_refactored 70922 8562434240 Client nU5MvIHu4SJ9LToXJF1W5A1MjwgOPefCylbZ3vLx authenticated from 127.0.0.1
INFO 2026-02-25 07:16:19,066 signals 70922 8562434240 Access token created for user 3 via client I6lTkmVK3UmXQAakmxVcHKJhfgkSj6rdT34rK1Eq
INFO 2026-02-25 07:16:19,070 permissions_refactored 70922 8562434240 Client I6lTkmVK3UmXQAakmxVcHKJhfgkSj6rdT34rK1Eq authenticated from 127.0.0.1
INFO 2026-02-25 07:16:19,075 token 70922 8562434240 Refresh token revoked: dZtLbWVMng...
INFO 2026-02-25 07:16:19,577 signals 70922 8562434240 Access token created for user 4 via client XKIKup6d8CBeJYBfyHZ3m8QcdUtyjzqO0EWH3hRQ
INFO 2026-02-25 07:16:19,581 permissions_refactored 70922 8562434240 Client XKIKup6d8CBeJYBfyHZ3m8QcdUtyjzqO0EWH3hRQ authenticated from 127.0.0.1
WARNING 2026-02-25 07:16:19,587 log 70922 8562434240 Bad Request: /api/oidc/revoke/
INFO 2026-02-25 07:16:20,072 signals 70922 8562434240 Access token created for user 5 via client 11GNGImDPBbA05kMJ8qEKIm5ZYcYdiOSa60WBfW7
WARNING 2026-02-25 07:16:20,078 log 70922 8562434240 Method Not Allowed: /api/oidc/revoke/
INFO 2026-02-25 07:16:20,571 signals 70922 8562434240 Access token created for user 6 via client qBekF1d9dr2PFBlEqWVR4HoBuMVuaIz51FGTXbBf
INFO 2026-02-25 07:16:20,575 permissions_refactored 70922 8562434240 Client qBekF1d9dr2PFBlEqWVR4HoBuMVuaIz51FGTXbBf authenticated from 127.0.0.1
WARNING 2026-02-25 07:16:20,580 log 70922 8562434240 Bad Request: /api/oidc/revoke/
INFO 2026-02-25 07:16:21,106 signals 70922 8562434240 Access token created for user 7 via client tmA0Roe4Ao2wRkCeMYYol3n776kVbarJ9eEsrDeE
WARNING 2026-02-25 07:16:21,110 permissions_refactored 70922 8562434240 Unknown client_id wrongid from 127.0.0.1
WARNING 2026-02-25 07:16:21,117 log 70922 8562434240 Unauthorized: /api/oidc/revoke/
INFO 2026-02-25 07:16:21,607 signals 70922 8562434240 Access token created for user 8 via client wl6aNgeuECXLy06hRMdDqrTNKA8FSJ8C2OGNqI8S
WARNING 2026-02-25 07:16:21,609 permissions_refactored 70922 8562434240 Missing client credentials from 127.0.0.1
WARNING 2026-02-25 07:16:21,613 log 70922 8562434240 Unauthorized: /api/oidc/revoke/
INFO 2026-02-25 07:18:23,997 signals 72018 8562434240 Access token created for user 1 via client blCmVrOnkRjgSSKUHF9SiVbCjLrQKQb5cn2Zrmgj
INFO 2026-02-25 07:18:24,556 signals 72018 8562434240 Access token created for user 2 via client y5Zu3WFi96WLebYsinDHyqDbh38m49yPneShcRW7
WARNING 2026-02-25 07:18:24,562 log 72018 8562434240 Unauthorized: /api/oidc/sessions/
INFO 2026-02-25 07:18:25,089 signals 72018 8562434240 Access token created for user 3 via client hAJKtLIu118EgEI7Hc1pzgf7totngxdIC1koGI5u
WARNING 2026-02-25 07:18:25,094 log 72018 8562434240 Unauthorized: /api/oidc/sessions/
INFO 2026-02-25 07:18:59,487 signals 72497 8562434240 Access token created for user 1 via client M3W2RU0DGFpUfIhp7jnEdJUgQPhW4ZBH3dystFCG
INFO 2026-02-25 07:19:00,040 signals 72497 8562434240 Access token created for user 2 via client KYRYiivt3eKrMRs4P64SrbYy3BErwcTkI9JT8bzi
WARNING 2026-02-25 07:19:00,046 log 72497 8562434240 Unauthorized: /api/oidc/sessions/
INFO 2026-02-25 07:19:00,606 signals 72497 8562434240 Access token created for user 3 via client Ut0alVXx08gROZC6ipLjzkxhBhVoxynyocqsmvkd
WARNING 2026-02-25 07:19:00,611 log 72497 8562434240 Unauthorized: /api/oidc/sessions/
INFO 2026-02-25 07:20:30,758 signals 73349 8562434240 Access token created for user 1 via client ueLj414y2HtffFpdo6iaY6f5F3tD7M9596veKj7Z
INFO 2026-02-25 07:20:31,375 signals 73349 8562434240 Access token created for user 2 via client 4ReBawpMmJwGLqS2SZNcougfBru64MYiimNtKiVz
WARNING 2026-02-25 07:20:31,382 log 73349 8562434240 Unauthorized: /api/oidc/sessions/
INFO 2026-02-25 07:20:31,875 signals 73349 8562434240 Access token created for user 3 via client FJV35XkEDTXwF4tYDKrwlc0weAhooz5rw8BDDpnA
WARNING 2026-02-25 07:20:31,880 log 73349 8562434240 Unauthorized: /api/oidc/sessions/
INFO 2026-02-25 07:20:32,364 signals 73349 8562434240 Access token created for user 4 via client OM5u0kehzIfZv0tTvLD6GISTIXJidvsQqxN4bQ1n
INFO 2026-02-25 07:20:32,364 signals 73349 8562434240 Access token created for user 4 via client OM5u0kehzIfZv0tTvLD6GISTIXJidvsQqxN4bQ1n
WARNING 2026-02-25 07:20:32,375 log 73349 8562434240 Unauthorized: /api/oidc/sessions/
INFO 2026-02-25 07:20:32,863 signals 73349 8562434240 Access token created for user 5 via client 6c2XoGD2QpmSP2utREx2IHNuHP47LmhBO8lCRUz7
WARNING 2026-02-25 07:20:32,875 log 73349 8562434240 Unauthorized: /api/oidc/sessions/
INFO 2026-02-25 07:20:33,358 signals 73349 8562434240 Access token created for user 6 via client 8JMirklOjTe3oSvlQU9wl10WWQHk6p8TUSb9HNkC
WARNING 2026-02-25 07:20:33,363 log 73349 8562434240 Unauthorized: /api/oidc/sessions/
INFO 2026-02-25 07:20:33,851 signals 73349 8562434240 Access token created for user 7 via client ptbakBfHzukeB692FOS96cFxzyLoWeiinI0G2IlU
WARNING 2026-02-25 07:20:33,857 log 73349 8562434240 Unauthorized: /api/oidc/sessions/
INFO 2026-02-25 07:20:34,344 signals 73349 8562434240 Access token created for user 8 via client SZr8UPyDMh4JvUQgIcpFm5KaH04mCnYXiT4Dq6tq
WARNING 2026-02-25 07:20:34,349 log 73349 8562434240 Unauthorized: /api/oidc/sessions/
INFO 2026-02-25 07:23:25,022 signals 74788 8562434240 Access token created for user 1 via client 3hGUvxeVgpiphsepJ4MUcVUPHYZ8eQB21CQE26w1
ERROR 2026-02-25 07:23:25,066 log 74788 8562434240 Internal Server Error: /api/oidc/sessions/1/
Traceback (most recent call last):
  File "/Users/dhrubajyotiborah/Documents/Projects/hcs_sso_with_oidc/venv/lib/python3.12/site-packages/django/core/handlers/exception.py", line 55, in inner
    response = get_response(request)
               ^^^^^^^^^^^^^^^^^^^^^
  File "/Users/dhrubajyotiborah/Documents/Projects/hcs_sso_with_oidc/venv/lib/python3.12/site-packages/django/core/handlers/base.py", line 198, in _get_response
    response = wrapped_callback(request, *callback_args, **callback_kwargs)
               ^^^^^^^^^^^^^^^^^^^^^^^^^^^^^^^^^^^^^^^^^^^^^^^^^^^^^^^^^^^^
  File "/Users/dhrubajyotiborah/Documents/Projects/hcs_sso_with_oidc/venv/lib/python3.12/site-packages/django/views/decorators/csrf.py", line 65, in _view_wrapper
    return view_func(request, *args, **kwargs)
           ^^^^^^^^^^^^^^^^^^^^^^^^^^^^^^^^^^^
  File "/Users/dhrubajyotiborah/Documents/Projects/hcs_sso_with_oidc/venv/lib/python3.12/site-packages/django/views/generic/base.py", line 106, in view
    return self.dispatch(request, *args, **kwargs)
           ^^^^^^^^^^^^^^^^^^^^^^^^^^^^^^^^^^^^^^^
  File "/Users/dhrubajyotiborah/Documents/Projects/hcs_sso_with_oidc/venv/lib/python3.12/site-packages/rest_framework/views.py", line 515, in dispatch
    response = self.handle_exception(exc)
               ^^^^^^^^^^^^^^^^^^^^^^^^^^
  File "/Users/dhrubajyotiborah/Documents/Projects/hcs_sso_with_oidc/venv/lib/python3.12/site-packages/rest_framework/views.py", line 475, in handle_exception
    self.raise_uncaught_exception(exc)
  File "/Users/dhrubajyotiborah/Documents/Projects/hcs_sso_with_oidc/venv/lib/python3.12/site-packages/rest_framework/views.py", line 486, in raise_uncaught_exception
    raise exc
  File "/Users/dhrubajyotiborah/Documents/Projects/hcs_sso_with_oidc/venv/lib/python3.12/site-packages/rest_framework/views.py", line 512, in dispatch
    response = handler(request, *args, **kwargs)
               ^^^^^^^^^^^^^^^^^^^^^^^^^^^^^^^^^
TypeError: SessionManagementView.get() got an unexpected keyword argument 'session_id'
INFO 2026-02-25 07:23:25,575 signals 74788 8562434240 Access token created for user 2 via client lKVNPMEBcvOcbqSE6fokrqkF7cSt5JT2fNRXZ2t2
ERROR 2026-02-25 07:23:25,580 log 74788 8562434240 Internal Server Error: /api/oidc/sessions/99999/
Traceback (most recent call last):
  File "/Users/dhrubajyotiborah/Documents/Projects/hcs_sso_with_oidc/venv/lib/python3.12/site-packages/django/core/handlers/exception.py", line 55, in inner
    response = get_response(request)
               ^^^^^^^^^^^^^^^^^^^^^
  File "/Users/dhrubajyotiborah/Documents/Projects/hcs_sso_with_oidc/venv/lib/python3.12/site-packages/django/core/handlers/base.py", line 198, in _get_response
    response = wrapped_callback(request, *callback_args, **callback_kwargs)
               ^^^^^^^^^^^^^^^^^^^^^^^^^^^^^^^^^^^^^^^^^^^^^^^^^^^^^^^^^^^^
  File "/Users/dhrubajyotiborah/Documents/Projects/hcs_sso_with_oidc/venv/lib/python3.12/site-packages/django/views/decorators/csrf.py", line 65, in _view_wrapper
    return view_func(request, *args, **kwargs)
           ^^^^^^^^^^^^^^^^^^^^^^^^^^^^^^^^^^^
  File "/Users/dhrubajyotiborah/Documents/Projects/hcs_sso_with_oidc/venv/lib/python3.12/site-packages/django/views/generic/base.py", line 106, in view
    return self.dispatch(request, *args, **kwargs)
           ^^^^^^^^^^^^^^^^^^^^^^^^^^^^^^^^^^^^^^^
  File "/Users/dhrubajyotiborah/Documents/Projects/hcs_sso_with_oidc/venv/lib/python3.12/site-packages/rest_framework/views.py", line 515, in dispatch
    response = self.handle_exception(exc)
               ^^^^^^^^^^^^^^^^^^^^^^^^^^
  File "/Users/dhrubajyotiborah/Documents/Projects/hcs_sso_with_oidc/venv/lib/python3.12/site-packages/rest_framework/views.py", line 475, in handle_exception
    self.raise_uncaught_exception(exc)
  File "/Users/dhrubajyotiborah/Documents/Projects/hcs_sso_with_oidc/venv/lib/python3.12/site-packages/rest_framework/views.py", line 486, in raise_uncaught_exception
    raise exc
  File "/Users/dhrubajyotiborah/Documents/Projects/hcs_sso_with_oidc/venv/lib/python3.12/site-packages/rest_framework/views.py", line 512, in dispatch
    response = handler(request, *args, **kwargs)
               ^^^^^^^^^^^^^^^^^^^^^^^^^^^^^^^^^
TypeError: SessionManagementView.get() got an unexpected keyword argument 'session_id'
INFO 2026-02-25 07:23:26,066 signals 74788 8562434240 Access token created for user 3 via client slYrSnVd1irKVTMhl4eNPPluVOKJXjOKKQVP6PpA
WARNING 2026-02-25 07:23:26,072 log 74788 8562434240 Unauthorized: /api/oidc/sessions/1/
INFO 2026-02-25 07:23:26,558 signals 74788 8562434240 Access token created for user 4 via client 7YuWN0hhdUHCLcW6rgSHCVE1B4q1sN6MsvnVZekZ
WARNING 2026-02-25 07:23:26,563 log 74788 8562434240 Unauthorized: /api/oidc/sessions/1/
INFO 2026-02-25 07:24:17,646 autoreload 66845 8562434240 /Users/dhrubajyotiborah/Documents/Projects/hcs_sso_with_oidc/apps/oidc/views/token.py changed, reloading.
ERROR 2026-02-25 07:24:18,443 apps 75251 8562434240 Failed to register custom backends: argument of type 'module' is not iterable
INFO 2026-02-25 07:24:18,443 apps 75251 8562434240 Enabled providers: Google, Facebook
INFO 2026-02-25 07:24:18,443 apps 75251 8562434240 ✅ Social authentication app initialized successfully
INFO 2026-02-25 07:24:18,452 autoreload 75251 8562434240 Watching for file changes with StatReloader
INFO 2026-02-25 07:24:33,619 signals 75485 8562434240 Access token created for user 1 via client BK06OSnQC4B6xKVDGsbwV8CqWFdC8FTqAOsNJBlj
INFO 2026-02-25 07:24:34,173 signals 75485 8562434240 Access token created for user 2 via client WROKJpsZSmoQmEp6j40EdGg0TSxjXzzCZzaUPeJ7
WARNING 2026-02-25 07:24:34,188 log 75485 8562434240 Not Found: /api/oidc/sessions/99999/
INFO 2026-02-25 07:24:34,720 signals 75485 8562434240 Access token created for user 3 via client aDeJNJFw4OjPqBfrCqipt058BYXRX79Wu5PUapY3
WARNING 2026-02-25 07:24:34,726 log 75485 8562434240 Unauthorized: /api/oidc/sessions/1/
INFO 2026-02-25 07:24:35,229 signals 75485 8562434240 Access token created for user 4 via client McCSKSBEuw6e5Qh2ocLycHpzLG2LhWZGp6CxEKia
WARNING 2026-02-25 07:24:35,234 log 75485 8562434240 Unauthorized: /api/oidc/sessions/1/
WARNING 2026-02-25 07:26:25,908 log 76484 8562434240 Bad Request: /api/oidc/register/
WARNING 2026-02-25 07:26:26,177 log 76484 8562434240 Unauthorized: /api/oidc/register/
ERROR 2026-02-25 07:26:26,501 client 76484 8562434240 Client registration failed: 'client_name'
WARNING 2026-02-25 07:26:26,505 log 76484 8562434240 Bad Request: /api/oidc/register/
WARNING 2026-02-25 07:26:26,765 log 76484 8562434240 Method Not Allowed: /api/oidc/register/
WARNING 2026-02-25 07:27:07,459 log 76983 8562434240 Bad Request: /api/oidc/register/
WARNING 2026-02-25 07:27:07,732 log 76983 8562434240 Unauthorized: /api/oidc/register/
ERROR 2026-02-25 07:27:08,003 client 76983 8562434240 Client registration failed: 'client_name'
WARNING 2026-02-25 07:27:08,007 log 76983 8562434240 Bad Request: /api/oidc/register/
WARNING 2026-02-25 07:27:08,267 log 76983 8562434240 Method Not Allowed: /api/oidc/register/
WARNING 2026-02-25 07:28:33,512 log 77821 8562434240 Bad Request: /api/oidc/register/
WARNING 2026-02-25 07:28:33,788 log 77821 8562434240 Unauthorized: /api/oidc/register/
ERROR 2026-02-25 07:28:34,060 client 77821 8562434240 Client registration failed: 'client_name'
WARNING 2026-02-25 07:28:34,063 log 77821 8562434240 Bad Request: /api/oidc/register/
WARNING 2026-02-25 07:28:34,323 log 77821 8562434240 Method Not Allowed: /api/oidc/register/
WARNING 2026-02-25 07:29:17,272 log 78350 8562434240 Bad Request: /api/oidc/register/
WARNING 2026-02-25 07:29:17,552 log 78350 8562434240 Unauthorized: /api/oidc/register/
ERROR 2026-02-25 07:29:17,823 client 78350 8562434240 Client registration failed: 'client_name'
WARNING 2026-02-25 07:29:17,826 log 78350 8562434240 Bad Request: /api/oidc/register/
WARNING 2026-02-25 07:29:18,083 log 78350 8562434240 Method Not Allowed: /api/oidc/register/
WARNING 2026-02-25 07:29:59,654 log 78866 8562434240 Bad Request: /api/oidc/register/
WARNING 2026-02-25 07:29:59,926 log 78866 8562434240 Unauthorized: /api/oidc/register/
ERROR 2026-02-25 07:30:00,207 client 78866 8562434240 Client registration failed: 'client_name'
WARNING 2026-02-25 07:30:00,211 log 78866 8562434240 Bad Request: /api/oidc/register/
WARNING 2026-02-25 07:30:00,472 log 78866 8562434240 Method Not Allowed: /api/oidc/register/
WARNING 2026-02-25 07:31:10,214 log 79579 8562434240 Bad Request: /api/oidc/register/
WARNING 2026-02-25 07:31:10,487 log 79579 8562434240 Unauthorized: /api/oidc/register/
ERROR 2026-02-25 07:31:10,759 client 79579 8562434240 Client registration failed: 'client_name'
WARNING 2026-02-25 07:31:10,763 log 79579 8562434240 Bad Request: /api/oidc/register/
WARNING 2026-02-25 07:31:11,020 log 79579 8562434240 Method Not Allowed: /api/oidc/register/
INFO 2026-02-25 07:32:35,868 autoreload 75251 8562434240 /Users/dhrubajyotiborah/Documents/Projects/hcs_sso_with_oidc/apps/oidc/serializers.py changed, reloading.
ERROR 2026-02-25 07:32:36,619 apps 80253 8562434240 Failed to register custom backends: argument of type 'module' is not iterable
INFO 2026-02-25 07:32:36,619 apps 80253 8562434240 Enabled providers: Google, Facebook
INFO 2026-02-25 07:32:36,619 apps 80253 8562434240 ✅ Social authentication app initialized successfully
INFO 2026-02-25 07:32:36,628 autoreload 80253 8562434240 Watching for file changes with StatReloader
INFO 2026-02-25 07:32:45,258 autoreload 80253 8562434240 /Users/dhrubajyotiborah/Documents/Projects/hcs_sso_with_oidc/apps/oidc/serializers.py changed, reloading.
ERROR 2026-02-25 07:32:45,907 apps 80340 8562434240 Failed to register custom backends: argument of type 'module' is not iterable
INFO 2026-02-25 07:32:45,907 apps 80340 8562434240 Enabled providers: Google, Facebook
INFO 2026-02-25 07:32:45,907 apps 80340 8562434240 ✅ Social authentication app initialized successfully
INFO 2026-02-25 07:32:45,913 autoreload 80340 8562434240 Watching for file changes with StatReloader
ERROR 2026-02-25 07:33:43,597 log 80878 8562434240 Internal Server Error: /api/oidc/register/
Traceback (most recent call last):
  File "/Users/dhrubajyotiborah/Documents/Projects/hcs_sso_with_oidc/venv/lib/python3.12/site-packages/django/core/handlers/exception.py", line 55, in inner
    response = get_response(request)
               ^^^^^^^^^^^^^^^^^^^^^
  File "/Users/dhrubajyotiborah/Documents/Projects/hcs_sso_with_oidc/venv/lib/python3.12/site-packages/django/core/handlers/base.py", line 198, in _get_response
    response = wrapped_callback(request, *callback_args, **callback_kwargs)
               ^^^^^^^^^^^^^^^^^^^^^^^^^^^^^^^^^^^^^^^^^^^^^^^^^^^^^^^^^^^^
  File "/Users/dhrubajyotiborah/Documents/Projects/hcs_sso_with_oidc/venv/lib/python3.12/site-packages/django/views/decorators/csrf.py", line 65, in _view_wrapper
    return view_func(request, *args, **kwargs)
           ^^^^^^^^^^^^^^^^^^^^^^^^^^^^^^^^^^^
  File "/Users/dhrubajyotiborah/Documents/Projects/hcs_sso_with_oidc/venv/lib/python3.12/site-packages/django/views/generic/base.py", line 106, in view
    return self.dispatch(request, *args, **kwargs)
           ^^^^^^^^^^^^^^^^^^^^^^^^^^^^^^^^^^^^^^^
  File "/Users/dhrubajyotiborah/Documents/Projects/hcs_sso_with_oidc/venv/lib/python3.12/site-packages/rest_framework/views.py", line 515, in dispatch
    response = self.handle_exception(exc)
               ^^^^^^^^^^^^^^^^^^^^^^^^^^
  File "/Users/dhrubajyotiborah/Documents/Projects/hcs_sso_with_oidc/venv/lib/python3.12/site-packages/rest_framework/views.py", line 475, in handle_exception
    self.raise_uncaught_exception(exc)
  File "/Users/dhrubajyotiborah/Documents/Projects/hcs_sso_with_oidc/venv/lib/python3.12/site-packages/rest_framework/views.py", line 486, in raise_uncaught_exception
    raise exc
  File "/Users/dhrubajyotiborah/Documents/Projects/hcs_sso_with_oidc/venv/lib/python3.12/site-packages/rest_framework/views.py", line 512, in dispatch
    response = handler(request, *args, **kwargs)
               ^^^^^^^^^^^^^^^^^^^^^^^^^^^^^^^^^
  File "/Users/dhrubajyotiborah/Documents/Projects/hcs_sso_with_oidc/apps/oidc/views/client.py", line 24, in post
    if not serializer.is_valid():
           ^^^^^^^^^^^^^^^^^^^^^
  File "/Users/dhrubajyotiborah/Documents/Projects/hcs_sso_with_oidc/venv/lib/python3.12/site-packages/rest_framework/serializers.py", line 225, in is_valid
    self._validated_data = self.run_validation(self.initial_data)
                           ^^^^^^^^^^^^^^^^^^^^^^^^^^^^^^^^^^^^^^
  File "/Users/dhrubajyotiborah/Documents/Projects/hcs_sso_with_oidc/venv/lib/python3.12/site-packages/rest_framework/serializers.py", line 444, in run_validation
    value = self.to_internal_value(data)
            ^^^^^^^^^^^^^^^^^^^^^^^^^^^^
  File "/Users/dhrubajyotiborah/Documents/Projects/hcs_sso_with_oidc/venv/lib/python3.12/site-packages/rest_framework/serializers.py", line 497, in to_internal_value
    for field in fields:
  File "/Users/dhrubajyotiborah/Documents/Projects/hcs_sso_with_oidc/venv/lib/python3.12/site-packages/rest_framework/serializers.py", line 380, in _writable_fields
    for field in self.fields.values():
                 ^^^^^^^^^^^
  File "/Users/dhrubajyotiborah/Documents/Projects/hcs_sso_with_oidc/venv/lib/python3.12/site-packages/django/utils/functional.py", line 47, in __get__
    res = instance.__dict__[self.name] = self.func(instance)
                                         ^^^^^^^^^^^^^^^^^^^
  File "/Users/dhrubajyotiborah/Documents/Projects/hcs_sso_with_oidc/venv/lib/python3.12/site-packages/rest_framework/serializers.py", line 374, in fields
    for key, value in self.get_fields().items():
                      ^^^^^^^^^^^^^^^^^
  File "/Users/dhrubajyotiborah/Documents/Projects/hcs_sso_with_oidc/venv/lib/python3.12/site-packages/rest_framework/serializers.py", line 1105, in get_fields
    field_class, field_kwargs = self.build_field(
                                ^^^^^^^^^^^^^^^^^
  File "/Users/dhrubajyotiborah/Documents/Projects/hcs_sso_with_oidc/venv/lib/python3.12/site-packages/rest_framework/serializers.py", line 1251, in build_field
    return self.build_unknown_field(field_name, model_class)
           ^^^^^^^^^^^^^^^^^^^^^^^^^^^^^^^^^^^^^^^^^^^^^^^^^
  File "/Users/dhrubajyotiborah/Documents/Projects/hcs_sso_with_oidc/venv/lib/python3.12/site-packages/rest_framework/serializers.py", line 1369, in build_unknown_field
    raise ImproperlyConfigured(
django.core.exceptions.ImproperlyConfigured: Field name `client_name` is not valid for model `Application` in `apps.oidc.serializers.ClientRegistrationSerializer`.
WARNING 2026-02-25 07:33:43,894 log 80878 8562434240 Unauthorized: /api/oidc/register/
ERROR 2026-02-25 07:33:44,152 log 80878 8562434240 Internal Server Error: /api/oidc/register/
Traceback (most recent call last):
  File "/Users/dhrubajyotiborah/Documents/Projects/hcs_sso_with_oidc/venv/lib/python3.12/site-packages/django/core/handlers/exception.py", line 55, in inner
    response = get_response(request)
               ^^^^^^^^^^^^^^^^^^^^^
  File "/Users/dhrubajyotiborah/Documents/Projects/hcs_sso_with_oidc/venv/lib/python3.12/site-packages/django/core/handlers/base.py", line 198, in _get_response
    response = wrapped_callback(request, *callback_args, **callback_kwargs)
               ^^^^^^^^^^^^^^^^^^^^^^^^^^^^^^^^^^^^^^^^^^^^^^^^^^^^^^^^^^^^
  File "/Users/dhrubajyotiborah/Documents/Projects/hcs_sso_with_oidc/venv/lib/python3.12/site-packages/django/views/decorators/csrf.py", line 65, in _view_wrapper
    return view_func(request, *args, **kwargs)
           ^^^^^^^^^^^^^^^^^^^^^^^^^^^^^^^^^^^
  File "/Users/dhrubajyotiborah/Documents/Projects/hcs_sso_with_oidc/venv/lib/python3.12/site-packages/django/views/generic/base.py", line 106, in view
    return self.dispatch(request, *args, **kwargs)
           ^^^^^^^^^^^^^^^^^^^^^^^^^^^^^^^^^^^^^^^
  File "/Users/dhrubajyotiborah/Documents/Projects/hcs_sso_with_oidc/venv/lib/python3.12/site-packages/rest_framework/views.py", line 515, in dispatch
    response = self.handle_exception(exc)
               ^^^^^^^^^^^^^^^^^^^^^^^^^^
  File "/Users/dhrubajyotiborah/Documents/Projects/hcs_sso_with_oidc/venv/lib/python3.12/site-packages/rest_framework/views.py", line 475, in handle_exception
    self.raise_uncaught_exception(exc)
  File "/Users/dhrubajyotiborah/Documents/Projects/hcs_sso_with_oidc/venv/lib/python3.12/site-packages/rest_framework/views.py", line 486, in raise_uncaught_exception
    raise exc
  File "/Users/dhrubajyotiborah/Documents/Projects/hcs_sso_with_oidc/venv/lib/python3.12/site-packages/rest_framework/views.py", line 512, in dispatch
    response = handler(request, *args, **kwargs)
               ^^^^^^^^^^^^^^^^^^^^^^^^^^^^^^^^^
  File "/Users/dhrubajyotiborah/Documents/Projects/hcs_sso_with_oidc/apps/oidc/views/client.py", line 24, in post
    if not serializer.is_valid():
           ^^^^^^^^^^^^^^^^^^^^^
  File "/Users/dhrubajyotiborah/Documents/Projects/hcs_sso_with_oidc/venv/lib/python3.12/site-packages/rest_framework/serializers.py", line 225, in is_valid
    self._validated_data = self.run_validation(self.initial_data)
                           ^^^^^^^^^^^^^^^^^^^^^^^^^^^^^^^^^^^^^^
  File "/Users/dhrubajyotiborah/Documents/Projects/hcs_sso_with_oidc/venv/lib/python3.12/site-packages/rest_framework/serializers.py", line 444, in run_validation
    value = self.to_internal_value(data)
            ^^^^^^^^^^^^^^^^^^^^^^^^^^^^
  File "/Users/dhrubajyotiborah/Documents/Projects/hcs_sso_with_oidc/venv/lib/python3.12/site-packages/rest_framework/serializers.py", line 497, in to_internal_value
    for field in fields:
  File "/Users/dhrubajyotiborah/Documents/Projects/hcs_sso_with_oidc/venv/lib/python3.12/site-packages/rest_framework/serializers.py", line 380, in _writable_fields
    for field in self.fields.values():
                 ^^^^^^^^^^^
  File "/Users/dhrubajyotiborah/Documents/Projects/hcs_sso_with_oidc/venv/lib/python3.12/site-packages/django/utils/functional.py", line 47, in __get__
    res = instance.__dict__[self.name] = self.func(instance)
                                         ^^^^^^^^^^^^^^^^^^^
  File "/Users/dhrubajyotiborah/Documents/Projects/hcs_sso_with_oidc/venv/lib/python3.12/site-packages/rest_framework/serializers.py", line 374, in fields
    for key, value in self.get_fields().items():
                      ^^^^^^^^^^^^^^^^^
  File "/Users/dhrubajyotiborah/Documents/Projects/hcs_sso_with_oidc/venv/lib/python3.12/site-packages/rest_framework/serializers.py", line 1105, in get_fields
    field_class, field_kwargs = self.build_field(
                                ^^^^^^^^^^^^^^^^^
  File "/Users/dhrubajyotiborah/Documents/Projects/hcs_sso_with_oidc/venv/lib/python3.12/site-packages/rest_framework/serializers.py", line 1251, in build_field
    return self.build_unknown_field(field_name, model_class)
           ^^^^^^^^^^^^^^^^^^^^^^^^^^^^^^^^^^^^^^^^^^^^^^^^^
  File "/Users/dhrubajyotiborah/Documents/Projects/hcs_sso_with_oidc/venv/lib/python3.12/site-packages/rest_framework/serializers.py", line 1369, in build_unknown_field
    raise ImproperlyConfigured(
django.core.exceptions.ImproperlyConfigured: Field name `client_name` is not valid for model `Application` in `apps.oidc.serializers.ClientRegistrationSerializer`.
WARNING 2026-02-25 07:33:44,413 log 80878 8562434240 Method Not Allowed: /api/oidc/register/
INFO 2026-02-25 07:34:41,844 autoreload 80340 8562434240 /Users/dhrubajyotiborah/Documents/Projects/hcs_sso_with_oidc/apps/oidc/serializers.py changed, reloading.
ERROR 2026-02-25 07:34:42,590 apps 81397 8562434240 Failed to register custom backends: argument of type 'module' is not iterable
INFO 2026-02-25 07:34:42,590 apps 81397 8562434240 Enabled providers: Google, Facebook
INFO 2026-02-25 07:34:42,590 apps 81397 8562434240 ✅ Social authentication app initialized successfully
INFO 2026-02-25 07:34:42,599 autoreload 81397 8562434240 Watching for file changes with StatReloader
INFO 2026-02-25 07:34:47,976 autoreload 81397 8562434240 /Users/dhrubajyotiborah/Documents/Projects/hcs_sso_with_oidc/apps/oidc/serializers.py changed, reloading.
ERROR 2026-02-25 07:34:48,711 apps 81438 8562434240 Failed to register custom backends: argument of type 'module' is not iterable
INFO 2026-02-25 07:34:48,711 apps 81438 8562434240 Enabled providers: Google, Facebook
INFO 2026-02-25 07:34:48,712 apps 81438 8562434240 ✅ Social authentication app initialized successfully
INFO 2026-02-25 07:34:48,718 autoreload 81438 8562434240 Watching for file changes with StatReloader
INFO 2026-02-25 07:34:52,012 autoreload 81438 8562434240 /Users/dhrubajyotiborah/Documents/Projects/hcs_sso_with_oidc/apps/oidc/serializers.py changed, reloading.
ERROR 2026-02-25 07:34:52,682 apps 81478 8562434240 Failed to register custom backends: argument of type 'module' is not iterable
INFO 2026-02-25 07:34:52,682 apps 81478 8562434240 Enabled providers: Google, Facebook
INFO 2026-02-25 07:34:52,682 apps 81478 8562434240 ✅ Social authentication app initialized successfully
INFO 2026-02-25 07:34:52,688 autoreload 81478 8562434240 Watching for file changes with StatReloader
INFO 2026-02-25 07:34:56,040 autoreload 81478 8562434240 /Users/dhrubajyotiborah/Documents/Projects/hcs_sso_with_oidc/apps/oidc/serializers.py changed, reloading.
ERROR 2026-02-25 07:34:56,535 apps 81515 8562434240 Failed to register custom backends: argument of type 'module' is not iterable
INFO 2026-02-25 07:34:56,536 apps 81515 8562434240 Enabled providers: Google, Facebook
INFO 2026-02-25 07:34:56,536 apps 81515 8562434240 ✅ Social authentication app initialized successfully
INFO 2026-02-25 07:34:56,540 autoreload 81515 8562434240 Watching for file changes with StatReloader
ERROR 2026-02-25 07:35:00,265 log 81673 8562434240 Internal Server Error: /api/oidc/register/
Traceback (most recent call last):
  File "/Users/dhrubajyotiborah/Documents/Projects/hcs_sso_with_oidc/venv/lib/python3.12/site-packages/django/core/handlers/exception.py", line 55, in inner
    response = get_response(request)
               ^^^^^^^^^^^^^^^^^^^^^
  File "/Users/dhrubajyotiborah/Documents/Projects/hcs_sso_with_oidc/venv/lib/python3.12/site-packages/django/core/handlers/base.py", line 198, in _get_response
    response = wrapped_callback(request, *callback_args, **callback_kwargs)
               ^^^^^^^^^^^^^^^^^^^^^^^^^^^^^^^^^^^^^^^^^^^^^^^^^^^^^^^^^^^^
  File "/Users/dhrubajyotiborah/Documents/Projects/hcs_sso_with_oidc/venv/lib/python3.12/site-packages/django/views/decorators/csrf.py", line 65, in _view_wrapper
    return view_func(request, *args, **kwargs)
           ^^^^^^^^^^^^^^^^^^^^^^^^^^^^^^^^^^^
  File "/Users/dhrubajyotiborah/Documents/Projects/hcs_sso_with_oidc/venv/lib/python3.12/site-packages/django/views/generic/base.py", line 106, in view
    return self.dispatch(request, *args, **kwargs)
           ^^^^^^^^^^^^^^^^^^^^^^^^^^^^^^^^^^^^^^^
  File "/Users/dhrubajyotiborah/Documents/Projects/hcs_sso_with_oidc/venv/lib/python3.12/site-packages/rest_framework/views.py", line 515, in dispatch
    response = self.handle_exception(exc)
               ^^^^^^^^^^^^^^^^^^^^^^^^^^
  File "/Users/dhrubajyotiborah/Documents/Projects/hcs_sso_with_oidc/venv/lib/python3.12/site-packages/rest_framework/views.py", line 475, in handle_exception
    self.raise_uncaught_exception(exc)
  File "/Users/dhrubajyotiborah/Documents/Projects/hcs_sso_with_oidc/venv/lib/python3.12/site-packages/rest_framework/views.py", line 486, in raise_uncaught_exception
    raise exc
  File "/Users/dhrubajyotiborah/Documents/Projects/hcs_sso_with_oidc/venv/lib/python3.12/site-packages/rest_framework/views.py", line 512, in dispatch
    response = handler(request, *args, **kwargs)
               ^^^^^^^^^^^^^^^^^^^^^^^^^^^^^^^^^
  File "/Users/dhrubajyotiborah/Documents/Projects/hcs_sso_with_oidc/apps/oidc/views/client.py", line 24, in post
    if not serializer.is_valid():
           ^^^^^^^^^^^^^^^^^^^^^
  File "/Users/dhrubajyotiborah/Documents/Projects/hcs_sso_with_oidc/venv/lib/python3.12/site-packages/rest_framework/serializers.py", line 225, in is_valid
    self._validated_data = self.run_validation(self.initial_data)
                           ^^^^^^^^^^^^^^^^^^^^^^^^^^^^^^^^^^^^^^
  File "/Users/dhrubajyotiborah/Documents/Projects/hcs_sso_with_oidc/venv/lib/python3.12/site-packages/rest_framework/serializers.py", line 444, in run_validation
    value = self.to_internal_value(data)
            ^^^^^^^^^^^^^^^^^^^^^^^^^^^^
  File "/Users/dhrubajyotiborah/Documents/Projects/hcs_sso_with_oidc/venv/lib/python3.12/site-packages/rest_framework/serializers.py", line 497, in to_internal_value
    for field in fields:
  File "/Users/dhrubajyotiborah/Documents/Projects/hcs_sso_with_oidc/venv/lib/python3.12/site-packages/rest_framework/serializers.py", line 380, in _writable_fields
    for field in self.fields.values():
                 ^^^^^^^^^^^
  File "/Users/dhrubajyotiborah/Documents/Projects/hcs_sso_with_oidc/venv/lib/python3.12/site-packages/django/utils/functional.py", line 47, in __get__
    res = instance.__dict__[self.name] = self.func(instance)
                                         ^^^^^^^^^^^^^^^^^^^
  File "/Users/dhrubajyotiborah/Documents/Projects/hcs_sso_with_oidc/venv/lib/python3.12/site-packages/rest_framework/serializers.py", line 374, in fields
    for key, value in self.get_fields().items():
                      ^^^^^^^^^^^^^^^^^
  File "/Users/dhrubajyotiborah/Documents/Projects/hcs_sso_with_oidc/venv/lib/python3.12/site-packages/rest_framework/serializers.py", line 1105, in get_fields
    field_class, field_kwargs = self.build_field(
                                ^^^^^^^^^^^^^^^^^
  File "/Users/dhrubajyotiborah/Documents/Projects/hcs_sso_with_oidc/venv/lib/python3.12/site-packages/rest_framework/serializers.py", line 1251, in build_field
    return self.build_unknown_field(field_name, model_class)
           ^^^^^^^^^^^^^^^^^^^^^^^^^^^^^^^^^^^^^^^^^^^^^^^^^
  File "/Users/dhrubajyotiborah/Documents/Projects/hcs_sso_with_oidc/venv/lib/python3.12/site-packages/rest_framework/serializers.py", line 1369, in build_unknown_field
    raise ImproperlyConfigured(
django.core.exceptions.ImproperlyConfigured: Field name `client_name` is not valid for model `Application` in `apps.oidc.serializers.ClientRegistrationSerializer`.
WARNING 2026-02-25 07:35:00,562 log 81673 8562434240 Unauthorized: /api/oidc/register/
ERROR 2026-02-25 07:35:00,818 log 81673 8562434240 Internal Server Error: /api/oidc/register/
Traceback (most recent call last):
  File "/Users/dhrubajyotiborah/Documents/Projects/hcs_sso_with_oidc/venv/lib/python3.12/site-packages/django/core/handlers/exception.py", line 55, in inner
    response = get_response(request)
               ^^^^^^^^^^^^^^^^^^^^^
  File "/Users/dhrubajyotiborah/Documents/Projects/hcs_sso_with_oidc/venv/lib/python3.12/site-packages/django/core/handlers/base.py", line 198, in _get_response
    response = wrapped_callback(request, *callback_args, **callback_kwargs)
               ^^^^^^^^^^^^^^^^^^^^^^^^^^^^^^^^^^^^^^^^^^^^^^^^^^^^^^^^^^^^
  File "/Users/dhrubajyotiborah/Documents/Projects/hcs_sso_with_oidc/venv/lib/python3.12/site-packages/django/views/decorators/csrf.py", line 65, in _view_wrapper
    return view_func(request, *args, **kwargs)
           ^^^^^^^^^^^^^^^^^^^^^^^^^^^^^^^^^^^
  File "/Users/dhrubajyotiborah/Documents/Projects/hcs_sso_with_oidc/venv/lib/python3.12/site-packages/django/views/generic/base.py", line 106, in view
    return self.dispatch(request, *args, **kwargs)
           ^^^^^^^^^^^^^^^^^^^^^^^^^^^^^^^^^^^^^^^
  File "/Users/dhrubajyotiborah/Documents/Projects/hcs_sso_with_oidc/venv/lib/python3.12/site-packages/rest_framework/views.py", line 515, in dispatch
    response = self.handle_exception(exc)
               ^^^^^^^^^^^^^^^^^^^^^^^^^^
  File "/Users/dhrubajyotiborah/Documents/Projects/hcs_sso_with_oidc/venv/lib/python3.12/site-packages/rest_framework/views.py", line 475, in handle_exception
    self.raise_uncaught_exception(exc)
  File "/Users/dhrubajyotiborah/Documents/Projects/hcs_sso_with_oidc/venv/lib/python3.12/site-packages/rest_framework/views.py", line 486, in raise_uncaught_exception
    raise exc
  File "/Users/dhrubajyotiborah/Documents/Projects/hcs_sso_with_oidc/venv/lib/python3.12/site-packages/rest_framework/views.py", line 512, in dispatch
    response = handler(request, *args, **kwargs)
               ^^^^^^^^^^^^^^^^^^^^^^^^^^^^^^^^^
  File "/Users/dhrubajyotiborah/Documents/Projects/hcs_sso_with_oidc/apps/oidc/views/client.py", line 24, in post
    if not serializer.is_valid():
           ^^^^^^^^^^^^^^^^^^^^^
  File "/Users/dhrubajyotiborah/Documents/Projects/hcs_sso_with_oidc/venv/lib/python3.12/site-packages/rest_framework/serializers.py", line 225, in is_valid
    self._validated_data = self.run_validation(self.initial_data)
                           ^^^^^^^^^^^^^^^^^^^^^^^^^^^^^^^^^^^^^^
  File "/Users/dhrubajyotiborah/Documents/Projects/hcs_sso_with_oidc/venv/lib/python3.12/site-packages/rest_framework/serializers.py", line 444, in run_validation
    value = self.to_internal_value(data)
            ^^^^^^^^^^^^^^^^^^^^^^^^^^^^
  File "/Users/dhrubajyotiborah/Documents/Projects/hcs_sso_with_oidc/venv/lib/python3.12/site-packages/rest_framework/serializers.py", line 497, in to_internal_value
    for field in fields:
  File "/Users/dhrubajyotiborah/Documents/Projects/hcs_sso_with_oidc/venv/lib/python3.12/site-packages/rest_framework/serializers.py", line 380, in _writable_fields
    for field in self.fields.values():
                 ^^^^^^^^^^^
  File "/Users/dhrubajyotiborah/Documents/Projects/hcs_sso_with_oidc/venv/lib/python3.12/site-packages/django/utils/functional.py", line 47, in __get__
    res = instance.__dict__[self.name] = self.func(instance)
                                         ^^^^^^^^^^^^^^^^^^^
  File "/Users/dhrubajyotiborah/Documents/Projects/hcs_sso_with_oidc/venv/lib/python3.12/site-packages/rest_framework/serializers.py", line 374, in fields
    for key, value in self.get_fields().items():
                      ^^^^^^^^^^^^^^^^^
  File "/Users/dhrubajyotiborah/Documents/Projects/hcs_sso_with_oidc/venv/lib/python3.12/site-packages/rest_framework/serializers.py", line 1105, in get_fields
    field_class, field_kwargs = self.build_field(
                                ^^^^^^^^^^^^^^^^^
  File "/Users/dhrubajyotiborah/Documents/Projects/hcs_sso_with_oidc/venv/lib/python3.12/site-packages/rest_framework/serializers.py", line 1251, in build_field
    return self.build_unknown_field(field_name, model_class)
           ^^^^^^^^^^^^^^^^^^^^^^^^^^^^^^^^^^^^^^^^^^^^^^^^^
  File "/Users/dhrubajyotiborah/Documents/Projects/hcs_sso_with_oidc/venv/lib/python3.12/site-packages/rest_framework/serializers.py", line 1369, in build_unknown_field
    raise ImproperlyConfigured(
django.core.exceptions.ImproperlyConfigured: Field name `client_name` is not valid for model `Application` in `apps.oidc.serializers.ClientRegistrationSerializer`.
WARNING 2026-02-25 07:35:01,081 log 81673 8562434240 Method Not Allowed: /api/oidc/register/
INFO 2026-02-25 07:35:21,906 autoreload 81515 8562434240 /Users/dhrubajyotiborah/Documents/Projects/hcs_sso_with_oidc/apps/oidc/serializers.py changed, reloading.
ERROR 2026-02-25 07:35:22,626 apps 81915 8562434240 Failed to register custom backends: argument of type 'module' is not iterable
INFO 2026-02-25 07:35:22,626 apps 81915 8562434240 Enabled providers: Google, Facebook
INFO 2026-02-25 07:35:22,626 apps 81915 8562434240 ✅ Social authentication app initialized successfully
INFO 2026-02-25 07:35:22,630 autoreload 81915 8562434240 Watching for file changes with StatReloader
INFO 2026-02-25 07:35:24,970 autoreload 81915 8562434240 /Users/dhrubajyotiborah/Documents/Projects/hcs_sso_with_oidc/apps/oidc/serializers.py changed, reloading.
ERROR 2026-02-25 07:35:25,489 apps 81952 8562434240 Failed to register custom backends: argument of type 'module' is not iterable
INFO 2026-02-25 07:35:25,489 apps 81952 8562434240 Enabled providers: Google, Facebook
INFO 2026-02-25 07:35:25,489 apps 81952 8562434240 ✅ Social authentication app initialized successfully
INFO 2026-02-25 07:35:25,495 autoreload 81952 8562434240 Watching for file changes with StatReloader
ERROR 2026-02-25 07:35:44,512 log 82217 8562434240 Internal Server Error: /api/oidc/register/
Traceback (most recent call last):
  File "/Users/dhrubajyotiborah/Documents/Projects/hcs_sso_with_oidc/venv/lib/python3.12/site-packages/django/core/handlers/exception.py", line 55, in inner
    response = get_response(request)
               ^^^^^^^^^^^^^^^^^^^^^
  File "/Users/dhrubajyotiborah/Documents/Projects/hcs_sso_with_oidc/venv/lib/python3.12/site-packages/django/core/handlers/base.py", line 198, in _get_response
    response = wrapped_callback(request, *callback_args, **callback_kwargs)
               ^^^^^^^^^^^^^^^^^^^^^^^^^^^^^^^^^^^^^^^^^^^^^^^^^^^^^^^^^^^^
  File "/Users/dhrubajyotiborah/Documents/Projects/hcs_sso_with_oidc/venv/lib/python3.12/site-packages/django/views/decorators/csrf.py", line 65, in _view_wrapper
    return view_func(request, *args, **kwargs)
           ^^^^^^^^^^^^^^^^^^^^^^^^^^^^^^^^^^^
  File "/Users/dhrubajyotiborah/Documents/Projects/hcs_sso_with_oidc/venv/lib/python3.12/site-packages/django/views/generic/base.py", line 106, in view
    return self.dispatch(request, *args, **kwargs)
           ^^^^^^^^^^^^^^^^^^^^^^^^^^^^^^^^^^^^^^^
  File "/Users/dhrubajyotiborah/Documents/Projects/hcs_sso_with_oidc/venv/lib/python3.12/site-packages/rest_framework/views.py", line 515, in dispatch
    response = self.handle_exception(exc)
               ^^^^^^^^^^^^^^^^^^^^^^^^^^
  File "/Users/dhrubajyotiborah/Documents/Projects/hcs_sso_with_oidc/venv/lib/python3.12/site-packages/rest_framework/views.py", line 475, in handle_exception
    self.raise_uncaught_exception(exc)
  File "/Users/dhrubajyotiborah/Documents/Projects/hcs_sso_with_oidc/venv/lib/python3.12/site-packages/rest_framework/views.py", line 486, in raise_uncaught_exception
    raise exc
  File "/Users/dhrubajyotiborah/Documents/Projects/hcs_sso_with_oidc/venv/lib/python3.12/site-packages/rest_framework/views.py", line 512, in dispatch
    response = handler(request, *args, **kwargs)
               ^^^^^^^^^^^^^^^^^^^^^^^^^^^^^^^^^
  File "/Users/dhrubajyotiborah/Documents/Projects/hcs_sso_with_oidc/apps/oidc/views/client.py", line 24, in post
    if not serializer.is_valid():
           ^^^^^^^^^^^^^^^^^^^^^
  File "/Users/dhrubajyotiborah/Documents/Projects/hcs_sso_with_oidc/venv/lib/python3.12/site-packages/rest_framework/serializers.py", line 225, in is_valid
    self._validated_data = self.run_validation(self.initial_data)
                           ^^^^^^^^^^^^^^^^^^^^^^^^^^^^^^^^^^^^^^
  File "/Users/dhrubajyotiborah/Documents/Projects/hcs_sso_with_oidc/venv/lib/python3.12/site-packages/rest_framework/serializers.py", line 444, in run_validation
    value = self.to_internal_value(data)
            ^^^^^^^^^^^^^^^^^^^^^^^^^^^^
  File "/Users/dhrubajyotiborah/Documents/Projects/hcs_sso_with_oidc/venv/lib/python3.12/site-packages/rest_framework/serializers.py", line 497, in to_internal_value
    for field in fields:
  File "/Users/dhrubajyotiborah/Documents/Projects/hcs_sso_with_oidc/venv/lib/python3.12/site-packages/rest_framework/serializers.py", line 380, in _writable_fields
    for field in self.fields.values():
                 ^^^^^^^^^^^
  File "/Users/dhrubajyotiborah/Documents/Projects/hcs_sso_with_oidc/venv/lib/python3.12/site-packages/django/utils/functional.py", line 47, in __get__
    res = instance.__dict__[self.name] = self.func(instance)
                                         ^^^^^^^^^^^^^^^^^^^
  File "/Users/dhrubajyotiborah/Documents/Projects/hcs_sso_with_oidc/venv/lib/python3.12/site-packages/rest_framework/serializers.py", line 374, in fields
    for key, value in self.get_fields().items():
                      ^^^^^^^^^^^^^^^^^
  File "/Users/dhrubajyotiborah/Documents/Projects/hcs_sso_with_oidc/venv/lib/python3.12/site-packages/rest_framework/serializers.py", line 1081, in get_fields
    field_names = self.get_field_names(declared_fields, info)
                  ^^^^^^^^^^^^^^^^^^^^^^^^^^^^^^^^^^^^^^^^^^^
  File "/Users/dhrubajyotiborah/Documents/Projects/hcs_sso_with_oidc/venv/lib/python3.12/site-packages/rest_framework/serializers.py", line 1177, in get_field_names
    assert field_name in fields, (
           ^^^^^^^^^^^^^^^^^^^^
AssertionError: The field 'client_name' was declared on serializer ClientRegistrationSerializer, but has not been included in the 'fields' option.
WARNING 2026-02-25 07:35:44,812 log 82217 8562434240 Unauthorized: /api/oidc/register/
ERROR 2026-02-25 07:35:45,062 log 82217 8562434240 Internal Server Error: /api/oidc/register/
Traceback (most recent call last):
  File "/Users/dhrubajyotiborah/Documents/Projects/hcs_sso_with_oidc/venv/lib/python3.12/site-packages/django/core/handlers/exception.py", line 55, in inner
    response = get_response(request)
               ^^^^^^^^^^^^^^^^^^^^^
  File "/Users/dhrubajyotiborah/Documents/Projects/hcs_sso_with_oidc/venv/lib/python3.12/site-packages/django/core/handlers/base.py", line 198, in _get_response
    response = wrapped_callback(request, *callback_args, **callback_kwargs)
               ^^^^^^^^^^^^^^^^^^^^^^^^^^^^^^^^^^^^^^^^^^^^^^^^^^^^^^^^^^^^
  File "/Users/dhrubajyotiborah/Documents/Projects/hcs_sso_with_oidc/venv/lib/python3.12/site-packages/django/views/decorators/csrf.py", line 65, in _view_wrapper
    return view_func(request, *args, **kwargs)
           ^^^^^^^^^^^^^^^^^^^^^^^^^^^^^^^^^^^
  File "/Users/dhrubajyotiborah/Documents/Projects/hcs_sso_with_oidc/venv/lib/python3.12/site-packages/django/views/generic/base.py", line 106, in view
    return self.dispatch(request, *args, **kwargs)
           ^^^^^^^^^^^^^^^^^^^^^^^^^^^^^^^^^^^^^^^
  File "/Users/dhrubajyotiborah/Documents/Projects/hcs_sso_with_oidc/venv/lib/python3.12/site-packages/rest_framework/views.py", line 515, in dispatch
    response = self.handle_exception(exc)
               ^^^^^^^^^^^^^^^^^^^^^^^^^^
  File "/Users/dhrubajyotiborah/Documents/Projects/hcs_sso_with_oidc/venv/lib/python3.12/site-packages/rest_framework/views.py", line 475, in handle_exception
    self.raise_uncaught_exception(exc)
  File "/Users/dhrubajyotiborah/Documents/Projects/hcs_sso_with_oidc/venv/lib/python3.12/site-packages/rest_framework/views.py", line 486, in raise_uncaught_exception
    raise exc
  File "/Users/dhrubajyotiborah/Documents/Projects/hcs_sso_with_oidc/venv/lib/python3.12/site-packages/rest_framework/views.py", line 512, in dispatch
    response = handler(request, *args, **kwargs)
               ^^^^^^^^^^^^^^^^^^^^^^^^^^^^^^^^^
  File "/Users/dhrubajyotiborah/Documents/Projects/hcs_sso_with_oidc/apps/oidc/views/client.py", line 24, in post
    if not serializer.is_valid():
           ^^^^^^^^^^^^^^^^^^^^^
  File "/Users/dhrubajyotiborah/Documents/Projects/hcs_sso_with_oidc/venv/lib/python3.12/site-packages/rest_framework/serializers.py", line 225, in is_valid
    self._validated_data = self.run_validation(self.initial_data)
                           ^^^^^^^^^^^^^^^^^^^^^^^^^^^^^^^^^^^^^^
  File "/Users/dhrubajyotiborah/Documents/Projects/hcs_sso_with_oidc/venv/lib/python3.12/site-packages/rest_framework/serializers.py", line 444, in run_validation
    value = self.to_internal_value(data)
            ^^^^^^^^^^^^^^^^^^^^^^^^^^^^
  File "/Users/dhrubajyotiborah/Documents/Projects/hcs_sso_with_oidc/venv/lib/python3.12/site-packages/rest_framework/serializers.py", line 497, in to_internal_value
    for field in fields:
  File "/Users/dhrubajyotiborah/Documents/Projects/hcs_sso_with_oidc/venv/lib/python3.12/site-packages/rest_framework/serializers.py", line 380, in _writable_fields
    for field in self.fields.values():
                 ^^^^^^^^^^^
  File "/Users/dhrubajyotiborah/Documents/Projects/hcs_sso_with_oidc/venv/lib/python3.12/site-packages/django/utils/functional.py", line 47, in __get__
    res = instance.__dict__[self.name] = self.func(instance)
                                         ^^^^^^^^^^^^^^^^^^^
  File "/Users/dhrubajyotiborah/Documents/Projects/hcs_sso_with_oidc/venv/lib/python3.12/site-packages/rest_framework/serializers.py", line 374, in fields
    for key, value in self.get_fields().items():
                      ^^^^^^^^^^^^^^^^^
  File "/Users/dhrubajyotiborah/Documents/Projects/hcs_sso_with_oidc/venv/lib/python3.12/site-packages/rest_framework/serializers.py", line 1081, in get_fields
    field_names = self.get_field_names(declared_fields, info)
                  ^^^^^^^^^^^^^^^^^^^^^^^^^^^^^^^^^^^^^^^^^^^
  File "/Users/dhrubajyotiborah/Documents/Projects/hcs_sso_with_oidc/venv/lib/python3.12/site-packages/rest_framework/serializers.py", line 1177, in get_field_names
    assert field_name in fields, (
           ^^^^^^^^^^^^^^^^^^^^
AssertionError: The field 'client_name' was declared on serializer ClientRegistrationSerializer, but has not been included in the 'fields' option.
WARNING 2026-02-25 07:35:45,320 log 82217 8562434240 Method Not Allowed: /api/oidc/register/
INFO 2026-02-25 07:35:57,218 autoreload 81952 8562434240 /Users/dhrubajyotiborah/Documents/Projects/hcs_sso_with_oidc/apps/oidc/serializers.py changed, reloading.
ERROR 2026-02-25 07:35:57,910 apps 82395 8562434240 Failed to register custom backends: argument of type 'module' is not iterable
INFO 2026-02-25 07:35:57,910 apps 82395 8562434240 Enabled providers: Google, Facebook
INFO 2026-02-25 07:35:57,910 apps 82395 8562434240 ✅ Social authentication app initialized successfully
INFO 2026-02-25 07:35:57,917 autoreload 82395 8562434240 Watching for file changes with StatReloader
INFO 2026-02-25 07:36:00,205 autoreload 82395 8562434240 /Users/dhrubajyotiborah/Documents/Projects/hcs_sso_with_oidc/apps/oidc/serializers.py changed, reloading.
ERROR 2026-02-25 07:36:00,733 apps 82419 8562434240 Failed to register custom backends: argument of type 'module' is not iterable
INFO 2026-02-25 07:36:00,733 apps 82419 8562434240 Enabled providers: Google, Facebook
INFO 2026-02-25 07:36:00,733 apps 82419 8562434240 ✅ Social authentication app initialized successfully
INFO 2026-02-25 07:36:00,739 autoreload 82419 8562434240 Watching for file changes with StatReloader
WARNING 2026-02-25 07:36:08,524 log 82612 8562434240 Bad Request: /api/oidc/register/
WARNING 2026-02-25 07:36:08,797 log 82612 8562434240 Unauthorized: /api/oidc/register/
ERROR 2026-02-25 07:36:09,067 client 82612 8562434240 Client registration failed: 'client_name'
WARNING 2026-02-25 07:36:09,071 log 82612 8562434240 Bad Request: /api/oidc/register/
WARNING 2026-02-25 07:36:09,328 log 82612 8562434240 Method Not Allowed: /api/oidc/register/
INFO 2026-02-25 07:37:44,965 autoreload 82419 8562434240 /Users/dhrubajyotiborah/Documents/Projects/hcs_sso_with_oidc/apps/oidc/serializers.py changed, reloading.
ERROR 2026-02-25 07:37:45,912 apps 83395 8562434240 Failed to register custom backends: argument of type 'module' is not iterable
INFO 2026-02-25 07:37:45,912 apps 83395 8562434240 Enabled providers: Google, Facebook
INFO 2026-02-25 07:37:45,912 apps 83395 8562434240 ✅ Social authentication app initialized successfully
INFO 2026-02-25 07:37:45,921 autoreload 83395 8562434240 Watching for file changes with StatReloader
INFO 2026-02-25 07:37:48,164 autoreload 83395 8562434240 /Users/dhrubajyotiborah/Documents/Projects/hcs_sso_with_oidc/apps/oidc/serializers.py changed, reloading.
ERROR 2026-02-25 07:37:48,756 apps 83417 8562434240 Failed to register custom backends: argument of type 'module' is not iterable
INFO 2026-02-25 07:37:48,756 apps 83417 8562434240 Enabled providers: Google, Facebook
INFO 2026-02-25 07:37:48,756 apps 83417 8562434240 ✅ Social authentication app initialized successfully
INFO 2026-02-25 07:37:48,761 autoreload 83417 8562434240 Watching for file changes with StatReloader
INFO 2026-02-25 07:37:52,032 autoreload 83417 8562434240 /Users/dhrubajyotiborah/Documents/Projects/hcs_sso_with_oidc/apps/oidc/serializers.py changed, reloading.
ERROR 2026-02-25 07:37:52,557 apps 83459 8562434240 Failed to register custom backends: argument of type 'module' is not iterable
INFO 2026-02-25 07:37:52,557 apps 83459 8562434240 Enabled providers: Google, Facebook
INFO 2026-02-25 07:37:52,557 apps 83459 8562434240 ✅ Social authentication app initialized successfully
INFO 2026-02-25 07:37:52,563 autoreload 83459 8562434240 Watching for file changes with StatReloader
INFO 2026-02-25 07:38:06,302 autoreload 83459 8562434240 /Users/dhrubajyotiborah/Documents/Projects/hcs_sso_with_oidc/apps/oidc/serializers.py changed, reloading.
ERROR 2026-02-25 07:38:06,974 apps 83569 8562434240 Failed to register custom backends: argument of type 'module' is not iterable
INFO 2026-02-25 07:38:06,974 apps 83569 8562434240 Enabled providers: Google, Facebook
INFO 2026-02-25 07:38:06,974 apps 83569 8562434240 ✅ Social authentication app initialized successfully
INFO 2026-02-25 07:38:06,980 autoreload 83569 8562434240 Watching for file changes with StatReloader
INFO 2026-02-25 07:38:09,268 autoreload 83569 8562434240 /Users/dhrubajyotiborah/Documents/Projects/hcs_sso_with_oidc/apps/oidc/serializers.py changed, reloading.
ERROR 2026-02-25 07:38:09,761 apps 83592 8562434240 Failed to register custom backends: argument of type 'module' is not iterable
INFO 2026-02-25 07:38:09,761 apps 83592 8562434240 Enabled providers: Google, Facebook
INFO 2026-02-25 07:38:09,762 apps 83592 8562434240 ✅ Social authentication app initialized successfully
INFO 2026-02-25 07:38:09,767 autoreload 83592 8562434240 Watching for file changes with StatReloader
WARNING 2026-02-25 07:38:13,747 log 83749 8562434240 Bad Request: /api/oidc/register/
WARNING 2026-02-25 07:38:14,021 log 83749 8562434240 Unauthorized: /api/oidc/register/
INFO 2026-02-25 07:38:14,536 client 83749 8562434240 New client registered: t9xc92sGApUQ3rZzgfNwUuT4MKFwMB3vxh6Hf7c0 by user 3
WARNING 2026-02-25 07:38:14,798 log 83749 8562434240 Method Not Allowed: /api/oidc/register/
INFO 2026-02-25 07:39:17,190 autoreload 83592 8562434240 /Users/dhrubajyotiborah/Documents/Projects/hcs_sso_with_oidc/apps/oidc/serializers.py changed, reloading.
ERROR 2026-02-25 07:39:17,922 apps 84297 8562434240 Failed to register custom backends: argument of type 'module' is not iterable
INFO 2026-02-25 07:39:17,922 apps 84297 8562434240 Enabled providers: Google, Facebook
INFO 2026-02-25 07:39:17,922 apps 84297 8562434240 ✅ Social authentication app initialized successfully
INFO 2026-02-25 07:39:17,930 autoreload 84297 8562434240 Watching for file changes with StatReloader
WARNING 2026-02-25 07:39:57,305 log 84719 8562434240 Method Not Allowed: /api/oidc/jwks/
WARNING 2026-02-25 07:41:10,024 log 85459 8562434240 Method Not Allowed: /api/oidc/provider-info/
WARNING 2026-02-25 07:45:29,956 log 88428 8562434240 Bad Request: /api/oidc/register/
WARNING 2026-02-25 07:45:30,234 log 88428 8562434240 Unauthorized: /api/oidc/register/
INFO 2026-02-25 07:45:30,739 client 88428 8562434240 New client registered: UBRHqqd7FjptkANOnrO7uz1AG35jAycPRy6N2VrU by user 3
WARNING 2026-02-25 07:45:30,998 log 88428 8562434240 Method Not Allowed: /api/oidc/register/
WARNING 2026-02-25 07:45:31,054 log 88428 8562434240 Method Not Allowed: /api/oidc/jwks/
WARNING 2026-02-25 07:45:31,088 log 88428 8562434240 Method Not Allowed: /api/oidc/provider-info/
INFO 2026-02-25 07:45:31,598 signals 88428 8562434240 Access token created for user 5 via client eob75GM2etthHP9fA3jEfHXkPmzcfCsuwIQ0eO6s
INFO 2026-02-25 07:45:32,139 signals 88428 8562434240 Access token created for user 6 via client 9etx3glU8HRXy8EvvfxUBA6KAFQs8e5H7wIyRBAZ
WARNING 2026-02-25 07:45:32,154 log 88428 8562434240 Not Found: /api/oidc/sessions/99999/
INFO 2026-02-25 07:45:32,637 signals 88428 8562434240 Access token created for user 7 via client rGUDj93VOwY6HDmV6AK9dO9i1ITPF4u4MG0T78xz
WARNING 2026-02-25 07:45:32,642 log 88428 8562434240 Unauthorized: /api/oidc/sessions/1/
INFO 2026-02-25 07:45:33,126 signals 88428 8562434240 Access token created for user 8 via client FUHutDMsOYpnGPjQnvaoJhRaAy4OMIQM9IbynrFg
WARNING 2026-02-25 07:45:33,130 log 88428 8562434240 Unauthorized: /api/oidc/sessions/1/
INFO 2026-02-25 07:45:33,637 signals 88428 8562434240 Access token created for user 9 via client EuMRBSkgrK1yjPlvTaMaugSqQJShSdVRXXsXwZIK
INFO 2026-02-25 07:45:34,207 signals 88428 8562434240 Access token created for user 10 via client ptLSlZ0nvgyb630QGql3Bs7qHrH7qTEOXpPVuHj2
WARNING 2026-02-25 07:45:34,218 log 88428 8562434240 Unauthorized: /api/oidc/sessions/
INFO 2026-02-25 07:45:34,707 signals 88428 8562434240 Access token created for user 11 via client PnED0xqto7esVoJDB4unVmgMRoXiwCk6BS9bW1tO
WARNING 2026-02-25 07:45:34,712 log 88428 8562434240 Unauthorized: /api/oidc/sessions/
INFO 2026-02-25 07:45:35,195 signals 88428 8562434240 Access token created for user 12 via client hK2UHo75mYT8z11J8tiGVbydeWjXVXIuMtlNNhx2
INFO 2026-02-25 07:45:35,196 signals 88428 8562434240 Access token created for user 12 via client hK2UHo75mYT8z11J8tiGVbydeWjXVXIuMtlNNhx2
WARNING 2026-02-25 07:45:35,204 log 88428 8562434240 Unauthorized: /api/oidc/sessions/
INFO 2026-02-25 07:45:35,691 signals 88428 8562434240 Access token created for user 13 via client ofqlA2ZelveT46yrTZDdSsn1Hnwhx1JAvF6ttrGC
WARNING 2026-02-25 07:45:35,702 log 88428 8562434240 Unauthorized: /api/oidc/sessions/
INFO 2026-02-25 07:45:36,190 signals 88428 8562434240 Access token created for user 14 via client 5JZrk2xCWnw44D6yC8Jb1ZNijCvQTFgqlrbFBp2Z
WARNING 2026-02-25 07:45:36,195 log 88428 8562434240 Unauthorized: /api/oidc/sessions/
INFO 2026-02-25 07:45:36,681 signals 88428 8562434240 Access token created for user 15 via client WT0ITM3ayTdI5pQ7LHk99GMgVaYDN8Vrf80HyNmv
WARNING 2026-02-25 07:45:36,686 log 88428 8562434240 Unauthorized: /api/oidc/sessions/
INFO 2026-02-25 07:45:37,168 signals 88428 8562434240 Access token created for user 16 via client xrpDvWub2qEpxns3asgyRfzLbQbBp7F5zSqunAzd
WARNING 2026-02-25 07:45:37,174 log 88428 8562434240 Unauthorized: /api/oidc/sessions/
INFO 2026-02-25 07:45:37,702 signals 88428 8562434240 Access token created for user 17 via client JljZcxLJ5NYd93ALrFePi5kKzJceYw0Lcjl2oS0n
INFO 2026-02-25 07:45:37,712 permissions_refactored 88428 8562434240 Client JljZcxLJ5NYd93ALrFePi5kKzJceYw0Lcjl2oS0n authenticated from 127.0.0.1
INFO 2026-02-25 07:45:37,719 token 88428 8562434240 Access token revoked: ou6GsYyJ5A...
INFO 2026-02-25 07:45:38,228 signals 88428 8562434240 Access token created for user 18 via client tVhsJdB7FpHIHB2qzlOExrEXPVugoSMkraIUX7Gg
INFO 2026-02-25 07:45:38,232 permissions_refactored 88428 8562434240 Client tVhsJdB7FpHIHB2qzlOExrEXPVugoSMkraIUX7Gg authenticated from 127.0.0.1
INFO 2026-02-25 07:45:38,734 signals 88428 8562434240 Access token created for user 19 via client bWaMeFLkkUiiAZGMuF3QbQCXhHRsZLMc86kRxH3n
INFO 2026-02-25 07:45:38,738 permissions_refactored 88428 8562434240 Client bWaMeFLkkUiiAZGMuF3QbQCXhHRsZLMc86kRxH3n authenticated from 127.0.0.1
INFO 2026-02-25 07:45:38,743 token 88428 8562434240 Refresh token revoked: cjNMuCkKOi...
INFO 2026-02-25 07:45:39,239 signals 88428 8562434240 Access token created for user 20 via client yBbAMEQ0jbdp5fmUvv533QJiHGJhLGdn8YqD6n6l
INFO 2026-02-25 07:45:39,243 permissions_refactored 88428 8562434240 Client yBbAMEQ0jbdp5fmUvv533QJiHGJhLGdn8YqD6n6l authenticated from 127.0.0.1
WARNING 2026-02-25 07:45:39,250 log 88428 8562434240 Bad Request: /api/oidc/revoke/
INFO 2026-02-25 07:45:39,738 signals 88428 8562434240 Access token created for user 21 via client VeJcNrYvAimknNGuWwYKIzf8rUVSbSHMFOUvXQyZ
WARNING 2026-02-25 07:45:39,743 log 88428 8562434240 Method Not Allowed: /api/oidc/revoke/
INFO 2026-02-25 07:45:40,228 signals 88428 8562434240 Access token created for user 22 via client uJ7pTRUDaPMTpZShayYLTJ2nUOfsburudgLRojfR
INFO 2026-02-25 07:45:40,232 permissions_refactored 88428 8562434240 Client uJ7pTRUDaPMTpZShayYLTJ2nUOfsburudgLRojfR authenticated from 127.0.0.1
WARNING 2026-02-25 07:45:40,238 log 88428 8562434240 Bad Request: /api/oidc/revoke/
INFO 2026-02-25 07:45:40,721 signals 88428 8562434240 Access token created for user 23 via client A4P021jclPsOFBOnrWUIUPFwIeJQPoywyjoPvDVA
WARNING 2026-02-25 07:45:40,725 permissions_refactored 88428 8562434240 Unknown client_id wrongid from 127.0.0.1
WARNING 2026-02-25 07:45:40,732 log 88428 8562434240 Unauthorized: /api/oidc/revoke/
INFO 2026-02-25 07:45:41,215 signals 88428 8562434240 Access token created for user 24 via client V33r6hhJuUnZvIukaPrXBePh1Vgz7CDIcQityMFF
WARNING 2026-02-25 07:45:41,217 permissions_refactored 88428 8562434240 Missing client credentials from 127.0.0.1
WARNING 2026-02-25 07:45:41,221 log 88428 8562434240 Unauthorized: /api/oidc/revoke/
INFO 2026-02-25 07:45:41,736 signals 88428 8562434240 Access token created for user 25 via client test_client_id
INFO 2026-02-25 07:45:41,741 permissions_refactored 88428 8562434240 Client test_client_id authenticated from 127.0.0.1
INFO 2026-02-25 07:45:42,248 signals 88428 8562434240 Access token created for user 26 via client test_client_id
INFO 2026-02-25 07:45:42,253 permissions_refactored 88428 8562434240 Client test_client_id authenticated from 127.0.0.1
INFO 2026-02-25 07:45:42,761 signals 88428 8562434240 Access token created for user 27 via client test_client_id
WARNING 2026-02-25 07:45:42,764 permissions_refactored 88428 8562434240 Unknown client_id bad from 127.0.0.1
WARNING 2026-02-25 07:45:42,770 log 88428 8562434240 Unauthorized: /api/oidc/introspect/
INFO 2026-02-25 07:45:43,273 signals 88428 8562434240 Access token created for user 28 via client Dpp0sA9Qeq4HPb5wKG1hCvWucKFQW32B8Sj4bLgN
INFO 2026-02-25 07:45:43,793 signals 88428 8562434240 Access token created for user 29 via client FCI4XhLxq3XXx3TtLS23mhpnV0ofDF76OOCm9HaE
WARNING 2026-02-25 07:45:43,798 log 88428 8562434240 Unauthorized: /api/oidc/userinfo/
INFO 2026-02-25 09:02:07,553 autoreload 84297 8562434240 /Users/dhrubajyotiborah/Documents/Projects/hcs_sso_with_oidc/apps/oidc/serializers.py changed, reloading.
ERROR 2026-02-25 09:02:08,239 apps 94381 8562434240 Failed to register custom backends: argument of type 'module' is not iterable
INFO 2026-02-25 09:02:08,239 apps 94381 8562434240 Enabled providers: Google, Facebook
INFO 2026-02-25 09:02:08,239 apps 94381 8562434240 ✅ Social authentication app initialized successfully
INFO 2026-02-25 09:02:08,247 autoreload 94381 8562434240 Watching for file changes with StatReloader
INFO 2026-02-25 09:02:12,626 autoreload 94381 8562434240 /Users/dhrubajyotiborah/Documents/Projects/hcs_sso_with_oidc/apps/oidc/serializers.py changed, reloading.
ERROR 2026-02-25 09:02:13,109 apps 94420 8562434240 Failed to register custom backends: argument of type 'module' is not iterable
INFO 2026-02-25 09:02:13,110 apps 94420 8562434240 Enabled providers: Google, Facebook
INFO 2026-02-25 09:02:13,110 apps 94420 8562434240 ✅ Social authentication app initialized successfully
INFO 2026-02-25 09:02:13,115 autoreload 94420 8562434240 Watching for file changes with StatReloader
INFO 2026-02-25 09:21:11,587 autoreload 94420 8562434240 /Users/dhrubajyotiborah/Documents/Projects/hcs_sso_with_oidc/apps/oidc/views/token.py changed, reloading.
ERROR 2026-02-25 09:21:12,284 apps 5705 8562434240 Failed to register custom backends: argument of type 'module' is not iterable
INFO 2026-02-25 09:21:12,284 apps 5705 8562434240 Enabled providers: Google, Facebook
INFO 2026-02-25 09:21:12,284 apps 5705 8562434240 ✅ Social authentication app initialized successfully
INFO 2026-02-25 09:21:12,291 autoreload 5705 8562434240 Watching for file changes with StatReloader
WARNING 2026-02-25 09:22:26,220 permissions 6564 8562434240 Invalid Basic Auth header from 127.0.0.1
WARNING 2026-02-25 09:22:26,222 permissions 6564 8562434240 Invalid client secret for client_id clientid from 127.0.0.1
INFO 2026-02-25 09:22:26,223 permissions 6564 8562434240 Client clientid authenticated from 127.0.0.1
WARNING 2026-02-25 09:23:05,502 permissions 7066 8562434240 Invalid Basic Auth header from 127.0.0.1
WARNING 2026-02-25 09:23:05,504 permissions 7066 8562434240 Invalid client secret for client_id clientid from 127.0.0.1
INFO 2026-02-25 09:23:05,506 permissions 7066 8562434240 Client clientid authenticated from 127.0.0.1
INFO 2026-02-25 09:23:05,507 permissions 7066 8562434240 Client clientid authenticated from 127.0.0.1
WARNING 2026-02-25 09:23:05,509 permissions 7066 8562434240 Invalid client secret for client_id clientid from 127.0.0.1
WARNING 2026-02-25 09:23:05,511 permissions 7066 8562434240 Missing client credentials from 127.0.0.1
WARNING 2026-02-25 09:23:05,512 permissions 7066 8562434240 Invalid client secret for client_id unknown from 127.0.0.1
INFO 2026-02-25 09:28:35,074 autoreload 5705 8562434240 /Users/dhrubajyotiborah/Documents/Projects/hcs_sso_with_oidc/apps/oidc/permissions.py changed, reloading.
ERROR 2026-02-25 09:28:35,804 apps 9417 8562434240 Failed to register custom backends: argument of type 'module' is not iterable
INFO 2026-02-25 09:28:35,804 apps 9417 8562434240 Enabled providers: Google, Facebook
INFO 2026-02-25 09:28:35,804 apps 9417 8562434240 ✅ Social authentication app initialized successfully
INFO 2026-02-25 09:28:35,811 autoreload 9417 8562434240 Watching for file changes with StatReloader
INFO 2026-02-25 09:31:07,000 validators 11265 8562434240 Token issued for user 1 via test_idp
INFO 2026-02-25 09:31:26,590 validators 11620 8562434240 Token issued for user 1 via test_idp
INFO 2026-02-25 09:31:52,106 validators 12016 8562434240 Token issued for user 1 via test_idp
WARNING 2026-02-25 09:34:03,606 log 13541 8562434240 Bad Request: /api/oidc/register/
WARNING 2026-02-25 09:34:03,895 log 13541 8562434240 Unauthorized: /api/oidc/register/
INFO 2026-02-25 09:34:04,408 client 13541 8562434240 New client registered: 6Qj87W5X679VkI2NwmCsRx3Imt9YhPu4UW4qZ1yv by user 3
WARNING 2026-02-25 09:34:04,668 log 13541 8562434240 Method Not Allowed: /api/oidc/register/
WARNING 2026-02-25 09:34:04,725 log 13541 8562434240 Method Not Allowed: /api/oidc/jwks/
WARNING 2026-02-25 09:34:04,750 permissions 13541 8562434240 Invalid Basic Auth header from 127.0.0.1
WARNING 2026-02-25 09:34:04,752 permissions 13541 8562434240 Invalid client secret for client_id clientid from 127.0.0.1
INFO 2026-02-25 09:34:04,753 permissions 13541 8562434240 Client clientid authenticated from 127.0.0.1
INFO 2026-02-25 09:34:04,754 permissions 13541 8562434240 Client clientid authenticated from 127.0.0.1
WARNING 2026-02-25 09:34:04,756 permissions 13541 8562434240 Invalid client secret for client_id clientid from 127.0.0.1
WARNING 2026-02-25 09:34:04,757 permissions 13541 8562434240 Missing client credentials from 127.0.0.1
WARNING 2026-02-25 09:34:04,759 permissions 13541 8562434240 Invalid client secret for client_id unknown from 127.0.0.1
WARNING 2026-02-25 09:34:04,802 log 13541 8562434240 Method Not Allowed: /api/oidc/provider-info/
INFO 2026-02-25 09:34:05,382 signals 13541 8562434240 Access token created for user 5 via client LVnHiLzz7hlLH1oBJfWSPeocyol1riZucZyHkMFn
INFO 2026-02-25 09:34:05,927 signals 13541 8562434240 Access token created for user 6 via client PHvxaGj4Jv7YR7ga9UZmI7bNUOgtYFEWZIdQ3TYS
WARNING 2026-02-25 09:34:05,942 log 13541 8562434240 Not Found: /api/oidc/sessions/99999/
INFO 2026-02-25 09:34:06,427 signals 13541 8562434240 Access token created for user 7 via client f351QamdGu3kGsriz4dzj97c9FbaUgYz1Jq6UOpU
WARNING 2026-02-25 09:34:06,432 log 13541 8562434240 Unauthorized: /api/oidc/sessions/1/
INFO 2026-02-25 09:34:06,916 signals 13541 8562434240 Access token created for user 8 via client bbHSKc7NxVTqrlu9zswyvSTqea8IcmkZhyOJfdJL
WARNING 2026-02-25 09:34:06,921 log 13541 8562434240 Unauthorized: /api/oidc/sessions/1/
INFO 2026-02-25 09:34:07,465 signals 13541 8562434240 Access token created for user 9 via client JE6ZwbCgabGCW65086TvG50ESf9aSnBoPvMNsjEF
INFO 2026-02-25 09:34:08,030 signals 13541 8562434240 Access token created for user 10 via client iXvlrzIcMTjubXS1m0Yt4LQB8uNK7ih76FwTSBH4
WARNING 2026-02-25 09:34:08,034 log 13541 8562434240 Unauthorized: /api/oidc/sessions/
INFO 2026-02-25 09:34:08,525 signals 13541 8562434240 Access token created for user 11 via client JnLc6hSvGJ2DcAhIRjQiZL2FPelehFPUkTgJIgDb
WARNING 2026-02-25 09:34:08,530 log 13541 8562434240 Unauthorized: /api/oidc/sessions/
INFO 2026-02-25 09:34:09,013 signals 13541 8562434240 Access token created for user 12 via client QPCt6TralLnHfbIL0IonR4qv657HtZ1VumIjoYCb
INFO 2026-02-25 09:34:09,014 signals 13541 8562434240 Access token created for user 12 via client QPCt6TralLnHfbIL0IonR4qv657HtZ1VumIjoYCb
WARNING 2026-02-25 09:34:09,025 log 13541 8562434240 Unauthorized: /api/oidc/sessions/
INFO 2026-02-25 09:34:09,514 signals 13541 8562434240 Access token created for user 13 via client Zj1ZHgNrEdkWO8T6vLPLj1r8NUzCFCdtUFT2jDmP
WARNING 2026-02-25 09:34:09,523 log 13541 8562434240 Unauthorized: /api/oidc/sessions/
INFO 2026-02-25 09:34:10,010 signals 13541 8562434240 Access token created for user 14 via client yjCRGxxvS6z1m87T9BvMGcof3PWdupR8otmHqea4
WARNING 2026-02-25 09:34:10,015 log 13541 8562434240 Unauthorized: /api/oidc/sessions/
INFO 2026-02-25 09:34:10,506 signals 13541 8562434240 Access token created for user 15 via client MnG98VoSA4J1mnbigzDk2nlRJ93fLQX9gdllXT1I
WARNING 2026-02-25 09:34:10,512 log 13541 8562434240 Unauthorized: /api/oidc/sessions/
INFO 2026-02-25 09:34:10,994 signals 13541 8562434240 Access token created for user 16 via client O7xKUVffocsVEmq1p4lrUgJdjdRWf8kh2441zh2S
WARNING 2026-02-25 09:34:10,999 log 13541 8562434240 Unauthorized: /api/oidc/sessions/
INFO 2026-02-25 09:34:13,298 signals 13541 8562434240 Access token created for user 24 via client NxNgNEl151ZXJKoKnDUtNiN3LdVFtqVbcmFFuQKP
INFO 2026-02-25 09:34:13,327 permissions 13541 8562434240 Client NxNgNEl151ZXJKoKnDUtNiN3LdVFtqVbcmFFuQKP authenticated from 127.0.0.1
INFO 2026-02-25 09:34:13,336 token 13541 8562434240 Access token revoked: VBmI4PGx1u...
INFO 2026-02-25 09:34:13,842 signals 13541 8562434240 Access token created for user 25 via client LU3lZHdQt1pMq6vNBPtO7JwRb2O9CFrVr3K6NCK5
INFO 2026-02-25 09:34:13,846 permissions 13541 8562434240 Client LU3lZHdQt1pMq6vNBPtO7JwRb2O9CFrVr3K6NCK5 authenticated from 127.0.0.1
INFO 2026-02-25 09:34:14,354 signals 13541 8562434240 Access token created for user 26 via client hkwZ7DS6KiWfQePxHzC8wOOthcqcU0nSZbqNbSOl
INFO 2026-02-25 09:34:14,361 permissions 13541 8562434240 Client hkwZ7DS6KiWfQePxHzC8wOOthcqcU0nSZbqNbSOl authenticated from 127.0.0.1
INFO 2026-02-25 09:34:14,370 token 13541 8562434240 Refresh token revoked: GsZJwt8ebA...
INFO 2026-02-25 09:34:14,891 signals 13541 8562434240 Access token created for user 27 via client 43QeIQsCmIDL4TGNYQvLAEBSBwTJxgKZlfYsczvI
INFO 2026-02-25 09:34:14,895 permissions 13541 8562434240 Client 43QeIQsCmIDL4TGNYQvLAEBSBwTJxgKZlfYsczvI authenticated from 127.0.0.1
WARNING 2026-02-25 09:34:14,901 log 13541 8562434240 Bad Request: /api/oidc/revoke/
INFO 2026-02-25 09:34:15,384 signals 13541 8562434240 Access token created for user 28 via client Q63b7pN9OsKJN6AVHpatJOtn1vEJKUMawzQt1olA
WARNING 2026-02-25 09:34:15,389 log 13541 8562434240 Method Not Allowed: /api/oidc/revoke/
INFO 2026-02-25 09:34:15,876 signals 13541 8562434240 Access token created for user 29 via client f0YAoauqtiJ6yMII4eg6hNkCsNV7dB5yhzH1RuxH
INFO 2026-02-25 09:34:15,880 permissions 13541 8562434240 Client f0YAoauqtiJ6yMII4eg6hNkCsNV7dB5yhzH1RuxH authenticated from 127.0.0.1
WARNING 2026-02-25 09:34:15,885 log 13541 8562434240 Bad Request: /api/oidc/revoke/
INFO 2026-02-25 09:34:16,371 signals 13541 8562434240 Access token created for user 30 via client FYERJDQzW0nW7PUIAAwa7a4KXqDUkHCn1YhQzBoV
WARNING 2026-02-25 09:34:16,375 permissions 13541 8562434240 Unknown client_id wrongid from 127.0.0.1
WARNING 2026-02-25 09:34:16,383 log 13541 8562434240 Unauthorized: /api/oidc/revoke/
INFO 2026-02-25 09:34:16,874 signals 13541 8562434240 Access token created for user 31 via client Gh4vCrcObMdGHp4KMNcUvSrErqXGrHLuie7T5Sxo
WARNING 2026-02-25 09:34:16,876 permissions 13541 8562434240 Missing client credentials from 127.0.0.1
WARNING 2026-02-25 09:34:16,880 log 13541 8562434240 Unauthorized: /api/oidc/revoke/
INFO 2026-02-25 09:34:16,912 validators 13541 8562434240 Token issued for user 1 via test_idp
INFO 2026-02-25 09:34:17,418 signals 13541 8562434240 Access token created for user 32 via client test_client_id
INFO 2026-02-25 09:34:17,423 permissions 13541 8562434240 Client test_client_id authenticated from 127.0.0.1
INFO 2026-02-25 09:34:17,939 signals 13541 8562434240 Access token created for user 33 via client test_client_id
INFO 2026-02-25 09:34:17,942 permissions 13541 8562434240 Client test_client_id authenticated from 127.0.0.1
INFO 2026-02-25 09:34:18,443 signals 13541 8562434240 Access token created for user 34 via client test_client_id
WARNING 2026-02-25 09:34:18,447 permissions 13541 8562434240 Unknown client_id bad from 127.0.0.1
WARNING 2026-02-25 09:34:18,452 log 13541 8562434240 Unauthorized: /api/oidc/introspect/
INFO 2026-02-25 09:34:18,963 signals 13541 8562434240 Access token created for user 35 via client w4KJwPzPtgoUPgEmQO3w5cs59yfRRWvlKalh3eKo
INFO 2026-02-25 09:34:19,529 signals 13541 8562434240 Access token created for user 36 via client cMqNpmA1STIgbNNhTVkiFgtpngQEh9eyT1VqLscP
WARNING 2026-02-25 09:34:19,535 log 13541 8562434240 Unauthorized: /api/oidc/userinfo/
INFO 2026-02-25 09:46:18,252 autoreload 9417 8562434240 /Users/dhrubajyotiborah/Documents/Projects/hcs_sso_with_oidc/apps/users/views.py changed, reloading.
ERROR 2026-02-25 09:46:19,212 apps 18803 8562434240 Failed to register custom backends: argument of type 'module' is not iterable
INFO 2026-02-25 09:46:19,212 apps 18803 8562434240 Enabled providers: Google, Facebook
INFO 2026-02-25 09:46:19,212 apps 18803 8562434240 ✅ Social authentication app initialized successfully
INFO 2026-02-25 09:46:19,221 autoreload 18803 8562434240 Watching for file changes with StatReloader
INFO 2026-02-25 09:47:01,255 autoreload 18803 8562434240 /Users/dhrubajyotiborah/Documents/Projects/hcs_sso_with_oidc/apps/users/views.py changed, reloading.
ERROR 2026-02-25 09:47:01,977 apps 19152 8562434240 Failed to register custom backends: argument of type 'module' is not iterable
INFO 2026-02-25 09:47:01,977 apps 19152 8562434240 Enabled providers: Google, Facebook
INFO 2026-02-25 09:47:01,978 apps 19152 8562434240 ✅ Social authentication app initialized successfully
INFO 2026-02-25 09:47:01,985 autoreload 19152 8562434240 Watching for file changes with StatReloader
INFO 2026-02-25 09:51:53,526 autoreload 19152 8562434240 /Users/dhrubajyotiborah/Documents/Projects/hcs_sso_with_oidc/apps/users/signals.py changed, reloading.
ERROR 2026-02-25 09:51:54,338 apps 21735 8562434240 Failed to register custom backends: argument of type 'module' is not iterable
INFO 2026-02-25 09:51:54,338 apps 21735 8562434240 Enabled providers: Google, Facebook
INFO 2026-02-25 09:51:54,338 apps 21735 8562434240 ✅ Social authentication app initialized successfully
INFO 2026-02-25 09:51:54,347 autoreload 21735 8562434240 Watching for file changes with StatReloader
INFO 2026-02-25 09:52:46,957 autoreload 21735 8562434240 /Users/dhrubajyotiborah/Documents/Projects/hcs_sso_with_oidc/apps/core/models.py changed, reloading.
ERROR 2026-02-25 09:52:47,698 apps 22306 8562434240 Failed to register custom backends: argument of type 'module' is not iterable
INFO 2026-02-25 09:52:47,698 apps 22306 8562434240 Enabled providers: Google, Facebook
INFO 2026-02-25 09:52:47,699 apps 22306 8562434240 ✅ Social authentication app initialized successfully
INFO 2026-02-25 09:52:47,707 autoreload 22306 8562434240 Watching for file changes with StatReloader
INFO 2026-02-25 10:03:02,943 autoreload 22306 8562434240 /Users/dhrubajyotiborah/Documents/Projects/hcs_sso_with_oidc/apps/users/signals.py changed, reloading.
INFO 2026-02-25 10:03:03,596 autoreload 27009 8562434240 Watching for file changes with StatReloader
INFO 2026-02-25 10:03:06,832 autoreload 27009 8562434240 /Users/dhrubajyotiborah/Documents/Projects/hcs_sso_with_oidc/apps/users/signals.py changed, reloading.
INFO 2026-02-25 10:03:07,255 autoreload 27046 8562434240 Watching for file changes with StatReloader
INFO 2026-02-25 10:03:48,917 autoreload 27046 8562434240 /Users/dhrubajyotiborah/Documents/Projects/hcs_sso_with_oidc/apps/users/signals.py changed, reloading.
ERROR 2026-02-25 10:03:49,635 apps 27567 8562434240 Failed to register custom backends: argument of type 'module' is not iterable
INFO 2026-02-25 10:03:49,635 apps 27567 8562434240 Enabled providers: Google, Facebook
INFO 2026-02-25 10:03:49,635 apps 27567 8562434240 ✅ Social authentication app initialized successfully
INFO 2026-02-25 10:03:49,645 autoreload 27567 8562434240 Watching for file changes with StatReloader
INFO 2026-02-25 10:03:50,973 autoreload 27567 8562434240 /Users/dhrubajyotiborah/Documents/Projects/hcs_sso_with_oidc/apps/users/signals.py changed, reloading.
ERROR 2026-02-25 10:03:51,559 apps 27571 8562434240 Failed to register custom backends: argument of type 'module' is not iterable
INFO 2026-02-25 10:03:51,559 apps 27571 8562434240 Enabled providers: Google, Facebook
INFO 2026-02-25 10:03:51,560 apps 27571 8562434240 ✅ Social authentication app initialized successfully
INFO 2026-02-25 10:03:51,566 autoreload 27571 8562434240 Watching for file changes with StatReloader
INFO 2026-02-25 10:04:26,440 autoreload 27571 8562434240 /Users/dhrubajyotiborah/Documents/Projects/hcs_sso_with_oidc/apps/users/serializers.py changed, reloading.
ERROR 2026-02-25 10:04:27,192 apps 28041 8562434240 Failed to register custom backends: argument of type 'module' is not iterable
INFO 2026-02-25 10:04:27,192 apps 28041 8562434240 Enabled providers: Google, Facebook
INFO 2026-02-25 10:04:27,193 apps 28041 8562434240 ✅ Social authentication app initialized successfully
INFO 2026-02-25 10:04:27,199 autoreload 28041 8562434240 Watching for file changes with StatReloader
INFO 2026-02-25 10:04:29,502 autoreload 28041 8562434240 /Users/dhrubajyotiborah/Documents/Projects/hcs_sso_with_oidc/apps/users/serializers.py changed, reloading.
ERROR 2026-02-25 10:04:30,187 apps 28079 8562434240 Failed to register custom backends: argument of type 'module' is not iterable
INFO 2026-02-25 10:04:30,187 apps 28079 8562434240 Enabled providers: Google, Facebook
INFO 2026-02-25 10:04:30,187 apps 28079 8562434240 ✅ Social authentication app initialized successfully
INFO 2026-02-25 10:04:30,193 autoreload 28079 8562434240 Watching for file changes with StatReloader
INFO 2026-02-25 10:05:22,005 autoreload 28079 8562434240 /Users/dhrubajyotiborah/Documents/Projects/hcs_sso_with_oidc/apps/users/serializers.py changed, reloading.
ERROR 2026-02-25 10:05:22,794 apps 28655 8562434240 Failed to register custom backends: argument of type 'module' is not iterable
INFO 2026-02-25 10:05:22,794 apps 28655 8562434240 Enabled providers: Google, Facebook
INFO 2026-02-25 10:05:22,794 apps 28655 8562434240 ✅ Social authentication app initialized successfully
INFO 2026-02-25 10:05:22,802 autoreload 28655 8562434240 Watching for file changes with StatReloader
INFO 2026-02-25 10:05:25,099 autoreload 28655 8562434240 /Users/dhrubajyotiborah/Documents/Projects/hcs_sso_with_oidc/apps/users/serializers.py changed, reloading.
ERROR 2026-02-25 10:05:25,627 apps 28693 8562434240 Failed to register custom backends: argument of type 'module' is not iterable
INFO 2026-02-25 10:05:25,627 apps 28693 8562434240 Enabled providers: Google, Facebook
INFO 2026-02-25 10:05:25,627 apps 28693 8562434240 ✅ Social authentication app initialized successfully
INFO 2026-02-25 10:05:25,632 autoreload 28693 8562434240 Watching for file changes with StatReloader
INFO 2026-02-25 10:12:00,449 autoreload 28693 8562434240 /Users/dhrubajyotiborah/Documents/Projects/hcs_sso_with_oidc/apps/core/models.py changed, reloading.
INFO 2026-02-25 10:12:01,029 autoreload 32076 8562434240 Watching for file changes with StatReloader
INFO 2026-02-25 10:12:09,324 autoreload 32076 8562434240 /Users/dhrubajyotiborah/Documents/Projects/hcs_sso_with_oidc/apps/core/models.py changed, reloading.
INFO 2026-02-25 10:12:09,817 autoreload 32143 8562434240 Watching for file changes with StatReloader
INFO 2026-02-25 10:12:39,352 autoreload 32143 8562434240 /Users/dhrubajyotiborah/Documents/Projects/hcs_sso_with_oidc/apps/core/models.py changed, reloading.
ERROR 2026-02-25 10:12:40,034 apps 32675 8562434240 Failed to register custom backends: argument of type 'module' is not iterable
INFO 2026-02-25 10:12:40,035 apps 32675 8562434240 Enabled providers: Google, Facebook
INFO 2026-02-25 10:12:40,035 apps 32675 8562434240 ✅ Social authentication app initialized successfully
INFO 2026-02-25 10:12:40,043 autoreload 32675 8562434240 Watching for file changes with StatReloader
INFO 2026-02-25 10:12:45,511 autoreload 32675 8562434240 /Users/dhrubajyotiborah/Documents/Projects/hcs_sso_with_oidc/apps/core/models.py changed, reloading.
ERROR 2026-02-25 10:12:46,251 apps 32730 8562434240 Failed to register custom backends: argument of type 'module' is not iterable
INFO 2026-02-25 10:12:46,251 apps 32730 8562434240 Enabled providers: Google, Facebook
INFO 2026-02-25 10:12:46,251 apps 32730 8562434240 ✅ Social authentication app initialized successfully
INFO 2026-02-25 10:12:46,258 autoreload 32730 8562434240 Watching for file changes with StatReloader
INFO 2026-02-25 10:13:38,919 autoreload 32730 8562434240 /Users/dhrubajyotiborah/Documents/Projects/hcs_sso_with_oidc/apps/users/signals.py changed, reloading.
ERROR 2026-02-25 10:13:39,675 apps 33589 8562434240 Failed to register custom backends: argument of type 'module' is not iterable
INFO 2026-02-25 10:13:39,676 apps 33589 8562434240 Enabled providers: Google, Facebook
INFO 2026-02-25 10:13:39,676 apps 33589 8562434240 ✅ Social authentication app initialized successfully
INFO 2026-02-25 10:13:39,683 autoreload 33589 8562434240 Watching for file changes with StatReloader
INFO 2026-02-25 10:13:47,276 autoreload 33589 8562434240 /Users/dhrubajyotiborah/Documents/Projects/hcs_sso_with_oidc/apps/users/signals.py changed, reloading.
ERROR 2026-02-25 10:13:47,821 apps 33738 8562434240 Failed to register custom backends: argument of type 'module' is not iterable
INFO 2026-02-25 10:13:47,821 apps 33738 8562434240 Enabled providers: Google, Facebook
INFO 2026-02-25 10:13:47,821 apps 33738 8562434240 ✅ Social authentication app initialized successfully
INFO 2026-02-25 10:13:47,827 autoreload 33738 8562434240 Watching for file changes with StatReloader
INFO 2026-02-25 10:15:50,247 autoreload 33738 8562434240 /Users/dhrubajyotiborah/Documents/Projects/hcs_sso_with_oidc/apps/users/signals.py changed, reloading.
ERROR 2026-02-25 10:15:52,423 apps 34706 8562434240 Failed to register custom backends: argument of type 'module' is not iterable
INFO 2026-02-25 10:15:52,423 apps 34706 8562434240 Enabled providers: Google, Facebook
INFO 2026-02-25 10:15:52,424 apps 34706 8562434240 ✅ Social authentication app initialized successfully
INFO 2026-02-25 10:15:52,434 autoreload 34706 8562434240 Watching for file changes with StatReloader
INFO 2026-02-25 10:15:56,902 autoreload 34706 8562434240 /Users/dhrubajyotiborah/Documents/Projects/hcs_sso_with_oidc/apps/users/signals.py changed, reloading.
ERROR 2026-02-25 10:15:57,588 apps 34773 8562434240 Failed to register custom backends: argument of type 'module' is not iterable
INFO 2026-02-25 10:15:57,588 apps 34773 8562434240 Enabled providers: Google, Facebook
INFO 2026-02-25 10:15:57,588 apps 34773 8562434240 ✅ Social authentication app initialized successfully
INFO 2026-02-25 10:15:57,594 autoreload 34773 8562434240 Watching for file changes with StatReloader
WARNING 2026-02-25 10:18:09,039 log 36105 8562434240 Bad Request: /api/oidc/register/
WARNING 2026-02-25 10:18:09,314 log 36105 8562434240 Unauthorized: /api/oidc/register/
INFO 2026-02-25 10:18:09,822 client 36105 8562434240 New client registered: xmCyY5oWFnLpRKBplI5WQRYEolNk7C2VaKox0x3I by user 3
WARNING 2026-02-25 10:18:10,084 log 36105 8562434240 Method Not Allowed: /api/oidc/register/
WARNING 2026-02-25 10:18:10,136 log 36105 8562434240 Method Not Allowed: /api/oidc/jwks/
WARNING 2026-02-25 10:18:10,154 permissions 36105 8562434240 Invalid Basic Auth header from 127.0.0.1
WARNING 2026-02-25 10:18:10,156 permissions 36105 8562434240 Invalid client secret for client_id clientid from 127.0.0.1
INFO 2026-02-25 10:18:10,157 permissions 36105 8562434240 Client clientid authenticated from 127.0.0.1
INFO 2026-02-25 10:18:10,159 permissions 36105 8562434240 Client clientid authenticated from 127.0.0.1
WARNING 2026-02-25 10:18:10,160 permissions 36105 8562434240 Invalid client secret for client_id clientid from 127.0.0.1
WARNING 2026-02-25 10:18:10,161 permissions 36105 8562434240 Missing client credentials from 127.0.0.1
WARNING 2026-02-25 10:18:10,162 permissions 36105 8562434240 Invalid client secret for client_id unknown from 127.0.0.1
WARNING 2026-02-25 10:18:10,189 log 36105 8562434240 Method Not Allowed: /api/oidc/provider-info/
INFO 2026-02-25 10:18:10,744 signals 36105 8562434240 Access token created for user 5 via client dqBtw9sgdKdNmfOkRIko5WlEHOBc4ZY5dLGK34xM
INFO 2026-02-25 10:18:11,288 signals 36105 8562434240 Access token created for user 6 via client NFIscryFAWxLkvd53T6hvnYONlJLGPMqn7RoL5In
WARNING 2026-02-25 10:18:11,299 log 36105 8562434240 Not Found: /api/oidc/sessions/99999/
INFO 2026-02-25 10:18:11,788 signals 36105 8562434240 Access token created for user 7 via client yoCCJfBEoyaP4Mg0mJEJp5KTTVk0qWz3OzGkTczB
WARNING 2026-02-25 10:18:11,794 log 36105 8562434240 Unauthorized: /api/oidc/sessions/1/
INFO 2026-02-25 10:18:12,279 signals 36105 8562434240 Access token created for user 8 via client eaujXJq7mzUlLCAeI52vQcHVK0aTDRHK9fUDr5ud
WARNING 2026-02-25 10:18:12,284 log 36105 8562434240 Unauthorized: /api/oidc/sessions/1/
INFO 2026-02-25 10:18:12,813 signals 36105 8562434240 Access token created for user 9 via client C99JnUV51caXktCBvfBQswUy98S5i9bSqTybrljA
INFO 2026-02-25 10:18:13,322 signals 36105 8562434240 Access token created for user 10 via client 7POUPT68PFFc3qjMVFiTB0a8o24e624tUJv4LYfO
WARNING 2026-02-25 10:18:13,327 log 36105 8562434240 Unauthorized: /api/oidc/sessions/
INFO 2026-02-25 10:18:13,919 signals 36105 8562434240 Access token created for user 11 via client oCbf4soA8OS6HDiBVOOAvwewZJl8b1wplxwqy6JV
WARNING 2026-02-25 10:18:13,929 log 36105 8562434240 Unauthorized: /api/oidc/sessions/
INFO 2026-02-25 10:18:14,418 signals 36105 8562434240 Access token created for user 12 via client zVr8e6DAR0xRRkG9r7KnZzfGVijFj8NFUGp5FSCb
INFO 2026-02-25 10:18:14,419 signals 36105 8562434240 Access token created for user 12 via client zVr8e6DAR0xRRkG9r7KnZzfGVijFj8NFUGp5FSCb
WARNING 2026-02-25 10:18:14,430 log 36105 8562434240 Unauthorized: /api/oidc/sessions/
INFO 2026-02-25 10:18:14,918 signals 36105 8562434240 Access token created for user 13 via client wH9bCHH2sJb6UTKQreSkyRnUlHzkcGztjYKJRW8C
WARNING 2026-02-25 10:18:14,930 log 36105 8562434240 Unauthorized: /api/oidc/sessions/
INFO 2026-02-25 10:18:15,415 signals 36105 8562434240 Access token created for user 14 via client hsaX5cajrzVW1TFPcXjvXJT4eCLH0qQoQvE7G733
WARNING 2026-02-25 10:18:15,420 log 36105 8562434240 Unauthorized: /api/oidc/sessions/
INFO 2026-02-25 10:18:15,908 signals 36105 8562434240 Access token created for user 15 via client Zzvr2jIFfoTTK6UN70dzKsoUV65bomcRmzONWTrL
WARNING 2026-02-25 10:18:15,913 log 36105 8562434240 Unauthorized: /api/oidc/sessions/
INFO 2026-02-25 10:18:16,428 signals 36105 8562434240 Access token created for user 16 via client 6nYiKROcHrE0PMcrmEhellXf6wNgksJqO0V7THDl
WARNING 2026-02-25 10:18:16,433 log 36105 8562434240 Unauthorized: /api/oidc/sessions/
INFO 2026-02-25 10:18:18,737 signals 36105 8562434240 Access token created for user 24 via client G8Ru5BNF3wiDVXwr7n6eppyx6i41YnQwkVEa2Z6O
INFO 2026-02-25 10:18:18,750 permissions 36105 8562434240 Client G8Ru5BNF3wiDVXwr7n6eppyx6i41YnQwkVEa2Z6O authenticated from 127.0.0.1
INFO 2026-02-25 10:18:18,758 token 36105 8562434240 Access token revoked: GYm0FWuXqU...
INFO 2026-02-25 10:18:19,264 signals 36105 8562434240 Access token created for user 25 via client 2b5GNtNyh6rpPw2xEXuGSd6VhNvYjZHhsUjpH467
INFO 2026-02-25 10:18:19,268 permissions 36105 8562434240 Client 2b5GNtNyh6rpPw2xEXuGSd6VhNvYjZHhsUjpH467 authenticated from 127.0.0.1
INFO 2026-02-25 10:18:19,769 signals 36105 8562434240 Access token created for user 26 via client 6aDXV1LQkppS53kVOKioD1LPBDM17OfhRjSMePVi
INFO 2026-02-25 10:18:19,773 permissions 36105 8562434240 Client 6aDXV1LQkppS53kVOKioD1LPBDM17OfhRjSMePVi authenticated from 127.0.0.1
INFO 2026-02-25 10:18:19,778 token 36105 8562434240 Refresh token revoked: dXrTwEtohk...
INFO 2026-02-25 10:18:20,295 signals 36105 8562434240 Access token created for user 27 via client nsxt2hKfbtq7JrhGNjc7Yfz4ZdQHwtnUECi3tjGv
INFO 2026-02-25 10:18:20,299 permissions 36105 8562434240 Client nsxt2hKfbtq7JrhGNjc7Yfz4ZdQHwtnUECi3tjGv authenticated from 127.0.0.1
WARNING 2026-02-25 10:18:20,305 log 36105 8562434240 Bad Request: /api/oidc/revoke/
INFO 2026-02-25 10:18:20,798 signals 36105 8562434240 Access token created for user 28 via client Gl8tTUn2rMxGWrKKOgG12jPoYt7lYGvoF2RcgpRI
WARNING 2026-02-25 10:18:20,804 log 36105 8562434240 Method Not Allowed: /api/oidc/revoke/
INFO 2026-02-25 10:18:21,291 signals 36105 8562434240 Access token created for user 29 via client rdUmWqUiSQ3wJ6yAnpbD4xxkXRGkPf1SzdI1TZ2V
INFO 2026-02-25 10:18:21,295 permissions 36105 8562434240 Client rdUmWqUiSQ3wJ6yAnpbD4xxkXRGkPf1SzdI1TZ2V authenticated from 127.0.0.1
WARNING 2026-02-25 10:18:21,301 log 36105 8562434240 Bad Request: /api/oidc/revoke/
INFO 2026-02-25 10:18:21,797 signals 36105 8562434240 Access token created for user 30 via client MU7qq7LtWsy55tVOE1y2SNuJcOu6LhHx6D0e5Gvp
WARNING 2026-02-25 10:18:21,801 permissions 36105 8562434240 Unknown client_id wrongid from 127.0.0.1
WARNING 2026-02-25 10:18:21,808 log 36105 8562434240 Unauthorized: /api/oidc/revoke/
INFO 2026-02-25 10:18:22,322 signals 36105 8562434240 Access token created for user 31 via client n6yQ2MLkYQ0guecXPHrTrbngDBDQSOscVGfEAKh3
WARNING 2026-02-25 10:18:22,324 permissions 36105 8562434240 Missing client credentials from 127.0.0.1
WARNING 2026-02-25 10:18:22,328 log 36105 8562434240 Unauthorized: /api/oidc/revoke/
INFO 2026-02-25 10:18:22,364 validators 36105 8562434240 Token issued for user 1 via test_idp
INFO 2026-02-25 10:18:22,883 signals 36105 8562434240 Access token created for user 32 via client test_client_id
INFO 2026-02-25 10:18:22,889 permissions 36105 8562434240 Client test_client_id authenticated from 127.0.0.1
INFO 2026-02-25 10:18:23,399 signals 36105 8562434240 Access token created for user 33 via client test_client_id
INFO 2026-02-25 10:18:23,402 permissions 36105 8562434240 Client test_client_id authenticated from 127.0.0.1
INFO 2026-02-25 10:18:23,912 signals 36105 8562434240 Access token created for user 34 via client test_client_id
WARNING 2026-02-25 10:18:23,915 permissions 36105 8562434240 Unknown client_id bad from 127.0.0.1
WARNING 2026-02-25 10:18:23,921 log 36105 8562434240 Unauthorized: /api/oidc/introspect/
INFO 2026-02-25 10:18:24,429 signals 36105 8562434240 Access token created for user 35 via client sGrgaKAU2FnnSaUVCe8wV7XG7xgMSJkV1vcmBrHA
INFO 2026-02-25 10:18:24,957 signals 36105 8562434240 Access token created for user 36 via client Z2vi6xgoAiNq4CxWp0eOxOHqTD7lzmgsa010XpQc
WARNING 2026-02-25 10:18:24,962 log 36105 8562434240 Unauthorized: /api/oidc/userinfo/
WARNING 2026-02-25 10:19:19,539 log 36722 8562434240 Bad Request: /api/oidc/register/
WARNING 2026-02-25 10:19:19,812 log 36722 8562434240 Unauthorized: /api/oidc/register/
INFO 2026-02-25 10:19:20,333 client 36722 8562434240 New client registered: jww9wMByYODVPO5Bqc6347ID2yXL6Xd4uaG05uWr by user 13
WARNING 2026-02-25 10:19:20,600 log 36722 8562434240 Method Not Allowed: /api/oidc/register/
WARNING 2026-02-25 10:19:20,648 log 36722 8562434240 Method Not Allowed: /api/oidc/jwks/
WARNING 2026-02-25 10:19:20,673 permissions 36722 8562434240 Invalid Basic Auth header from 127.0.0.1
WARNING 2026-02-25 10:19:20,678 permissions 36722 8562434240 Invalid client secret for client_id clientid from 127.0.0.1
INFO 2026-02-25 10:19:20,680 permissions 36722 8562434240 Client clientid authenticated from 127.0.0.1
INFO 2026-02-25 10:19:20,681 permissions 36722 8562434240 Client clientid authenticated from 127.0.0.1
WARNING 2026-02-25 10:19:20,684 permissions 36722 8562434240 Invalid client secret for client_id clientid from 127.0.0.1
WARNING 2026-02-25 10:19:20,685 permissions 36722 8562434240 Missing client credentials from 127.0.0.1
WARNING 2026-02-25 10:19:20,687 permissions 36722 8562434240 Invalid client secret for client_id unknown from 127.0.0.1
WARNING 2026-02-25 10:19:20,720 log 36722 8562434240 Method Not Allowed: /api/oidc/provider-info/
INFO 2026-02-25 10:19:21,276 signals 36722 8562434240 Access token created for user 15 via client 2gcTcf1xJ6LIxp6LkdnTz2ouqPUOg4yyhhDwnYQ0
INFO 2026-02-25 10:19:21,818 signals 36722 8562434240 Access token created for user 16 via client hpyHXR4glsgrjHrERHPnvFINCBlvNM5NPLWsTe3w
WARNING 2026-02-25 10:19:21,835 log 36722 8562434240 Not Found: /api/oidc/sessions/99999/
INFO 2026-02-25 10:19:22,320 signals 36722 8562434240 Access token created for user 17 via client NMUDrZNl1C6Ms7ayh7HAwVfxoGTY5kEfvmD7wUKX
WARNING 2026-02-25 10:19:22,325 log 36722 8562434240 Unauthorized: /api/oidc/sessions/1/
INFO 2026-02-25 10:19:22,814 signals 36722 8562434240 Access token created for user 18 via client bf9rSCiS43TNbVT3lGG7wiq6cTMyr7VeYfCyHqEW
WARNING 2026-02-25 10:19:22,820 log 36722 8562434240 Unauthorized: /api/oidc/sessions/1/
INFO 2026-02-25 10:19:23,336 signals 36722 8562434240 Access token created for user 19 via client TSII8oMaHKNlC56jAzwIJDTn1NebSqCPEJMq4V8t
INFO 2026-02-25 10:19:23,849 signals 36722 8562434240 Access token created for user 20 via client ELOKUJp774qrAyKGKjm1HNvPI7BdZZOPJU0gPe4U
WARNING 2026-02-25 10:19:23,854 log 36722 8562434240 Unauthorized: /api/oidc/sessions/
INFO 2026-02-25 10:19:24,338 signals 36722 8562434240 Access token created for user 21 via client nDKr2GBmcNC4XxsHdXgKfxdyXEzyiQtl34Aqq7PJ
WARNING 2026-02-25 10:19:24,344 log 36722 8562434240 Unauthorized: /api/oidc/sessions/
INFO 2026-02-25 10:19:24,830 signals 36722 8562434240 Access token created for user 22 via client JBSK78lxZfQh2mDEf6TMOFd4Ms1gSa8LMvZP1YLg
INFO 2026-02-25 10:19:24,831 signals 36722 8562434240 Access token created for user 22 via client JBSK78lxZfQh2mDEf6TMOFd4Ms1gSa8LMvZP1YLg
WARNING 2026-02-25 10:19:24,842 log 36722 8562434240 Unauthorized: /api/oidc/sessions/
INFO 2026-02-25 10:19:25,329 signals 36722 8562434240 Access token created for user 23 via client iSaf2BRrOHEpWTGwXrQeg87DyqJqR2RST0FoI0R5
WARNING 2026-02-25 10:19:25,340 log 36722 8562434240 Unauthorized: /api/oidc/sessions/
INFO 2026-02-25 10:19:25,941 signals 36722 8562434240 Access token created for user 24 via client dIHttGF6VydY1AzmhVbdsxSa4YDifSXmE9mINPBt
WARNING 2026-02-25 10:19:25,948 log 36722 8562434240 Unauthorized: /api/oidc/sessions/
INFO 2026-02-25 10:19:26,436 signals 36722 8562434240 Access token created for user 25 via client BipRbefikZc6pBJd1p0Q4c0RIlVFJj2YasmrvgLi
WARNING 2026-02-25 10:19:26,441 log 36722 8562434240 Unauthorized: /api/oidc/sessions/
INFO 2026-02-25 10:19:26,931 signals 36722 8562434240 Access token created for user 26 via client 2vzldIHpmh2sELttYfA0Xs8LGufaSa1uJF7MwyDI
WARNING 2026-02-25 10:19:26,937 log 36722 8562434240 Unauthorized: /api/oidc/sessions/
INFO 2026-02-25 10:19:29,219 signals 36722 8562434240 Access token created for user 34 via client PfFvI5xSb1sCapXnLPiK01AWWC94YB2leLNBuPU9
INFO 2026-02-25 10:19:29,231 permissions 36722 8562434240 Client PfFvI5xSb1sCapXnLPiK01AWWC94YB2leLNBuPU9 authenticated from 127.0.0.1
INFO 2026-02-25 10:19:29,240 token 36722 8562434240 Access token revoked: tH8O44Z8Bz...
INFO 2026-02-25 10:19:29,743 signals 36722 8562434240 Access token created for user 35 via client hs1Q8z4Aq7LVn3WVi7JnzBa59d6i1pLI1N2BToly
INFO 2026-02-25 10:19:29,747 permissions 36722 8562434240 Client hs1Q8z4Aq7LVn3WVi7JnzBa59d6i1pLI1N2BToly authenticated from 127.0.0.1
INFO 2026-02-25 10:19:30,247 signals 36722 8562434240 Access token created for user 36 via client rn3uq2KzeCzRXSyxOb1tbDtO1zChmxMWcabpIwOQ
INFO 2026-02-25 10:19:30,251 permissions 36722 8562434240 Client rn3uq2KzeCzRXSyxOb1tbDtO1zChmxMWcabpIwOQ authenticated from 127.0.0.1
INFO 2026-02-25 10:19:30,256 token 36722 8562434240 Refresh token revoked: zMWSx1rjzb...
INFO 2026-02-25 10:19:30,755 signals 36722 8562434240 Access token created for user 37 via client bwT2EvPZPL2h7J5A3JNMBHIJu94hxUilC4WY7HuC
INFO 2026-02-25 10:19:30,759 permissions 36722 8562434240 Client bwT2EvPZPL2h7J5A3JNMBHIJu94hxUilC4WY7HuC authenticated from 127.0.0.1
WARNING 2026-02-25 10:19:30,765 log 36722 8562434240 Bad Request: /api/oidc/revoke/
INFO 2026-02-25 10:19:31,262 signals 36722 8562434240 Access token created for user 38 via client xqIfi1dS0fLxpvex4lJY1qhV7WrmY3deDciMwzAD
WARNING 2026-02-25 10:19:31,268 log 36722 8562434240 Method Not Allowed: /api/oidc/revoke/
INFO 2026-02-25 10:19:31,752 signals 36722 8562434240 Access token created for user 39 via client dX5AQjdQMA71ahnXkNJyhPACn3gHopoAVRiKVTxn
INFO 2026-02-25 10:19:31,755 permissions 36722 8562434240 Client dX5AQjdQMA71ahnXkNJyhPACn3gHopoAVRiKVTxn authenticated from 127.0.0.1
WARNING 2026-02-25 10:19:31,759 log 36722 8562434240 Bad Request: /api/oidc/revoke/
INFO 2026-02-25 10:19:32,263 signals 36722 8562434240 Access token created for user 40 via client 8UOdNyrUxlSbGaUoVT4X5E1sVPSuakYGu9HLGvQQ
WARNING 2026-02-25 10:19:32,267 permissions 36722 8562434240 Unknown client_id wrongid from 127.0.0.1
WARNING 2026-02-25 10:19:32,274 log 36722 8562434240 Unauthorized: /api/oidc/revoke/
INFO 2026-02-25 10:19:32,758 signals 36722 8562434240 Access token created for user 41 via client imyMyviAg4giNhj9toWpKfMUB5vlYa9GLfD2Rc5I
WARNING 2026-02-25 10:19:32,760 permissions 36722 8562434240 Missing client credentials from 127.0.0.1
WARNING 2026-02-25 10:19:32,764 log 36722 8562434240 Unauthorized: /api/oidc/revoke/
INFO 2026-02-25 10:19:32,795 validators 36722 8562434240 Token issued for user 1 via test_idp
INFO 2026-02-25 10:19:33,308 signals 36722 8562434240 Access token created for user 42 via client test_client_id
INFO 2026-02-25 10:19:33,313 permissions 36722 8562434240 Client test_client_id authenticated from 127.0.0.1
INFO 2026-02-25 10:19:33,825 signals 36722 8562434240 Access token created for user 43 via client test_client_id
INFO 2026-02-25 10:19:33,828 permissions 36722 8562434240 Client test_client_id authenticated from 127.0.0.1
INFO 2026-02-25 10:19:34,336 signals 36722 8562434240 Access token created for user 44 via client test_client_id
WARNING 2026-02-25 10:19:34,339 permissions 36722 8562434240 Unknown client_id bad from 127.0.0.1
WARNING 2026-02-25 10:19:34,345 log 36722 8562434240 Unauthorized: /api/oidc/introspect/
INFO 2026-02-25 10:19:34,849 signals 36722 8562434240 Access token created for user 45 via client nVss2JmebPTFZu7mdpdCsD57HecJ1iR71OvOJcD0
INFO 2026-02-25 10:19:35,371 signals 36722 8562434240 Access token created for user 46 via client AEw1cE4tfR74Jg9ys9jTZphuwi3K9OZqHxIvED3K
WARNING 2026-02-25 10:19:35,376 log 36722 8562434240 Unauthorized: /api/oidc/userinfo/
WARNING 2026-02-25 10:20:11,447 log 37232 8562434240 Bad Request: /api/oidc/register/
WARNING 2026-02-25 10:20:11,720 log 37232 8562434240 Unauthorized: /api/oidc/register/
INFO 2026-02-25 10:20:12,240 client 37232 8562434240 New client registered: xu49ZIy7cyjMBleunUn3w54t2FKAqfF4fu1NCvXn by user 13
WARNING 2026-02-25 10:20:12,508 log 37232 8562434240 Method Not Allowed: /api/oidc/register/
WARNING 2026-02-25 10:20:12,550 log 37232 8562434240 Method Not Allowed: /api/oidc/jwks/
WARNING 2026-02-25 10:20:12,576 permissions 37232 8562434240 Invalid Basic Auth header from 127.0.0.1
WARNING 2026-02-25 10:20:12,577 permissions 37232 8562434240 Invalid client secret for client_id clientid from 127.0.0.1
INFO 2026-02-25 10:20:12,579 permissions 37232 8562434240 Client clientid authenticated from 127.0.0.1
INFO 2026-02-25 10:20:12,581 permissions 37232 8562434240 Client clientid authenticated from 127.0.0.1
WARNING 2026-02-25 10:20:12,582 permissions 37232 8562434240 Invalid client secret for client_id clientid from 127.0.0.1
WARNING 2026-02-25 10:20:12,584 permissions 37232 8562434240 Missing client credentials from 127.0.0.1
WARNING 2026-02-25 10:20:12,585 permissions 37232 8562434240 Invalid client secret for client_id unknown from 127.0.0.1
WARNING 2026-02-25 10:20:12,612 log 37232 8562434240 Method Not Allowed: /api/oidc/provider-info/
INFO 2026-02-25 10:20:13,179 signals 37232 8562434240 Access token created for user 15 via client 4mrADtcSGQtPQFQOMiqrLW32bdl7UpOFlFmriVNT
INFO 2026-02-25 10:20:13,718 signals 37232 8562434240 Access token created for user 16 via client y2wa9ZxI0DZrOomd7Zpu0se92m5GlECYyXky1lW4
WARNING 2026-02-25 10:20:13,734 log 37232 8562434240 Not Found: /api/oidc/sessions/99999/
INFO 2026-02-25 10:20:14,232 signals 37232 8562434240 Access token created for user 17 via client Szcxz9XZmt29zKNwHpepry9Tp6D0vGoK503DkXVD
WARNING 2026-02-25 10:20:14,237 log 37232 8562434240 Unauthorized: /api/oidc/sessions/1/
INFO 2026-02-25 10:20:14,723 signals 37232 8562434240 Access token created for user 18 via client SxYFEoEEanrYt5KZCq2OTCOmMjX3VntImgAwKipf
WARNING 2026-02-25 10:20:14,728 log 37232 8562434240 Unauthorized: /api/oidc/sessions/1/
INFO 2026-02-25 10:20:15,249 signals 37232 8562434240 Access token created for user 19 via client ZFaPdJHzkuxcaZBWTmPZHp3VLaw98yEYJFBy392g
INFO 2026-02-25 10:20:15,760 signals 37232 8562434240 Access token created for user 20 via client 5AX8J5iDE0MQen9OLCF7UFpbrM2ozIprEfNyjbvF
WARNING 2026-02-25 10:20:15,765 log 37232 8562434240 Unauthorized: /api/oidc/sessions/
INFO 2026-02-25 10:20:16,259 signals 37232 8562434240 Access token created for user 21 via client pFdsyVfezDHBeLblo4fbaD3bmMr7a6Du6wefEYXS
WARNING 2026-02-25 10:20:16,264 log 37232 8562434240 Unauthorized: /api/oidc/sessions/
INFO 2026-02-25 10:20:16,750 signals 37232 8562434240 Access token created for user 22 via client ZOYSnLxvmyTu6xB54VLLrEf7tV4VGp0XsiWv3qPC
INFO 2026-02-25 10:20:16,751 signals 37232 8562434240 Access token created for user 22 via client ZOYSnLxvmyTu6xB54VLLrEf7tV4VGp0XsiWv3qPC
WARNING 2026-02-25 10:20:16,762 log 37232 8562434240 Unauthorized: /api/oidc/sessions/
INFO 2026-02-25 10:20:17,251 signals 37232 8562434240 Access token created for user 23 via client 5aPUiw4g1DSJKI44MOcNPdaX7Q0PAKPLuuzR94z4
WARNING 2026-02-25 10:20:17,261 log 37232 8562434240 Unauthorized: /api/oidc/sessions/
INFO 2026-02-25 10:20:17,748 signals 37232 8562434240 Access token created for user 24 via client xzRECmQA6HHKZETve01lXHIdIZmTLTHvazHZ4qoM
WARNING 2026-02-25 10:20:17,753 log 37232 8562434240 Unauthorized: /api/oidc/sessions/
INFO 2026-02-25 10:20:18,243 signals 37232 8562434240 Access token created for user 25 via client dM1IvcCSoxjFU0SjArf9aGjqaKJ8dyYvg7wUaVVI
WARNING 2026-02-25 10:20:18,248 log 37232 8562434240 Unauthorized: /api/oidc/sessions/
INFO 2026-02-25 10:20:18,734 signals 37232 8562434240 Access token created for user 26 via client GBvsdlqB31XWV3tDpc14xYHVRjmENLaeH5hynZkJ
WARNING 2026-02-25 10:20:18,739 log 37232 8562434240 Unauthorized: /api/oidc/sessions/
INFO 2026-02-25 10:20:21,037 signals 37232 8562434240 Access token created for user 34 via client KmSlxMfyOc4wye3X0mJSyosiCnjwDKe84OXbQsSx
INFO 2026-02-25 10:20:21,050 permissions 37232 8562434240 Client KmSlxMfyOc4wye3X0mJSyosiCnjwDKe84OXbQsSx authenticated from 127.0.0.1
INFO 2026-02-25 10:20:21,058 token 37232 8562434240 Access token revoked: L0crWj8aSY...
INFO 2026-02-25 10:20:21,570 signals 37232 8562434240 Access token created for user 35 via client dsBvPQRJL8P4ynPXTjZMC26MyV6Gkdv9WH6YQsTT
INFO 2026-02-25 10:20:21,574 permissions 37232 8562434240 Client dsBvPQRJL8P4ynPXTjZMC26MyV6Gkdv9WH6YQsTT authenticated from 127.0.0.1
INFO 2026-02-25 10:20:22,073 signals 37232 8562434240 Access token created for user 36 via client PTYYFXsuLEIqJ2PHeFURC9xgLB2sOZO7tTOJHfZ0
INFO 2026-02-25 10:20:22,077 permissions 37232 8562434240 Client PTYYFXsuLEIqJ2PHeFURC9xgLB2sOZO7tTOJHfZ0 authenticated from 127.0.0.1
INFO 2026-02-25 10:20:22,082 token 37232 8562434240 Refresh token revoked: tIxn9Ndq9k...
INFO 2026-02-25 10:20:22,591 signals 37232 8562434240 Access token created for user 37 via client FFtvHBFe7IJVliGEcVcLc6NSkm8TmBWA4NNPiNCf
INFO 2026-02-25 10:20:22,595 permissions 37232 8562434240 Client FFtvHBFe7IJVliGEcVcLc6NSkm8TmBWA4NNPiNCf authenticated from 127.0.0.1
WARNING 2026-02-25 10:20:22,601 log 37232 8562434240 Bad Request: /api/oidc/revoke/
INFO 2026-02-25 10:20:23,088 signals 37232 8562434240 Access token created for user 38 via client C0ytFWbZagYJAdFcNmvRKVJp3f5O7PETpyX6R9T4
WARNING 2026-02-25 10:20:23,094 log 37232 8562434240 Method Not Allowed: /api/oidc/revoke/
INFO 2026-02-25 10:20:23,586 signals 37232 8562434240 Access token created for user 39 via client xEyK1Y8J44FNtnarDotaC8HgpTLCfSQEwYiW4YLE
INFO 2026-02-25 10:20:23,590 permissions 37232 8562434240 Client xEyK1Y8J44FNtnarDotaC8HgpTLCfSQEwYiW4YLE authenticated from 127.0.0.1
WARNING 2026-02-25 10:20:23,596 log 37232 8562434240 Bad Request: /api/oidc/revoke/
INFO 2026-02-25 10:20:24,083 signals 37232 8562434240 Access token created for user 40 via client eZNVTMA9ms5NLRjmliqbzL9T1bNqO6C0DjMvEhKO
WARNING 2026-02-25 10:20:24,087 permissions 37232 8562434240 Unknown client_id wrongid from 127.0.0.1
WARNING 2026-02-25 10:20:24,095 log 37232 8562434240 Unauthorized: /api/oidc/revoke/
INFO 2026-02-25 10:20:24,588 signals 37232 8562434240 Access token created for user 41 via client hwiruzp5O0pCZPq2V6CbiEHG2QS6Lxjt44A4LxXM
WARNING 2026-02-25 10:20:24,590 permissions 37232 8562434240 Missing client credentials from 127.0.0.1
WARNING 2026-02-25 10:20:24,594 log 37232 8562434240 Unauthorized: /api/oidc/revoke/
INFO 2026-02-25 10:20:24,632 validators 37232 8562434240 Token issued for user 1 via test_idp
INFO 2026-02-25 10:20:25,137 signals 37232 8562434240 Access token created for user 42 via client test_client_id
INFO 2026-02-25 10:20:25,143 permissions 37232 8562434240 Client test_client_id authenticated from 127.0.0.1
INFO 2026-02-25 10:20:25,754 signals 37232 8562434240 Access token created for user 43 via client test_client_id
INFO 2026-02-25 10:20:25,759 permissions 37232 8562434240 Client test_client_id authenticated from 127.0.0.1
INFO 2026-02-25 10:20:26,266 signals 37232 8562434240 Access token created for user 44 via client test_client_id
WARNING 2026-02-25 10:20:26,270 permissions 37232 8562434240 Unknown client_id bad from 127.0.0.1
WARNING 2026-02-25 10:20:26,275 log 37232 8562434240 Unauthorized: /api/oidc/introspect/
INFO 2026-02-25 10:20:26,792 signals 37232 8562434240 Access token created for user 45 via client CtpeMIY4mmNc1LQjletTqtc9SS7hzv9eVsV7NPb8
INFO 2026-02-25 10:20:27,311 signals 37232 8562434240 Access token created for user 46 via client w4XHlnPf77U54mR0WyPm8lHtOhEzK7PFgpThLxXf
WARNING 2026-02-25 10:20:27,316 log 37232 8562434240 Unauthorized: /api/oidc/userinfo/
INFO 2026-02-25 10:20:27,375 pipeline 37232 8562434240 Updated UserProfile for test@example.com via google-oauth2
WARNING 2026-02-25 10:20:27,396 pipeline 37232 8562434240 Email domain notallowed.com not allowed for google-oauth2. Allowed domains: ['example.com']
WARNING 2026-02-25 10:20:27,398 pipeline 37232 8562434240 No email provided for google-oauth2 authentication
WARNING 2026-02-25 10:20:27,398 pipeline 37232 8562434240 No email provided for google-oauth2 authentication
INFO 2026-02-25 10:20:27,430 pipeline 37232 8562434240 Social auth attempt via google-oauth2 for email: newuser@example.com
INFO 2026-02-25 10:20:27,448 pipeline 37232 8562434240 Updated UserProfile for newuser@example.com via google-oauth2
INFO 2026-02-25 10:20:27,463 pipeline 37232 8562434240 Social auth attempt via google-oauth2 for email: user@forbidden.com
WARNING 2026-02-25 10:20:27,463 pipeline 37232 8562434240 Email domain forbidden.com not allowed for google-oauth2. Allowed domains: ['allowed.com']
INFO 2026-02-25 10:20:27,464 pipeline 37232 8562434240 Social auth attempt via google-oauth2 for email: user@example.com
INFO 2026-02-25 10:22:17,525 pipeline 38324 8562434240 Updated UserProfile for test@example.com via google-oauth2
INFO 2026-02-25 10:22:17,537 pipeline 38324 8562434240 Updated UserProfile for test@example.com via google-oauth2
WARNING 2026-02-25 10:22:17,576 pipeline 38324 8562434240 Email domain notallowed.com not allowed for google-oauth2. Allowed domains: ['example.com']
WARNING 2026-02-25 10:22:17,577 pipeline 38324 8562434240 No email provided for google-oauth2 authentication
WARNING 2026-02-25 10:22:17,577 pipeline 38324 8562434240 No email provided for google-oauth2 authentication
INFO 2026-02-25 10:22:17,599 pipeline 38324 8562434240 Social auth attempt via google-oauth2 for email: newuser@example.com
INFO 2026-02-25 10:22:17,609 pipeline 38324 8562434240 Updated UserProfile for newuser@example.com via google-oauth2
INFO 2026-02-25 10:22:17,623 pipeline 38324 8562434240 Social auth attempt via google-oauth2 for email: user@forbidden.com
WARNING 2026-02-25 10:22:17,623 pipeline 38324 8562434240 Email domain forbidden.com not allowed for google-oauth2. Allowed domains: ['allowed.com']
INFO 2026-02-25 10:22:17,624 pipeline 38324 8562434240 Social auth attempt via google-oauth2 for email: user@example.com
INFO 2026-02-25 10:23:58,252 pipeline 40144 8562434240 Updated UserProfile for test@example.com via google-oauth2
INFO 2026-02-25 10:23:58,264 pipeline 40144 8562434240 Updated UserProfile for test@example.com via google-oauth2
WARNING 2026-02-25 10:23:58,302 pipeline 40144 8562434240 Email domain notallowed.com not allowed for google-oauth2. Allowed domains: ['example.com']
WARNING 2026-02-25 10:23:58,304 pipeline 40144 8562434240 No email provided for google-oauth2 authentication
WARNING 2026-02-25 10:23:58,304 pipeline 40144 8562434240 No email provided for google-oauth2 authentication
INFO 2026-02-25 10:23:58,328 pipeline 40144 8562434240 Social auth attempt via google-oauth2 for email: newuser@example.com
INFO 2026-02-25 10:23:58,339 pipeline 40144 8562434240 Updated UserProfile for newuser@example.com via google-oauth2
INFO 2026-02-25 10:23:58,355 pipeline 40144 8562434240 Social auth attempt via google-oauth2 for email: user@forbidden.com
WARNING 2026-02-25 10:23:58,355 pipeline 40144 8562434240 Email domain forbidden.com not allowed for google-oauth2. Allowed domains: ['allowed.com']
INFO 2026-02-25 10:23:58,356 pipeline 40144 8562434240 Social auth attempt via google-oauth2 for email: user@example.com
INFO 2026-02-25 10:24:24,315 pipeline 40470 8562434240 Updated UserProfile for test@example.com via google-oauth2
INFO 2026-02-25 10:24:24,327 pipeline 40470 8562434240 Updated UserProfile for test@example.com via google-oauth2
WARNING 2026-02-25 10:24:24,365 pipeline 40470 8562434240 Email domain notallowed.com not allowed for google-oauth2. Allowed domains: ['example.com']
WARNING 2026-02-25 10:24:24,366 pipeline 40470 8562434240 No email provided for google-oauth2 authentication
WARNING 2026-02-25 10:24:24,367 pipeline 40470 8562434240 No email provided for google-oauth2 authentication
INFO 2026-02-25 10:24:24,393 pipeline 40470 8562434240 Social auth attempt via google-oauth2 for email: newuser@example.com
INFO 2026-02-25 10:24:24,406 pipeline 40470 8562434240 Updated UserProfile for newuser@example.com via google-oauth2
INFO 2026-02-25 10:24:24,419 pipeline 40470 8562434240 Social auth attempt via google-oauth2 for email: user@forbidden.com
WARNING 2026-02-25 10:24:24,419 pipeline 40470 8562434240 Email domain forbidden.com not allowed for google-oauth2. Allowed domains: ['allowed.com']
INFO 2026-02-25 10:24:24,421 pipeline 40470 8562434240 Social auth attempt via google-oauth2 for email: user@example.com
WARNING 2026-02-25 10:24:39,329 log 40677 8562434240 Bad Request: /api/oidc/register/
WARNING 2026-02-25 10:24:39,602 log 40677 8562434240 Unauthorized: /api/oidc/register/
INFO 2026-02-25 10:24:40,115 client 40677 8562434240 New client registered: hsm4jTGS0p23aCDGvcAT2q2pRpseLw2fMBXtqHQS by user 13
WARNING 2026-02-25 10:24:40,383 log 40677 8562434240 Method Not Allowed: /api/oidc/register/
WARNING 2026-02-25 10:24:40,426 log 40677 8562434240 Method Not Allowed: /api/oidc/jwks/
WARNING 2026-02-25 10:24:40,450 permissions 40677 8562434240 Invalid Basic Auth header from 127.0.0.1
WARNING 2026-02-25 10:24:40,452 permissions 40677 8562434240 Invalid client secret for client_id clientid from 127.0.0.1
INFO 2026-02-25 10:24:40,454 permissions 40677 8562434240 Client clientid authenticated from 127.0.0.1
INFO 2026-02-25 10:24:40,456 permissions 40677 8562434240 Client clientid authenticated from 127.0.0.1
WARNING 2026-02-25 10:24:40,457 permissions 40677 8562434240 Invalid client secret for client_id clientid from 127.0.0.1
WARNING 2026-02-25 10:24:40,459 permissions 40677 8562434240 Missing client credentials from 127.0.0.1
WARNING 2026-02-25 10:24:40,460 permissions 40677 8562434240 Invalid client secret for client_id unknown from 127.0.0.1
WARNING 2026-02-25 10:24:40,493 log 40677 8562434240 Method Not Allowed: /api/oidc/provider-info/
INFO 2026-02-25 10:24:41,110 signals 40677 8562434240 Access token created for user 15 via client elA5IpoYkPhSoGev5MkbudtneW75zihRDW5DigDb
INFO 2026-02-25 10:24:41,656 signals 40677 8562434240 Access token created for user 16 via client VHjlOtEPb5ltxkTUG8GsVHi1U0X2bV4IF9uReE15
WARNING 2026-02-25 10:24:41,674 log 40677 8562434240 Not Found: /api/oidc/sessions/99999/
INFO 2026-02-25 10:24:42,168 signals 40677 8562434240 Access token created for user 17 via client IcScb2lZBUjx4y2GBj5j4jap9tbIo5CBVE7MWssu
WARNING 2026-02-25 10:24:42,174 log 40677 8562434240 Unauthorized: /api/oidc/sessions/1/
INFO 2026-02-25 10:24:42,670 signals 40677 8562434240 Access token created for user 18 via client ontOVjqVSeftwJ4Jfu1bWFaqa6uqyGGMQK7YyYCI
WARNING 2026-02-25 10:24:42,675 log 40677 8562434240 Unauthorized: /api/oidc/sessions/1/
INFO 2026-02-25 10:24:43,214 signals 40677 8562434240 Access token created for user 19 via client DopkFWnb7tuIo6rHyFG1YZdBJxGeRwpN9goJCpJ4
INFO 2026-02-25 10:24:43,745 signals 40677 8562434240 Access token created for user 20 via client KwIyjCZaPEODZ0iymmNKQBoCQlJ6BhJHJafBCeiR
WARNING 2026-02-25 10:24:43,751 log 40677 8562434240 Unauthorized: /api/oidc/sessions/
INFO 2026-02-25 10:24:44,238 signals 40677 8562434240 Access token created for user 21 via client xfmIxi25tO06wYGUxuD38y37dQHxL732spfNz7IX
WARNING 2026-02-25 10:24:44,245 log 40677 8562434240 Unauthorized: /api/oidc/sessions/
INFO 2026-02-25 10:24:44,743 signals 40677 8562434240 Access token created for user 22 via client JxH29KFpJiU2ciLGDucex8LYBanTgcmwINheuxsl
INFO 2026-02-25 10:24:44,744 signals 40677 8562434240 Access token created for user 22 via client JxH29KFpJiU2ciLGDucex8LYBanTgcmwINheuxsl
WARNING 2026-02-25 10:24:44,756 log 40677 8562434240 Unauthorized: /api/oidc/sessions/
INFO 2026-02-25 10:24:45,245 signals 40677 8562434240 Access token created for user 23 via client 0q2qegJGnumU9kdFlqVy2HKjdPrKAOtIQg90NjIG
WARNING 2026-02-25 10:24:45,256 log 40677 8562434240 Unauthorized: /api/oidc/sessions/
INFO 2026-02-25 10:24:45,761 signals 40677 8562434240 Access token created for user 24 via client 2Nled80zIvXuQLnEbOWWlOtc0AhHqjETKM3kv87p
WARNING 2026-02-25 10:24:45,767 log 40677 8562434240 Unauthorized: /api/oidc/sessions/
INFO 2026-02-25 10:24:46,252 signals 40677 8562434240 Access token created for user 25 via client 0hOdrn9xL9HMettk0mStzm1FaNdDoFjMLkQNTRn2
WARNING 2026-02-25 10:24:46,257 log 40677 8562434240 Unauthorized: /api/oidc/sessions/
INFO 2026-02-25 10:24:46,749 signals 40677 8562434240 Access token created for user 26 via client jFAxkJxGwDkZyoBHwjSI47Dlax190dNTT3IuAGHB
WARNING 2026-02-25 10:24:46,753 log 40677 8562434240 Unauthorized: /api/oidc/sessions/
INFO 2026-02-25 10:24:49,052 signals 40677 8562434240 Access token created for user 34 via client ugQ7CqnRGMXT3md2pQpd8swYSDxsaOKo0hBAmlq4
INFO 2026-02-25 10:24:49,067 permissions 40677 8562434240 Client ugQ7CqnRGMXT3md2pQpd8swYSDxsaOKo0hBAmlq4 authenticated from 127.0.0.1
INFO 2026-02-25 10:24:49,075 token 40677 8562434240 Access token revoked: dNkVE7MXfG...
INFO 2026-02-25 10:24:49,587 signals 40677 8562434240 Access token created for user 35 via client geyF3m9PkF7CDMWlb6r7pOC0wG5vktYfP7SdRKgs
INFO 2026-02-25 10:24:49,591 permissions 40677 8562434240 Client geyF3m9PkF7CDMWlb6r7pOC0wG5vktYfP7SdRKgs authenticated from 127.0.0.1
INFO 2026-02-25 10:24:50,107 signals 40677 8562434240 Access token created for user 36 via client f0lTW3ONBdKFawVb3JuC0gD7qIjc6dU4smKECGBu
INFO 2026-02-25 10:24:50,111 permissions 40677 8562434240 Client f0lTW3ONBdKFawVb3JuC0gD7qIjc6dU4smKECGBu authenticated from 127.0.0.1
INFO 2026-02-25 10:24:50,117 token 40677 8562434240 Refresh token revoked: htW4lNUtqx...
INFO 2026-02-25 10:24:50,625 signals 40677 8562434240 Access token created for user 37 via client 5IKAgeQ7fKahlxyshYTJKROyqiFLlADkTE4Zcz5c
INFO 2026-02-25 10:24:50,629 permissions 40677 8562434240 Client 5IKAgeQ7fKahlxyshYTJKROyqiFLlADkTE4Zcz5c authenticated from 127.0.0.1
WARNING 2026-02-25 10:24:50,633 log 40677 8562434240 Bad Request: /api/oidc/revoke/
INFO 2026-02-25 10:24:51,133 signals 40677 8562434240 Access token created for user 38 via client CUSEtp8DOa0dtwAbXHFJ0z4nMa52iqIyqSDMvmkD
WARNING 2026-02-25 10:24:51,139 log 40677 8562434240 Method Not Allowed: /api/oidc/revoke/
INFO 2026-02-25 10:24:51,627 signals 40677 8562434240 Access token created for user 39 via client ZJNcq92KLpI6kvTc7wT3BAjRC7zO5neXPJT99cXN
INFO 2026-02-25 10:24:51,631 permissions 40677 8562434240 Client ZJNcq92KLpI6kvTc7wT3BAjRC7zO5neXPJT99cXN authenticated from 127.0.0.1
WARNING 2026-02-25 10:24:51,638 log 40677 8562434240 Bad Request: /api/oidc/revoke/
INFO 2026-02-25 10:24:52,132 signals 40677 8562434240 Access token created for user 40 via client TZ8tqXocXKo2D9ecTjQa4rPQWUCjuGeRQsTHD2SQ
WARNING 2026-02-25 10:24:52,136 permissions 40677 8562434240 Unknown client_id wrongid from 127.0.0.1
WARNING 2026-02-25 10:24:52,144 log 40677 8562434240 Unauthorized: /api/oidc/revoke/
INFO 2026-02-25 10:24:52,630 signals 40677 8562434240 Access token created for user 41 via client R4oUlmJFqrm7EV5MZBnED7Y1pVEXffXSCybHv23n
WARNING 2026-02-25 10:24:52,633 permissions 40677 8562434240 Missing client credentials from 127.0.0.1
WARNING 2026-02-25 10:24:52,637 log 40677 8562434240 Unauthorized: /api/oidc/revoke/
INFO 2026-02-25 10:24:52,677 validators 40677 8562434240 Token issued for user 1 via test_idp
INFO 2026-02-25 10:24:53,197 signals 40677 8562434240 Access token created for user 42 via client test_client_id
INFO 2026-02-25 10:24:53,203 permissions 40677 8562434240 Client test_client_id authenticated from 127.0.0.1
INFO 2026-02-25 10:24:53,722 signals 40677 8562434240 Access token created for user 43 via client test_client_id
INFO 2026-02-25 10:24:53,725 permissions 40677 8562434240 Client test_client_id authenticated from 127.0.0.1
INFO 2026-02-25 10:24:54,350 signals 40677 8562434240 Access token created for user 44 via client test_client_id
WARNING 2026-02-25 10:24:54,354 permissions 40677 8562434240 Unknown client_id bad from 127.0.0.1
WARNING 2026-02-25 10:24:54,359 log 40677 8562434240 Unauthorized: /api/oidc/introspect/
INFO 2026-02-25 10:24:54,874 signals 40677 8562434240 Access token created for user 45 via client d917hzGhlz1fihR1BwnWOiNpaEGGPMJro3qx8Fir
INFO 2026-02-25 10:24:55,399 signals 40677 8562434240 Access token created for user 46 via client 3aeJnMkIhpTh8hhURLIWscrvlKR68PgSmLmbpQEU
WARNING 2026-02-25 10:24:55,405 log 40677 8562434240 Unauthorized: /api/oidc/userinfo/
INFO 2026-02-25 10:24:55,452 pipeline 40677 8562434240 Updated UserProfile for test@example.com via google-oauth2
INFO 2026-02-25 10:24:55,471 pipeline 40677 8562434240 Updated UserProfile for test@example.com via google-oauth2
WARNING 2026-02-25 10:24:55,484 pipeline 40677 8562434240 Email domain notallowed.com not allowed for google-oauth2. Allowed domains: ['example.com']
WARNING 2026-02-25 10:24:55,486 pipeline 40677 8562434240 No email provided for google-oauth2 authentication
WARNING 2026-02-25 10:24:55,486 pipeline 40677 8562434240 No email provided for google-oauth2 authentication
INFO 2026-02-25 10:24:55,514 pipeline 40677 8562434240 Social auth attempt via google-oauth2 for email: newuser@example.com
INFO 2026-02-25 10:24:55,530 pipeline 40677 8562434240 Updated UserProfile for newuser@example.com via google-oauth2
INFO 2026-02-25 10:24:55,545 pipeline 40677 8562434240 Social auth attempt via google-oauth2 for email: user@forbidden.com
WARNING 2026-02-25 10:24:55,545 pipeline 40677 8562434240 Email domain forbidden.com not allowed for google-oauth2. Allowed domains: ['allowed.com']
INFO 2026-02-25 10:24:55,546 pipeline 40677 8562434240 Social auth attempt via google-oauth2 for email: user@example.com
ERROR 2026-02-25 10:26:16,610 apps 41601 8562434240 Failed to register custom backends: argument of type 'module' is not iterable
INFO 2026-02-25 10:26:16,610 apps 41601 8562434240 Enabled providers: Google, Facebook
INFO 2026-02-25 10:26:16,610 apps 41601 8562434240 ✅ Social authentication app initialized successfully
ERROR 2026-02-25 10:26:17,030 apps 41602 8562434240 Failed to register custom backends: argument of type 'module' is not iterable
INFO 2026-02-25 10:26:17,030 apps 41602 8562434240 Enabled providers: Google, Facebook
INFO 2026-02-25 10:26:17,030 apps 41602 8562434240 ✅ Social authentication app initialized successfully
INFO 2026-02-25 10:26:17,033 autoreload 41602 8562434240 Watching for file changes with StatReloader
INFO 2026-02-25 10:28:22,077 autoreload 41602 8562434240 /Users/dhrubajyotiborah/Documents/Projects/hcs_sso_with_oidc/sso/settings.py changed, reloading.
ERROR 2026-02-25 10:28:22,923 apps 42485 8562434240 Failed to register custom backends: argument of type 'module' is not iterable
INFO 2026-02-25 10:28:22,923 apps 42485 8562434240 Enabled providers: Google, Facebook
INFO 2026-02-25 10:28:22,923 apps 42485 8562434240 ✅ Social authentication app initialized successfully
INFO 2026-02-25 10:28:22,931 autoreload 42485 8562434240 Watching for file changes with StatReloader
INFO 2026-02-25 10:32:27,180 autoreload 42485 8562434240 /Users/dhrubajyotiborah/Documents/Projects/hcs_sso_with_oidc/apps/core/migrations/0002_userprofile_extra_data.py changed, reloading.
ERROR 2026-02-25 10:32:27,987 apps 44864 8562434240 Failed to register custom backends: argument of type 'module' is not iterable
INFO 2026-02-25 10:32:27,987 apps 44864 8562434240 Enabled providers: Google, Facebook
INFO 2026-02-25 10:32:27,987 apps 44864 8562434240 ✅ Social authentication app initialized successfully
INFO 2026-02-25 10:32:27,993 autoreload 44864 8562434240 Watching for file changes with StatReloader
WARNING 2026-02-25 10:32:56,416 log 45058 8562434240 Bad Request: /api/oidc/register/
WARNING 2026-02-25 10:32:56,686 log 45058 8562434240 Unauthorized: /api/oidc/register/
INFO 2026-02-25 10:32:57,192 client 45058 8562434240 New client registered: M4SNY1V0rU2cT3DeoohuctTsQi813oslYOCMhCqq by user 13
WARNING 2026-02-25 10:32:57,450 log 45058 8562434240 Method Not Allowed: /api/oidc/register/
WARNING 2026-02-25 10:32:57,509 log 45058 8562434240 Method Not Allowed: /api/oidc/jwks/
WARNING 2026-02-25 10:32:57,541 permissions 45058 8562434240 Invalid Basic Auth header from 127.0.0.1
WARNING 2026-02-25 10:32:57,542 permissions 45058 8562434240 Invalid client secret for client_id clientid from 127.0.0.1
INFO 2026-02-25 10:32:57,544 permissions 45058 8562434240 Client clientid authenticated from 127.0.0.1
INFO 2026-02-25 10:32:57,546 permissions 45058 8562434240 Client clientid authenticated from 127.0.0.1
WARNING 2026-02-25 10:32:57,548 permissions 45058 8562434240 Invalid client secret for client_id clientid from 127.0.0.1
WARNING 2026-02-25 10:32:57,550 permissions 45058 8562434240 Missing client credentials from 127.0.0.1
WARNING 2026-02-25 10:32:57,552 permissions 45058 8562434240 Invalid client secret for client_id unknown from 127.0.0.1
WARNING 2026-02-25 10:32:57,592 log 45058 8562434240 Method Not Allowed: /api/oidc/provider-info/
INFO 2026-02-25 10:32:58,167 signals 45058 8562434240 Access token created for user 15 via client dJ8ckfjLeFNs70201RPBkFN6pImfpGqpGgN6EhVC
INFO 2026-02-25 10:32:58,694 signals 45058 8562434240 Access token created for user 16 via client 1TaLaUA1LgsJzswIzPQXPItlJhlj5Ju7JIMM6PGv
WARNING 2026-02-25 10:32:58,709 log 45058 8562434240 Not Found: /api/oidc/sessions/99999/
INFO 2026-02-25 10:32:59,197 signals 45058 8562434240 Access token created for user 17 via client KiXOD1JPvRSXgo1kyb8LICKABiX7lHBdcJt9Ssvj
WARNING 2026-02-25 10:32:59,203 log 45058 8562434240 Unauthorized: /api/oidc/sessions/1/
INFO 2026-02-25 10:32:59,684 signals 45058 8562434240 Access token created for user 18 via client b3WgrpCTvc3eWatHvmJAMuPxPWW9Z5J8oGruvaKt
WARNING 2026-02-25 10:32:59,689 log 45058 8562434240 Unauthorized: /api/oidc/sessions/1/
INFO 2026-02-25 10:33:00,214 signals 45058 8562434240 Access token created for user 19 via client 76aCjstqZDDkFDRmgHf8ss3AngwjL0nd4ZRAfTwA
INFO 2026-02-25 10:33:00,716 signals 45058 8562434240 Access token created for user 20 via client pGgiqSCXiH17UEVepXmUvR5nzH5W41OulwREDXeS
WARNING 2026-02-25 10:33:00,721 log 45058 8562434240 Unauthorized: /api/oidc/sessions/
INFO 2026-02-25 10:33:01,207 signals 45058 8562434240 Access token created for user 21 via client jtzHVZuE3CTGhdl68r3F6JR55F2jMaxFu8WK9Jss
WARNING 2026-02-25 10:33:01,212 log 45058 8562434240 Unauthorized: /api/oidc/sessions/
INFO 2026-02-25 10:33:01,692 signals 45058 8562434240 Access token created for user 22 via client s88vEOlYfTAPT84T4J5JcnWk4WOsHtwIOVoIqpVu
INFO 2026-02-25 10:33:01,692 signals 45058 8562434240 Access token created for user 22 via client s88vEOlYfTAPT84T4J5JcnWk4WOsHtwIOVoIqpVu
WARNING 2026-02-25 10:33:01,703 log 45058 8562434240 Unauthorized: /api/oidc/sessions/
INFO 2026-02-25 10:33:02,190 signals 45058 8562434240 Access token created for user 23 via client BfVLcA2TYafVlVIevfCvmXqfOVaF8Kp1n8CBMuwu
WARNING 2026-02-25 10:33:02,201 log 45058 8562434240 Unauthorized: /api/oidc/sessions/
INFO 2026-02-25 10:33:02,681 signals 45058 8562434240 Access token created for user 24 via client UMBH40OtXt8E2RLx0b8GMxd2ZojGdZgNUKWZv2iS
WARNING 2026-02-25 10:33:02,686 log 45058 8562434240 Unauthorized: /api/oidc/sessions/
INFO 2026-02-25 10:33:03,168 signals 45058 8562434240 Access token created for user 25 via client 8ROv6dz7ImyKsCltrOC0Wy79BFvJH3NurqGfbQ7G
WARNING 2026-02-25 10:33:03,173 log 45058 8562434240 Unauthorized: /api/oidc/sessions/
INFO 2026-02-25 10:33:03,651 signals 45058 8562434240 Access token created for user 26 via client sTPJFdeWmyOzccNv4FPZGdQhWWVf7y0am2mVnUrt
WARNING 2026-02-25 10:33:03,656 log 45058 8562434240 Unauthorized: /api/oidc/sessions/
INFO 2026-02-25 10:33:05,928 signals 45058 8562434240 Access token created for user 34 via client 8UcI47pItIkNicddRQCMP1ySvGHgjg5kP9hDACri
INFO 2026-02-25 10:33:05,942 permissions 45058 8562434240 Client 8UcI47pItIkNicddRQCMP1ySvGHgjg5kP9hDACri authenticated from 127.0.0.1
INFO 2026-02-25 10:33:05,948 token 45058 8562434240 Access token revoked: uxJyz7ydzg...
INFO 2026-02-25 10:33:06,452 signals 45058 8562434240 Access token created for user 35 via client pBIFpGIwFyzVT0hBiSlI1BCYlUBDi9DoTC2z6igg
INFO 2026-02-25 10:33:06,457 permissions 45058 8562434240 Client pBIFpGIwFyzVT0hBiSlI1BCYlUBDi9DoTC2z6igg authenticated from 127.0.0.1
INFO 2026-02-25 10:33:06,947 signals 45058 8562434240 Access token created for user 36 via client cK2kMc9q93IA4F84K20gsQDH6sPxe0ABdbjtweEw
INFO 2026-02-25 10:33:06,951 permissions 45058 8562434240 Client cK2kMc9q93IA4F84K20gsQDH6sPxe0ABdbjtweEw authenticated from 127.0.0.1
INFO 2026-02-25 10:33:06,956 token 45058 8562434240 Refresh token revoked: hXWbG0DjOw...
INFO 2026-02-25 10:33:07,457 signals 45058 8562434240 Access token created for user 37 via client ksGJRPVzyl4jxrkD0j7w7ctxSCoelUecYq8xerQF
INFO 2026-02-25 10:33:07,462 permissions 45058 8562434240 Client ksGJRPVzyl4jxrkD0j7w7ctxSCoelUecYq8xerQF authenticated from 127.0.0.1
WARNING 2026-02-25 10:33:07,468 log 45058 8562434240 Bad Request: /api/oidc/revoke/
INFO 2026-02-25 10:33:07,951 signals 45058 8562434240 Access token created for user 38 via client UrEF7r5Ls4vRzWPtEHverI5Hpt94DC4ZK40vv0Tj
WARNING 2026-02-25 10:33:07,957 log 45058 8562434240 Method Not Allowed: /api/oidc/revoke/
INFO 2026-02-25 10:33:08,443 signals 45058 8562434240 Access token created for user 39 via client V9DydPOzsLaj9UEihOxtX0Z64WIvocWpvt4pYzyY
INFO 2026-02-25 10:33:08,448 permissions 45058 8562434240 Client V9DydPOzsLaj9UEihOxtX0Z64WIvocWpvt4pYzyY authenticated from 127.0.0.1
WARNING 2026-02-25 10:33:08,454 log 45058 8562434240 Bad Request: /api/oidc/revoke/
INFO 2026-02-25 10:33:08,935 signals 45058 8562434240 Access token created for user 40 via client n8qCWJEIZ4XSBOWkR45BcfJQph4XfZ1T3aqLcFtw
WARNING 2026-02-25 10:33:08,939 permissions 45058 8562434240 Unknown client_id wrongid from 127.0.0.1
WARNING 2026-02-25 10:33:08,947 log 45058 8562434240 Unauthorized: /api/oidc/revoke/
INFO 2026-02-25 10:33:09,435 signals 45058 8562434240 Access token created for user 41 via client C2o8Ub4x5IEP9MSES6Gm38oPsCXNi4TnHWYdpKBY
WARNING 2026-02-25 10:33:09,438 permissions 45058 8562434240 Missing client credentials from 127.0.0.1
WARNING 2026-02-25 10:33:09,441 log 45058 8562434240 Unauthorized: /api/oidc/revoke/
INFO 2026-02-25 10:33:09,483 validators 45058 8562434240 Token issued for user 1 via test_idp
INFO 2026-02-25 10:33:09,985 signals 45058 8562434240 Access token created for user 42 via client test_client_id
INFO 2026-02-25 10:33:09,991 permissions 45058 8562434240 Client test_client_id authenticated from 127.0.0.1
INFO 2026-02-25 10:33:10,501 signals 45058 8562434240 Access token created for user 43 via client test_client_id
INFO 2026-02-25 10:33:10,504 permissions 45058 8562434240 Client test_client_id authenticated from 127.0.0.1
INFO 2026-02-25 10:33:11,002 signals 45058 8562434240 Access token created for user 44 via client test_client_id
WARNING 2026-02-25 10:33:11,006 permissions 45058 8562434240 Unknown client_id bad from 127.0.0.1
WARNING 2026-02-25 10:33:11,012 log 45058 8562434240 Unauthorized: /api/oidc/introspect/
INFO 2026-02-25 10:33:11,522 signals 45058 8562434240 Access token created for user 45 via client LipePZ5ISU7kuZhLQtkgGKCPPyYwSG18NRayqAaJ
INFO 2026-02-25 10:33:12,034 signals 45058 8562434240 Access token created for user 46 via client wvTp7zb5cTRbYFOo8OFyNGfbcMZwCPQwXAIZD1G2
WARNING 2026-02-25 10:33:12,039 log 45058 8562434240 Unauthorized: /api/oidc/userinfo/
INFO 2026-02-25 10:33:12,095 pipeline 45058 8562434240 Updated UserProfile for test@example.com via google-oauth2
INFO 2026-02-25 10:33:12,112 pipeline 45058 8562434240 Updated UserProfile for test@example.com via google-oauth2
WARNING 2026-02-25 10:33:12,130 pipeline 45058 8562434240 Email domain notallowed.com not allowed for google-oauth2. Allowed domains: ['example.com']
WARNING 2026-02-25 10:33:12,131 pipeline 45058 8562434240 No email provided for google-oauth2 authentication
WARNING 2026-02-25 10:33:12,131 pipeline 45058 8562434240 No email provided for google-oauth2 authentication
INFO 2026-02-25 10:33:12,175 pipeline 45058 8562434240 Social auth attempt via google-oauth2 for email: newuser@example.com
INFO 2026-02-25 10:33:12,203 pipeline 45058 8562434240 Updated UserProfile for newuser@example.com via google-oauth2
INFO 2026-02-25 10:33:12,235 pipeline 45058 8562434240 Social auth attempt via google-oauth2 for email: user@forbidden.com
WARNING 2026-02-25 10:33:12,235 pipeline 45058 8562434240 Email domain forbidden.com not allowed for google-oauth2. Allowed domains: ['allowed.com']
INFO 2026-02-25 10:33:12,237 pipeline 45058 8562434240 Social auth attempt via google-oauth2 for email: user@example.com
WARNING 2026-02-25 10:35:25,109 log 46299 8562434240 Bad Request: /api/users/password/reset/confirm/
WARNING 2026-02-25 10:35:25,422 log 46299 8562434240 Bad Request: /api/users/password/reset/request/
WARNING 2026-02-25 10:35:25,435 log 46299 8562434240 Bad Request: /api/users/password/reset/request/
WARNING 2026-02-25 10:35:26,026 log 46299 8562434240 Not Found: /api/users/3/public/
WARNING 2026-02-25 10:35:26,939 log 46299 8562434240 Bad Request: /api/users/verify-email/
WARNING 2026-02-25 10:36:24,467 log 46876 8562434240 Bad Request: /api/users/password/reset/confirm/
WARNING 2026-02-25 10:36:24,802 log 46876 8562434240 Bad Request: /api/users/password/reset/request/
WARNING 2026-02-25 10:36:25,382 log 46876 8562434240 Not Found: /api/users/3/public/
WARNING 2026-02-25 10:36:26,295 log 46876 8562434240 Bad Request: /api/users/verify-email/
WARNING 2026-02-25 10:36:49,509 log 47132 8562434240 Bad Request: /api/users/password/reset/confirm/
WARNING 2026-02-25 10:36:49,806 log 47132 8562434240 Bad Request: /api/users/password/reset/request/
WARNING 2026-02-25 10:36:50,376 log 47132 8562434240 Not Found: /api/users/27/public/
WARNING 2026-02-25 10:36:51,245 log 47132 8562434240 Bad Request: /api/users/verify-email/
WARNING 2026-02-25 10:38:55,605 log 48285 8562434240 Bad Request: /api/users/password/reset/confirm/
WARNING 2026-02-25 10:38:55,903 log 48285 8562434240 Bad Request: /api/users/password/reset/request/
WARNING 2026-02-25 10:38:56,472 log 48285 8562434240 Not Found: /api/users/27/public/
WARNING 2026-02-25 10:38:57,340 log 48285 8562434240 Bad Request: /api/users/verify-email/
ERROR 2026-02-25 10:55:03,492 log 55396 8562434240 Service Unavailable: /api/health/
WARNING 2026-02-25 10:55:04,613 log 55396 8562434240 Not Found: /api/clients/other-client-id-2/
ERROR 2026-02-25 10:55:05,125 log 55396 8562434240 Internal Server Error: /api/clients/owner-client-id/
Traceback (most recent call last):
  File "/Users/dhrubajyotiborah/Documents/Projects/hcs_sso_with_oidc/venv/lib/python3.12/site-packages/rest_framework/fields.py", line 437, in get_attribute
    return get_attribute(instance, self.source_attrs)
           ^^^^^^^^^^^^^^^^^^^^^^^^^^^^^^^^^^^^^^^^^^
  File "/Users/dhrubajyotiborah/Documents/Projects/hcs_sso_with_oidc/venv/lib/python3.12/site-packages/rest_framework/fields.py", line 104, in get_attribute
    instance = getattr(instance, attr)
               ^^^^^^^^^^^^^^^^^^^^^^^
AttributeError: 'Application' object has no attribute 'client_name'. Did you mean: 'client_type'?

During handling of the above exception, another exception occurred:

Traceback (most recent call last):
  File "/Users/dhrubajyotiborah/Documents/Projects/hcs_sso_with_oidc/venv/lib/python3.12/site-packages/django/core/handlers/exception.py", line 55, in inner
    response = get_response(request)
               ^^^^^^^^^^^^^^^^^^^^^
  File "/Users/dhrubajyotiborah/Documents/Projects/hcs_sso_with_oidc/venv/lib/python3.12/site-packages/django/core/handlers/base.py", line 198, in _get_response
    response = wrapped_callback(request, *callback_args, **callback_kwargs)
               ^^^^^^^^^^^^^^^^^^^^^^^^^^^^^^^^^^^^^^^^^^^^^^^^^^^^^^^^^^^^
  File "/Users/dhrubajyotiborah/Documents/Projects/hcs_sso_with_oidc/venv/lib/python3.12/site-packages/django/views/decorators/csrf.py", line 65, in _view_wrapper
    return view_func(request, *args, **kwargs)
           ^^^^^^^^^^^^^^^^^^^^^^^^^^^^^^^^^^^
  File "/Users/dhrubajyotiborah/Documents/Projects/hcs_sso_with_oidc/venv/lib/python3.12/site-packages/django/views/generic/base.py", line 106, in view
    return self.dispatch(request, *args, **kwargs)
           ^^^^^^^^^^^^^^^^^^^^^^^^^^^^^^^^^^^^^^^
  File "/Users/dhrubajyotiborah/Documents/Projects/hcs_sso_with_oidc/venv/lib/python3.12/site-packages/rest_framework/views.py", line 515, in dispatch
    response = self.handle_exception(exc)
               ^^^^^^^^^^^^^^^^^^^^^^^^^^
  File "/Users/dhrubajyotiborah/Documents/Projects/hcs_sso_with_oidc/venv/lib/python3.12/site-packages/rest_framework/views.py", line 475, in handle_exception
    self.raise_uncaught_exception(exc)
  File "/Users/dhrubajyotiborah/Documents/Projects/hcs_sso_with_oidc/venv/lib/python3.12/site-packages/rest_framework/views.py", line 486, in raise_uncaught_exception
    raise exc
  File "/Users/dhrubajyotiborah/Documents/Projects/hcs_sso_with_oidc/venv/lib/python3.12/site-packages/rest_framework/views.py", line 512, in dispatch
    response = handler(request, *args, **kwargs)
               ^^^^^^^^^^^^^^^^^^^^^^^^^^^^^^^^^
  File "/Users/dhrubajyotiborah/Documents/Projects/hcs_sso_with_oidc/apps/api/views.py", line 623, in get
    return Response(serializer.data)
                    ^^^^^^^^^^^^^^^
  File "/Users/dhrubajyotiborah/Documents/Projects/hcs_sso_with_oidc/venv/lib/python3.12/site-packages/rest_framework/serializers.py", line 573, in data
    ret = super().data
          ^^^^^^^^^^^^
  File "/Users/dhrubajyotiborah/Documents/Projects/hcs_sso_with_oidc/venv/lib/python3.12/site-packages/rest_framework/serializers.py", line 251, in data
    self._data = self.to_representation(self.instance)
                 ^^^^^^^^^^^^^^^^^^^^^^^^^^^^^^^^^^^^^
  File "/Users/dhrubajyotiborah/Documents/Projects/hcs_sso_with_oidc/venv/lib/python3.12/site-packages/rest_framework/serializers.py", line 527, in to_representation
    attribute = field.get_attribute(instance)
                ^^^^^^^^^^^^^^^^^^^^^^^^^^^^^
  File "/Users/dhrubajyotiborah/Documents/Projects/hcs_sso_with_oidc/venv/lib/python3.12/site-packages/rest_framework/fields.py", line 470, in get_attribute
    raise type(exc)(msg)
AttributeError: Got AttributeError when attempting to get a value for field `client_name` on serializer `ClientRegistrationSerializer`.
The serializer field might be named incorrectly and not match any attribute or key on the `Application` instance.
Original exception text was: 'Application' object has no attribute 'client_name'.
WARNING 2026-02-25 10:55:05,637 log 55396 8562434240 Unauthorized: /api/clients/
ERROR 2026-02-25 10:55:06,135 log 55396 8562434240 Internal Server Error: /api/clients/
Traceback (most recent call last):
  File "/Users/dhrubajyotiborah/Documents/Projects/hcs_sso_with_oidc/venv/lib/python3.12/site-packages/rest_framework/fields.py", line 437, in get_attribute
    return get_attribute(instance, self.source_attrs)
           ^^^^^^^^^^^^^^^^^^^^^^^^^^^^^^^^^^^^^^^^^^
  File "/Users/dhrubajyotiborah/Documents/Projects/hcs_sso_with_oidc/venv/lib/python3.12/site-packages/rest_framework/fields.py", line 104, in get_attribute
    instance = getattr(instance, attr)
               ^^^^^^^^^^^^^^^^^^^^^^^
AttributeError: 'Application' object has no attribute 'client_name'. Did you mean: 'client_type'?

During handling of the above exception, another exception occurred:

Traceback (most recent call last):
  File "/Users/dhrubajyotiborah/Documents/Projects/hcs_sso_with_oidc/venv/lib/python3.12/site-packages/django/core/handlers/exception.py", line 55, in inner
    response = get_response(request)
               ^^^^^^^^^^^^^^^^^^^^^
  File "/Users/dhrubajyotiborah/Documents/Projects/hcs_sso_with_oidc/venv/lib/python3.12/site-packages/django/core/handlers/base.py", line 198, in _get_response
    response = wrapped_callback(request, *callback_args, **callback_kwargs)
               ^^^^^^^^^^^^^^^^^^^^^^^^^^^^^^^^^^^^^^^^^^^^^^^^^^^^^^^^^^^^
  File "/Users/dhrubajyotiborah/Documents/Projects/hcs_sso_with_oidc/venv/lib/python3.12/site-packages/django/views/decorators/csrf.py", line 65, in _view_wrapper
    return view_func(request, *args, **kwargs)
           ^^^^^^^^^^^^^^^^^^^^^^^^^^^^^^^^^^^
  File "/Users/dhrubajyotiborah/Documents/Projects/hcs_sso_with_oidc/venv/lib/python3.12/site-packages/django/views/generic/base.py", line 106, in view
    return self.dispatch(request, *args, **kwargs)
           ^^^^^^^^^^^^^^^^^^^^^^^^^^^^^^^^^^^^^^^
  File "/Users/dhrubajyotiborah/Documents/Projects/hcs_sso_with_oidc/venv/lib/python3.12/site-packages/rest_framework/views.py", line 515, in dispatch
    response = self.handle_exception(exc)
               ^^^^^^^^^^^^^^^^^^^^^^^^^^
  File "/Users/dhrubajyotiborah/Documents/Projects/hcs_sso_with_oidc/venv/lib/python3.12/site-packages/rest_framework/views.py", line 475, in handle_exception
    self.raise_uncaught_exception(exc)
  File "/Users/dhrubajyotiborah/Documents/Projects/hcs_sso_with_oidc/venv/lib/python3.12/site-packages/rest_framework/views.py", line 486, in raise_uncaught_exception
    raise exc
  File "/Users/dhrubajyotiborah/Documents/Projects/hcs_sso_with_oidc/venv/lib/python3.12/site-packages/rest_framework/views.py", line 512, in dispatch
    response = handler(request, *args, **kwargs)
               ^^^^^^^^^^^^^^^^^^^^^^^^^^^^^^^^^
  File "/Users/dhrubajyotiborah/Documents/Projects/hcs_sso_with_oidc/apps/api/views.py", line 634, in get
    'clients': serializer.data,
               ^^^^^^^^^^^^^^^
  File "/Users/dhrubajyotiborah/Documents/Projects/hcs_sso_with_oidc/venv/lib/python3.12/site-packages/rest_framework/serializers.py", line 797, in data
    ret = super().data
          ^^^^^^^^^^^^
  File "/Users/dhrubajyotiborah/Documents/Projects/hcs_sso_with_oidc/venv/lib/python3.12/site-packages/rest_framework/serializers.py", line 251, in data
    self._data = self.to_representation(self.instance)
                 ^^^^^^^^^^^^^^^^^^^^^^^^^^^^^^^^^^^^^
  File "/Users/dhrubajyotiborah/Documents/Projects/hcs_sso_with_oidc/venv/lib/python3.12/site-packages/rest_framework/serializers.py", line 716, in to_representation
    self.child.to_representation(item) for item in iterable
    ^^^^^^^^^^^^^^^^^^^^^^^^^^^^^^^^^^
  File "/Users/dhrubajyotiborah/Documents/Projects/hcs_sso_with_oidc/venv/lib/python3.12/site-packages/rest_framework/serializers.py", line 527, in to_representation
    attribute = field.get_attribute(instance)
                ^^^^^^^^^^^^^^^^^^^^^^^^^^^^^
  File "/Users/dhrubajyotiborah/Documents/Projects/hcs_sso_with_oidc/venv/lib/python3.12/site-packages/rest_framework/fields.py", line 470, in get_attribute
    raise type(exc)(msg)
AttributeError: Got AttributeError when attempting to get a value for field `client_name` on serializer `ClientRegistrationSerializer`.
The serializer field might be named incorrectly and not match any attribute or key on the `Application` instance.
Original exception text was: 'Application' object has no attribute 'client_name'.
WARNING 2026-02-25 10:55:07,237 log 55396 8562434240 Forbidden: /api/metrics/
ERROR 2026-02-25 10:55:07,737 log 55396 8562434240 Internal Server Error: /api/system/info/
WARNING 2026-02-25 10:55:08,241 log 55396 8562434240 Forbidden: /api/system/info/
WARNING 2026-02-25 10:55:53,382 log 55898 8562434240 Not Found: /api/clients/other-client-id-2/
WARNING 2026-02-25 10:55:54,378 log 55898 8562434240 Unauthorized: /api/clients/
WARNING 2026-02-25 10:55:55,950 log 55898 8562434240 Forbidden: /api/metrics/
WARNING 2026-02-25 10:55:57,038 log 55898 8562434240 Forbidden: /api/system/info/
WARNING 2026-02-25 10:56:14,794 log 56208 8562434240 Not Found: /api/clients/other-client-id-2/
WARNING 2026-02-25 10:56:15,822 log 56208 8562434240 Unauthorized: /api/clients/
WARNING 2026-02-25 10:56:17,422 log 56208 8562434240 Forbidden: /api/metrics/
WARNING 2026-02-25 10:56:18,436 log 56208 8562434240 Forbidden: /api/system/info/
WARNING 2026-02-25 10:56:25,648 log 56404 8562434240 Not Found: /api/clients/other-client-id-2/
WARNING 2026-02-25 10:56:26,645 log 56404 8562434240 Unauthorized: /api/clients/
WARNING 2026-02-25 10:56:28,229 log 56404 8562434240 Forbidden: /api/metrics/
WARNING 2026-02-25 10:56:29,220 log 56404 8562434240 Forbidden: /api/system/info/
WARNING 2026-02-25 10:56:32,118 log 56404 8562434240 Bad Request: /api/oidc/register/
WARNING 2026-02-25 10:56:32,384 log 56404 8562434240 Unauthorized: /api/oidc/register/
INFO 2026-02-25 10:56:32,894 client 56404 8562434240 New client registered: CxSysmgeryQTxqmx631dXqPuIup4pdZWenoVE4Tf by user 31
WARNING 2026-02-25 10:56:33,151 log 56404 8562434240 Method Not Allowed: /api/oidc/register/
WARNING 2026-02-25 10:56:33,201 log 56404 8562434240 Method Not Allowed: /api/oidc/jwks/
WARNING 2026-02-25 10:56:33,231 permissions 56404 8562434240 Invalid Basic Auth header from 127.0.0.1
WARNING 2026-02-25 10:56:33,233 permissions 56404 8562434240 Invalid client secret for client_id clientid from 127.0.0.1
INFO 2026-02-25 10:56:33,234 permissions 56404 8562434240 Client clientid authenticated from 127.0.0.1
INFO 2026-02-25 10:56:33,236 permissions 56404 8562434240 Client clientid authenticated from 127.0.0.1
WARNING 2026-02-25 10:56:33,238 permissions 56404 8562434240 Invalid client secret for client_id clientid from 127.0.0.1
WARNING 2026-02-25 10:56:33,240 permissions 56404 8562434240 Missing client credentials from 127.0.0.1
WARNING 2026-02-25 10:56:33,242 permissions 56404 8562434240 Invalid client secret for client_id unknown from 127.0.0.1
WARNING 2026-02-25 10:56:33,277 log 56404 8562434240 Method Not Allowed: /api/oidc/provider-info/
INFO 2026-02-25 10:56:33,850 signals 56404 8562434240 Access token created for user 33 via client aS9ylehpdBLCheMPcMKv0lYrLzv8cbpuoCFJzD0O
INFO 2026-02-25 10:56:34,379 signals 56404 8562434240 Access token created for user 34 via client dynQSSvget7Eq36WFHAImlpIjfnVMmNYU5HQwiM3
WARNING 2026-02-25 10:56:34,393 log 56404 8562434240 Not Found: /api/oidc/sessions/99999/
INFO 2026-02-25 10:56:34,948 signals 56404 8562434240 Access token created for user 35 via client F46r67XfgqsIxf9y5RGXrexItIs8SKQb7LYAJDxe
WARNING 2026-02-25 10:56:34,954 log 56404 8562434240 Unauthorized: /api/oidc/sessions/1/
INFO 2026-02-25 10:56:35,437 signals 56404 8562434240 Access token created for user 36 via client T3AgFMYltEsN5fRk1lWERKngN9xfr6dRAjYTLJ4W
WARNING 2026-02-25 10:56:35,442 log 56404 8562434240 Unauthorized: /api/oidc/sessions/1/
INFO 2026-02-25 10:56:35,968 signals 56404 8562434240 Access token created for user 37 via client bdaluTfGj1zgWgo1WI3KuOABnmjHFBHYHOP1TbAa
INFO 2026-02-25 10:56:36,479 signals 56404 8562434240 Access token created for user 38 via client y65PlAo8HLxAKovpZLUPrU9tU6YJZz529KiFJBdm
WARNING 2026-02-25 10:56:36,484 log 56404 8562434240 Unauthorized: /api/oidc/sessions/
INFO 2026-02-25 10:56:36,976 signals 56404 8562434240 Access token created for user 39 via client NTVTeZ3n0Cau0cTmd95gZJjeVhhk9AAionQ9PheY
WARNING 2026-02-25 10:56:36,981 log 56404 8562434240 Unauthorized: /api/oidc/sessions/
INFO 2026-02-25 10:56:37,462 signals 56404 8562434240 Access token created for user 40 via client Dt0wrfxNplo5iHLzJVnJ2M9dhY5ys0H8LcSXWwf4
INFO 2026-02-25 10:56:37,463 signals 56404 8562434240 Access token created for user 40 via client Dt0wrfxNplo5iHLzJVnJ2M9dhY5ys0H8LcSXWwf4
WARNING 2026-02-25 10:56:37,473 log 56404 8562434240 Unauthorized: /api/oidc/sessions/
INFO 2026-02-25 10:56:37,970 signals 56404 8562434240 Access token created for user 41 via client dluuj79Hcxe5YXZwnbjaOpcdeUrsf10PKnmnhJEO
WARNING 2026-02-25 10:56:37,981 log 56404 8562434240 Unauthorized: /api/oidc/sessions/
INFO 2026-02-25 10:56:38,465 signals 56404 8562434240 Access token created for user 42 via client 7s5r8st5Rc59RhsYU00qKgDN2ypZaMUOhK2JRZp1
WARNING 2026-02-25 10:56:38,470 log 56404 8562434240 Unauthorized: /api/oidc/sessions/
INFO 2026-02-25 10:56:38,959 signals 56404 8562434240 Access token created for user 43 via client Ix4IcA3egFhbEhn69oZK1dDUFhNdWZ2pyjKZCuDV
WARNING 2026-02-25 10:56:38,964 log 56404 8562434240 Unauthorized: /api/oidc/sessions/
INFO 2026-02-25 10:56:39,451 signals 56404 8562434240 Access token created for user 44 via client qBcLYE2b7mnqOWhvXkq4zN0wIXJplTdlBpS7vjWL
WARNING 2026-02-25 10:56:39,456 log 56404 8562434240 Unauthorized: /api/oidc/sessions/
INFO 2026-02-25 10:56:41,828 signals 56404 8562434240 Access token created for user 52 via client egVwls7j2E15zOBpqqECdtVb2yNtnOzJN2xoYVTw
INFO 2026-02-25 10:56:41,841 permissions 56404 8562434240 Client egVwls7j2E15zOBpqqECdtVb2yNtnOzJN2xoYVTw authenticated from 127.0.0.1
INFO 2026-02-25 10:56:41,847 token 56404 8562434240 Access token revoked: 5fKvdM89u4...
INFO 2026-02-25 10:56:42,361 signals 56404 8562434240 Access token created for user 53 via client CoWSIiPchG1L4p1gTeVN6Vu0AEQENpGXcavKCRuF
INFO 2026-02-25 10:56:42,365 permissions 56404 8562434240 Client CoWSIiPchG1L4p1gTeVN6Vu0AEQENpGXcavKCRuF authenticated from 127.0.0.1
INFO 2026-02-25 10:56:42,863 signals 56404 8562434240 Access token created for user 54 via client lYP6tLyv1trijL49pZR3DCJYqtF8m7q1eC3tc3f1
INFO 2026-02-25 10:56:42,867 permissions 56404 8562434240 Client lYP6tLyv1trijL49pZR3DCJYqtF8m7q1eC3tc3f1 authenticated from 127.0.0.1
INFO 2026-02-25 10:56:42,872 token 56404 8562434240 Refresh token revoked: fvqH2dxIFJ...
INFO 2026-02-25 10:56:43,374 signals 56404 8562434240 Access token created for user 55 via client KQbzkVkODJPX1u0EC45iIlOc6b5riFxVhOAq9DtJ
INFO 2026-02-25 10:56:43,379 permissions 56404 8562434240 Client KQbzkVkODJPX1u0EC45iIlOc6b5riFxVhOAq9DtJ authenticated from 127.0.0.1
WARNING 2026-02-25 10:56:43,385 log 56404 8562434240 Bad Request: /api/oidc/revoke/
INFO 2026-02-25 10:56:43,985 signals 56404 8562434240 Access token created for user 56 via client udExZKYVZ1CF4HH0QhaFj4goKknEXYhAZBHYK7Ga
WARNING 2026-02-25 10:56:43,991 log 56404 8562434240 Method Not Allowed: /api/oidc/revoke/
INFO 2026-02-25 10:56:44,482 signals 56404 8562434240 Access token created for user 57 via client K0kViAyQCaiMOgAlujucqTKCnbfT8KgqA50sDSev
INFO 2026-02-25 10:56:44,486 permissions 56404 8562434240 Client K0kViAyQCaiMOgAlujucqTKCnbfT8KgqA50sDSev authenticated from 127.0.0.1
WARNING 2026-02-25 10:56:44,492 log 56404 8562434240 Bad Request: /api/oidc/revoke/
INFO 2026-02-25 10:56:44,979 signals 56404 8562434240 Access token created for user 58 via client AqhSXVBeP2P2FsVie78QbuHFGoxfpaaBR50jtUVx
WARNING 2026-02-25 10:56:44,982 permissions 56404 8562434240 Unknown client_id wrongid from 127.0.0.1
WARNING 2026-02-25 10:56:44,987 log 56404 8562434240 Unauthorized: /api/oidc/revoke/
INFO 2026-02-25 10:56:45,477 signals 56404 8562434240 Access token created for user 59 via client IT6obPkDRRKJik3zS8m76rlsXX5mupjORlrNZoLH
WARNING 2026-02-25 10:56:45,479 permissions 56404 8562434240 Missing client credentials from 127.0.0.1
WARNING 2026-02-25 10:56:45,483 log 56404 8562434240 Unauthorized: /api/oidc/revoke/
INFO 2026-02-25 10:56:45,520 validators 56404 8562434240 Token issued for user 1 via test_idp
INFO 2026-02-25 10:56:46,037 signals 56404 8562434240 Access token created for user 60 via client test_client_id
INFO 2026-02-25 10:56:46,043 permissions 56404 8562434240 Client test_client_id authenticated from 127.0.0.1
INFO 2026-02-25 10:56:46,559 signals 56404 8562434240 Access token created for user 61 via client test_client_id
INFO 2026-02-25 10:56:46,562 permissions 56404 8562434240 Client test_client_id authenticated from 127.0.0.1
INFO 2026-02-25 10:56:47,065 signals 56404 8562434240 Access token created for user 62 via client test_client_id
WARNING 2026-02-25 10:56:47,068 permissions 56404 8562434240 Unknown client_id bad from 127.0.0.1
WARNING 2026-02-25 10:56:47,073 log 56404 8562434240 Unauthorized: /api/oidc/introspect/
INFO 2026-02-25 10:56:47,592 signals 56404 8562434240 Access token created for user 63 via client JGV8qQNSxZSAUDHQlyekw0ImtiqQajx604krl0sR
INFO 2026-02-25 10:56:48,109 signals 56404 8562434240 Access token created for user 64 via client vylOGGatbv9CG49kGmj7voxFXyF0fg7sECOEEIsc
WARNING 2026-02-25 10:56:48,114 log 56404 8562434240 Unauthorized: /api/oidc/userinfo/
INFO 2026-02-25 10:56:48,167 pipeline 56404 8562434240 Updated UserProfile for test@example.com via google-oauth2
INFO 2026-02-25 10:56:48,184 pipeline 56404 8562434240 Updated UserProfile for test@example.com via google-oauth2
WARNING 2026-02-25 10:56:48,198 pipeline 56404 8562434240 Email domain notallowed.com not allowed for google-oauth2. Allowed domains: ['example.com']
WARNING 2026-02-25 10:56:48,200 pipeline 56404 8562434240 No email provided for google-oauth2 authentication
WARNING 2026-02-25 10:56:48,200 pipeline 56404 8562434240 No email provided for google-oauth2 authentication
INFO 2026-02-25 10:56:48,240 pipeline 56404 8562434240 Social auth attempt via google-oauth2 for email: newuser@example.com
INFO 2026-02-25 10:56:48,266 pipeline 56404 8562434240 Updated UserProfile for newuser@example.com via google-oauth2
INFO 2026-02-25 10:56:48,295 pipeline 56404 8562434240 Social auth attempt via google-oauth2 for email: user@forbidden.com
WARNING 2026-02-25 10:56:48,295 pipeline 56404 8562434240 Email domain forbidden.com not allowed for google-oauth2. Allowed domains: ['allowed.com']
INFO 2026-02-25 10:56:48,296 pipeline 56404 8562434240 Social auth attempt via google-oauth2 for email: user@example.com
WARNING 2026-02-25 10:56:56,021 log 56404 8562434240 Bad Request: /api/users/password/reset/confirm/
WARNING 2026-02-25 10:56:56,310 log 56404 8562434240 Bad Request: /api/users/password/reset/request/
WARNING 2026-02-25 10:56:56,879 log 56404 8562434240 Not Found: /api/users/95/public/
WARNING 2026-02-25 10:56:57,749 log 56404 8562434240 Bad Request: /api/users/verify-email/
WARNING 2026-02-25 10:59:47,276 log 58133 8562434240 Not Found: /api/clients/other-client-id-2/
WARNING 2026-02-25 10:59:48,386 log 58133 8562434240 Unauthorized: /api/clients/
WARNING 2026-02-25 10:59:49,973 log 58133 8562434240 Forbidden: /api/metrics/
WARNING 2026-02-25 10:59:50,967 log 58133 8562434240 Forbidden: /api/system/info/
WARNING 2026-02-25 11:02:24,896 log 59671 8562434240 Not Found: /api/clients/other-client-id-2/
WARNING 2026-02-25 11:02:25,908 log 59671 8562434240 Unauthorized: /api/clients/
WARNING 2026-02-25 11:02:27,490 log 59671 8562434240 Forbidden: /api/metrics/
WARNING 2026-02-25 11:02:28,487 log 59671 8562434240 Forbidden: /api/system/info/
INFO 2026-02-25 11:10:36,177 autoreload 44864 8562434240 /Users/dhrubajyotiborah/Documents/Projects/hcs_sso_with_oidc/apps/api/urls.py changed, reloading.
ERROR 2026-02-25 11:10:37,089 apps 63246 8562434240 Failed to register custom backends: argument of type 'module' is not iterable
INFO 2026-02-25 11:10:37,089 apps 63246 8562434240 Enabled providers: Google, Facebook
INFO 2026-02-25 11:10:37,089 apps 63246 8562434240 ✅ Social authentication app initialized successfully
INFO 2026-02-25 11:10:37,097 autoreload 63246 8562434240 Watching for file changes with StatReloader
INFO 2026-02-25 11:10:41,509 autoreload 63246 8562434240 /Users/dhrubajyotiborah/Documents/Projects/hcs_sso_with_oidc/apps/api/urls.py changed, reloading.
ERROR 2026-02-25 11:10:42,256 apps 63286 8562434240 Failed to register custom backends: argument of type 'module' is not iterable
INFO 2026-02-25 11:10:42,256 apps 63286 8562434240 Enabled providers: Google, Facebook
INFO 2026-02-25 11:10:42,256 apps 63286 8562434240 ✅ Social authentication app initialized successfully
INFO 2026-02-25 11:10:42,261 autoreload 63286 8562434240 Watching for file changes with StatReloader
WARNING 2026-02-25 11:11:00,809 log 63286 6189527040 Unauthorized: /o/token/
WARNING 2026-02-25 11:11:00,810 log 63286 6189527040 "POST /o/token/ HTTP/1.1" 401 27
WARNING 2026-02-25 11:11:00,842 log 63286 6189527040 Unauthorized: /o/token/
WARNING 2026-02-25 11:11:00,843 log 63286 6189527040 "POST /o/token/ HTTP/1.1" 401 27
WARNING 2026-02-25 11:11:02,199 log 63478 8562434240 Not Found: /api/clients/other-client-id-2/
ERROR 2026-02-25 11:11:02,717 log 63478 8562434240 Internal Server Error: /api/clients/owner-client-id/
Traceback (most recent call last):
  File "/Users/dhrubajyotiborah/Documents/Projects/hcs_sso_with_oidc/venv/lib/python3.12/site-packages/rest_framework/fields.py", line 437, in get_attribute
    return get_attribute(instance, self.source_attrs)
           ^^^^^^^^^^^^^^^^^^^^^^^^^^^^^^^^^^^^^^^^^^
  File "/Users/dhrubajyotiborah/Documents/Projects/hcs_sso_with_oidc/venv/lib/python3.12/site-packages/rest_framework/fields.py", line 104, in get_attribute
    instance = getattr(instance, attr)
               ^^^^^^^^^^^^^^^^^^^^^^^
AttributeError: 'Application' object has no attribute 'client_name'. Did you mean: 'client_type'?

During handling of the above exception, another exception occurred:

Traceback (most recent call last):
  File "/Users/dhrubajyotiborah/Documents/Projects/hcs_sso_with_oidc/venv/lib/python3.12/site-packages/django/core/handlers/exception.py", line 55, in inner
    response = get_response(request)
               ^^^^^^^^^^^^^^^^^^^^^
  File "/Users/dhrubajyotiborah/Documents/Projects/hcs_sso_with_oidc/venv/lib/python3.12/site-packages/django/core/handlers/base.py", line 198, in _get_response
    response = wrapped_callback(request, *callback_args, **callback_kwargs)
               ^^^^^^^^^^^^^^^^^^^^^^^^^^^^^^^^^^^^^^^^^^^^^^^^^^^^^^^^^^^^
  File "/Users/dhrubajyotiborah/Documents/Projects/hcs_sso_with_oidc/venv/lib/python3.12/site-packages/django/views/decorators/csrf.py", line 65, in _view_wrapper
    return view_func(request, *args, **kwargs)
           ^^^^^^^^^^^^^^^^^^^^^^^^^^^^^^^^^^^
  File "/Users/dhrubajyotiborah/Documents/Projects/hcs_sso_with_oidc/venv/lib/python3.12/site-packages/django/views/generic/base.py", line 106, in view
    return self.dispatch(request, *args, **kwargs)
           ^^^^^^^^^^^^^^^^^^^^^^^^^^^^^^^^^^^^^^^
  File "/Users/dhrubajyotiborah/Documents/Projects/hcs_sso_with_oidc/venv/lib/python3.12/site-packages/rest_framework/views.py", line 515, in dispatch
    response = self.handle_exception(exc)
               ^^^^^^^^^^^^^^^^^^^^^^^^^^
  File "/Users/dhrubajyotiborah/Documents/Projects/hcs_sso_with_oidc/venv/lib/python3.12/site-packages/rest_framework/views.py", line 475, in handle_exception
    self.raise_uncaught_exception(exc)
  File "/Users/dhrubajyotiborah/Documents/Projects/hcs_sso_with_oidc/venv/lib/python3.12/site-packages/rest_framework/views.py", line 486, in raise_uncaught_exception
    raise exc
  File "/Users/dhrubajyotiborah/Documents/Projects/hcs_sso_with_oidc/venv/lib/python3.12/site-packages/rest_framework/views.py", line 512, in dispatch
    response = handler(request, *args, **kwargs)
               ^^^^^^^^^^^^^^^^^^^^^^^^^^^^^^^^^
  File "/Users/dhrubajyotiborah/Documents/Projects/hcs_sso_with_oidc/apps/api/views/clients.py", line 87, in get
    return Response(serializer.data)
                    ^^^^^^^^^^^^^^^
  File "/Users/dhrubajyotiborah/Documents/Projects/hcs_sso_with_oidc/venv/lib/python3.12/site-packages/rest_framework/serializers.py", line 573, in data
    ret = super().data
          ^^^^^^^^^^^^
  File "/Users/dhrubajyotiborah/Documents/Projects/hcs_sso_with_oidc/venv/lib/python3.12/site-packages/rest_framework/serializers.py", line 251, in data
    self._data = self.to_representation(self.instance)
                 ^^^^^^^^^^^^^^^^^^^^^^^^^^^^^^^^^^^^^
  File "/Users/dhrubajyotiborah/Documents/Projects/hcs_sso_with_oidc/venv/lib/python3.12/site-packages/rest_framework/serializers.py", line 527, in to_representation
    attribute = field.get_attribute(instance)
                ^^^^^^^^^^^^^^^^^^^^^^^^^^^^^
  File "/Users/dhrubajyotiborah/Documents/Projects/hcs_sso_with_oidc/venv/lib/python3.12/site-packages/rest_framework/fields.py", line 470, in get_attribute
    raise type(exc)(msg)
AttributeError: Got AttributeError when attempting to get a value for field `client_name` on serializer `ClientRegistrationSerializer`.
The serializer field might be named incorrectly and not match any attribute or key on the `Application` instance.
Original exception text was: 'Application' object has no attribute 'client_name'.
WARNING 2026-02-25 11:11:03,243 log 63478 8562434240 Unauthorized: /api/clients/
ERROR 2026-02-25 11:11:03,754 log 63478 8562434240 Internal Server Error: /api/clients/
Traceback (most recent call last):
  File "/Users/dhrubajyotiborah/Documents/Projects/hcs_sso_with_oidc/venv/lib/python3.12/site-packages/rest_framework/fields.py", line 437, in get_attribute
    return get_attribute(instance, self.source_attrs)
           ^^^^^^^^^^^^^^^^^^^^^^^^^^^^^^^^^^^^^^^^^^
  File "/Users/dhrubajyotiborah/Documents/Projects/hcs_sso_with_oidc/venv/lib/python3.12/site-packages/rest_framework/fields.py", line 104, in get_attribute
    instance = getattr(instance, attr)
               ^^^^^^^^^^^^^^^^^^^^^^^
AttributeError: 'Application' object has no attribute 'client_name'. Did you mean: 'client_type'?

During handling of the above exception, another exception occurred:

Traceback (most recent call last):
  File "/Users/dhrubajyotiborah/Documents/Projects/hcs_sso_with_oidc/venv/lib/python3.12/site-packages/django/core/handlers/exception.py", line 55, in inner
    response = get_response(request)
               ^^^^^^^^^^^^^^^^^^^^^
  File "/Users/dhrubajyotiborah/Documents/Projects/hcs_sso_with_oidc/venv/lib/python3.12/site-packages/django/core/handlers/base.py", line 198, in _get_response
    response = wrapped_callback(request, *callback_args, **callback_kwargs)
               ^^^^^^^^^^^^^^^^^^^^^^^^^^^^^^^^^^^^^^^^^^^^^^^^^^^^^^^^^^^^
  File "/Users/dhrubajyotiborah/Documents/Projects/hcs_sso_with_oidc/venv/lib/python3.12/site-packages/django/views/decorators/csrf.py", line 65, in _view_wrapper
    return view_func(request, *args, **kwargs)
           ^^^^^^^^^^^^^^^^^^^^^^^^^^^^^^^^^^^
  File "/Users/dhrubajyotiborah/Documents/Projects/hcs_sso_with_oidc/venv/lib/python3.12/site-packages/django/views/generic/base.py", line 106, in view
    return self.dispatch(request, *args, **kwargs)
           ^^^^^^^^^^^^^^^^^^^^^^^^^^^^^^^^^^^^^^^
  File "/Users/dhrubajyotiborah/Documents/Projects/hcs_sso_with_oidc/venv/lib/python3.12/site-packages/rest_framework/views.py", line 515, in dispatch
    response = self.handle_exception(exc)
               ^^^^^^^^^^^^^^^^^^^^^^^^^^
  File "/Users/dhrubajyotiborah/Documents/Projects/hcs_sso_with_oidc/venv/lib/python3.12/site-packages/rest_framework/views.py", line 475, in handle_exception
    self.raise_uncaught_exception(exc)
  File "/Users/dhrubajyotiborah/Documents/Projects/hcs_sso_with_oidc/venv/lib/python3.12/site-packages/rest_framework/views.py", line 486, in raise_uncaught_exception
    raise exc
  File "/Users/dhrubajyotiborah/Documents/Projects/hcs_sso_with_oidc/venv/lib/python3.12/site-packages/rest_framework/views.py", line 512, in dispatch
    response = handler(request, *args, **kwargs)
               ^^^^^^^^^^^^^^^^^^^^^^^^^^^^^^^^^
  File "/Users/dhrubajyotiborah/Documents/Projects/hcs_sso_with_oidc/apps/api/views/clients.py", line 93, in get
    return Response({'clients': serializer.data, 'count': applications.count()})
                                ^^^^^^^^^^^^^^^
  File "/Users/dhrubajyotiborah/Documents/Projects/hcs_sso_with_oidc/venv/lib/python3.12/site-packages/rest_framework/serializers.py", line 797, in data
    ret = super().data
          ^^^^^^^^^^^^
  File "/Users/dhrubajyotiborah/Documents/Projects/hcs_sso_with_oidc/venv/lib/python3.12/site-packages/rest_framework/serializers.py", line 251, in data
    self._data = self.to_representation(self.instance)
                 ^^^^^^^^^^^^^^^^^^^^^^^^^^^^^^^^^^^^^
  File "/Users/dhrubajyotiborah/Documents/Projects/hcs_sso_with_oidc/venv/lib/python3.12/site-packages/rest_framework/serializers.py", line 716, in to_representation
    self.child.to_representation(item) for item in iterable
    ^^^^^^^^^^^^^^^^^^^^^^^^^^^^^^^^^^
  File "/Users/dhrubajyotiborah/Documents/Projects/hcs_sso_with_oidc/venv/lib/python3.12/site-packages/rest_framework/serializers.py", line 527, in to_representation
    attribute = field.get_attribute(instance)
                ^^^^^^^^^^^^^^^^^^^^^^^^^^^^^
  File "/Users/dhrubajyotiborah/Documents/Projects/hcs_sso_with_oidc/venv/lib/python3.12/site-packages/rest_framework/fields.py", line 470, in get_attribute
    raise type(exc)(msg)
AttributeError: Got AttributeError when attempting to get a value for field `client_name` on serializer `ClientRegistrationSerializer`.
The serializer field might be named incorrectly and not match any attribute or key on the `Application` instance.
Original exception text was: 'Application' object has no attribute 'client_name'.
WARNING 2026-02-25 11:11:04,851 log 63478 8562434240 Forbidden: /api/metrics/
WARNING 2026-02-25 11:11:05,879 log 63478 8562434240 Forbidden: /api/system/info/
INFO 2026-02-25 11:11:42,325 autoreload 63286 8562434240 /Users/dhrubajyotiborah/Documents/Projects/hcs_sso_with_oidc/apps/api/views/clients.py changed, reloading.
ERROR 2026-02-25 11:11:43,328 apps 63885 8562434240 Failed to register custom backends: argument of type 'module' is not iterable
INFO 2026-02-25 11:11:43,329 apps 63885 8562434240 Enabled providers: Google, Facebook
INFO 2026-02-25 11:11:43,329 apps 63885 8562434240 ✅ Social authentication app initialized successfully
INFO 2026-02-25 11:11:43,337 autoreload 63885 8562434240 Watching for file changes with StatReloader
INFO 2026-02-25 11:11:45,635 autoreload 63885 8562434240 /Users/dhrubajyotiborah/Documents/Projects/hcs_sso_with_oidc/apps/api/views/clients.py changed, reloading.
ERROR 2026-02-25 11:11:46,137 apps 63922 8562434240 Failed to register custom backends: argument of type 'module' is not iterable
INFO 2026-02-25 11:11:46,137 apps 63922 8562434240 Enabled providers: Google, Facebook
INFO 2026-02-25 11:11:46,137 apps 63922 8562434240 ✅ Social authentication app initialized successfully
INFO 2026-02-25 11:11:46,143 autoreload 63922 8562434240 Watching for file changes with StatReloader
WARNING 2026-02-25 11:11:52,933 log 64000 8562434240 Not Found: /api/clients/other-client-id-2/
WARNING 2026-02-25 11:11:53,933 log 64000 8562434240 Unauthorized: /api/clients/
WARNING 2026-02-25 11:11:55,505 log 64000 8562434240 Forbidden: /api/metrics/
WARNING 2026-02-25 11:11:56,505 log 64000 8562434240 Forbidden: /api/system/info/
WARNING 2026-02-25 11:12:13,257 log 64274 8562434240 Not Found: /api/clients/other-client-id-2/
WARNING 2026-02-25 11:12:14,468 log 64274 8562434240 Unauthorized: /api/clients/
WARNING 2026-02-25 11:12:16,072 log 64274 8562434240 Forbidden: /api/metrics/
WARNING 2026-02-25 11:12:17,081 log 64274 8562434240 Forbidden: /api/system/info/
WARNING 2026-02-25 11:12:19,991 log 64274 8562434240 Bad Request: /api/oidc/register/
WARNING 2026-02-25 11:12:20,264 log 64274 8562434240 Unauthorized: /api/oidc/register/
INFO 2026-02-25 11:12:20,767 client 64274 8562434240 New client registered: 7gIuYs1O4K5r9fcEJ19L4wI0N4N47xKcWoHkcxQl by user 31
WARNING 2026-02-25 11:12:21,028 log 64274 8562434240 Method Not Allowed: /api/oidc/register/
WARNING 2026-02-25 11:12:21,066 log 64274 8562434240 Method Not Allowed: /api/oidc/jwks/
WARNING 2026-02-25 11:12:21,096 permissions 64274 8562434240 Invalid Basic Auth header from 127.0.0.1
WARNING 2026-02-25 11:12:21,099 permissions 64274 8562434240 Invalid client secret for client_id clientid from 127.0.0.1
INFO 2026-02-25 11:12:21,101 permissions 64274 8562434240 Client clientid authenticated from 127.0.0.1
INFO 2026-02-25 11:12:21,102 permissions 64274 8562434240 Client clientid authenticated from 127.0.0.1
WARNING 2026-02-25 11:12:21,104 permissions 64274 8562434240 Invalid client secret for client_id clientid from 127.0.0.1
WARNING 2026-02-25 11:12:21,106 permissions 64274 8562434240 Missing client credentials from 127.0.0.1
WARNING 2026-02-25 11:12:21,107 permissions 64274 8562434240 Invalid client secret for client_id unknown from 127.0.0.1
WARNING 2026-02-25 11:12:21,143 log 64274 8562434240 Method Not Allowed: /api/oidc/provider-info/
INFO 2026-02-25 11:12:21,715 signals 64274 8562434240 Access token created for user 33 via client sfj3F456igBgluoN01353K8n1OgVIlIx2hST7e1D
INFO 2026-02-25 11:12:22,261 signals 64274 8562434240 Access token created for user 34 via client qJwVohI4dzleui5NKOu2NNrLr1uCOfxws9hMbCie
WARNING 2026-02-25 11:12:22,278 log 64274 8562434240 Not Found: /api/oidc/sessions/99999/
INFO 2026-02-25 11:12:22,768 signals 64274 8562434240 Access token created for user 35 via client sieSFe6mCcQ5aOvPjMLO6p74Rnnm0WhTdqh2xH6r
WARNING 2026-02-25 11:12:22,773 log 64274 8562434240 Unauthorized: /api/oidc/sessions/1/
INFO 2026-02-25 11:12:23,267 signals 64274 8562434240 Access token created for user 36 via client QID2bsoEV5GdT8iVF7ooo6qJJDy5JDdakDLfzL0J
WARNING 2026-02-25 11:12:23,272 log 64274 8562434240 Unauthorized: /api/oidc/sessions/1/
INFO 2026-02-25 11:12:23,797 signals 64274 8562434240 Access token created for user 37 via client qAkPq25yoKdjkugelVPnwYRX5p7ZOz9kPzPfgJDh
INFO 2026-02-25 11:12:24,314 signals 64274 8562434240 Access token created for user 38 via client T5G8KESyDMVVuPxDuI7n9GkcFxvdDTdYEKltGdw9
WARNING 2026-02-25 11:12:24,319 log 64274 8562434240 Unauthorized: /api/oidc/sessions/
INFO 2026-02-25 11:12:24,805 signals 64274 8562434240 Access token created for user 39 via client VpzQ1AIDluniCl94lB98CRLsEt1mvIMLOGFKnEl9
WARNING 2026-02-25 11:12:24,810 log 64274 8562434240 Unauthorized: /api/oidc/sessions/
INFO 2026-02-25 11:12:25,304 signals 64274 8562434240 Access token created for user 40 via client IM8WOeCMrcIOz5OIXOIgpXAKav8sNAstYtYjH5xT
INFO 2026-02-25 11:12:25,305 signals 64274 8562434240 Access token created for user 40 via client IM8WOeCMrcIOz5OIXOIgpXAKav8sNAstYtYjH5xT
WARNING 2026-02-25 11:12:25,314 log 64274 8562434240 Unauthorized: /api/oidc/sessions/
INFO 2026-02-25 11:12:25,802 signals 64274 8562434240 Access token created for user 41 via client YYoWiRiHsizn3sByhCsncwWL3fKH4kQd44MNhcg1
WARNING 2026-02-25 11:12:25,812 log 64274 8562434240 Unauthorized: /api/oidc/sessions/
INFO 2026-02-25 11:12:26,308 signals 64274 8562434240 Access token created for user 42 via client 2NWBuaoTdK7RlafYnGBh4IvqOPY8MPUexDU3HVQl
WARNING 2026-02-25 11:12:26,313 log 64274 8562434240 Unauthorized: /api/oidc/sessions/
INFO 2026-02-25 11:12:26,802 signals 64274 8562434240 Access token created for user 43 via client VzxIQJsOeXwRsMIeLsZhEPdcsivnSBK2FoXi1Ten
WARNING 2026-02-25 11:12:26,808 log 64274 8562434240 Unauthorized: /api/oidc/sessions/
INFO 2026-02-25 11:12:27,307 signals 64274 8562434240 Access token created for user 44 via client PtDfmTrqKiFagZXq73gK2nM2lYzUNLSiA8TTSDI2
WARNING 2026-02-25 11:12:27,312 log 64274 8562434240 Unauthorized: /api/oidc/sessions/
INFO 2026-02-25 11:12:29,637 signals 64274 8562434240 Access token created for user 52 via client xKNTRumzlAKZrghPkUywZPcEZItryAYggiiuoti7
INFO 2026-02-25 11:12:29,650 permissions 64274 8562434240 Client xKNTRumzlAKZrghPkUywZPcEZItryAYggiiuoti7 authenticated from 127.0.0.1
INFO 2026-02-25 11:12:29,657 token 64274 8562434240 Access token revoked: Ij62yWFh0t...
INFO 2026-02-25 11:12:30,165 signals 64274 8562434240 Access token created for user 53 via client BqCr8iQRL0wEFdXL11TNdZuQbeZ30N3xIMGLj8KN
INFO 2026-02-25 11:12:30,169 permissions 64274 8562434240 Client BqCr8iQRL0wEFdXL11TNdZuQbeZ30N3xIMGLj8KN authenticated from 127.0.0.1
INFO 2026-02-25 11:12:30,676 signals 64274 8562434240 Access token created for user 54 via client oLguFlvc6WsLuABsOUnkUxHyvh5yppa4QTYHXGyf
INFO 2026-02-25 11:12:30,681 permissions 64274 8562434240 Client oLguFlvc6WsLuABsOUnkUxHyvh5yppa4QTYHXGyf authenticated from 127.0.0.1
INFO 2026-02-25 11:12:30,685 token 64274 8562434240 Refresh token revoked: C35SgMhvpz...
INFO 2026-02-25 11:12:31,189 signals 64274 8562434240 Access token created for user 55 via client FR3FkgCMQa3wXxe650US0D83PG7LECbp6wHlCvrf
INFO 2026-02-25 11:12:31,193 permissions 64274 8562434240 Client FR3FkgCMQa3wXxe650US0D83PG7LECbp6wHlCvrf authenticated from 127.0.0.1
WARNING 2026-02-25 11:12:31,200 log 64274 8562434240 Bad Request: /api/oidc/revoke/
INFO 2026-02-25 11:12:31,697 signals 64274 8562434240 Access token created for user 56 via client wl0xgbKIqLbsxgwHQtimHHpEAEk5lNg3Xl7eD125
WARNING 2026-02-25 11:12:31,703 log 64274 8562434240 Method Not Allowed: /api/oidc/revoke/
INFO 2026-02-25 11:12:32,191 signals 64274 8562434240 Access token created for user 57 via client 3kgevF5rKaKE28L6BDhvjpboOs3YcSlEg6a4XE4y
INFO 2026-02-25 11:12:32,195 permissions 64274 8562434240 Client 3kgevF5rKaKE28L6BDhvjpboOs3YcSlEg6a4XE4y authenticated from 127.0.0.1
WARNING 2026-02-25 11:12:32,200 log 64274 8562434240 Bad Request: /api/oidc/revoke/
INFO 2026-02-25 11:12:32,713 signals 64274 8562434240 Access token created for user 58 via client GpXrNPPFdYU4uvzNFleUHSyk4z1Sx3lLz4CxlaO5
WARNING 2026-02-25 11:12:32,717 permissions 64274 8562434240 Unknown client_id wrongid from 127.0.0.1
WARNING 2026-02-25 11:12:32,722 log 64274 8562434240 Unauthorized: /api/oidc/revoke/
INFO 2026-02-25 11:12:33,211 signals 64274 8562434240 Access token created for user 59 via client q4NyjAXVqErcLC1bHhEHCO5wAiYnbeiGUrp5dVOC
WARNING 2026-02-25 11:12:33,213 permissions 64274 8562434240 Missing client credentials from 127.0.0.1
WARNING 2026-02-25 11:12:33,218 log 64274 8562434240 Unauthorized: /api/oidc/revoke/
INFO 2026-02-25 11:12:33,253 validators 64274 8562434240 Token issued for user 1 via test_idp
INFO 2026-02-25 11:12:33,768 signals 64274 8562434240 Access token created for user 60 via client test_client_id
INFO 2026-02-25 11:12:33,773 permissions 64274 8562434240 Client test_client_id authenticated from 127.0.0.1
INFO 2026-02-25 11:12:34,289 signals 64274 8562434240 Access token created for user 61 via client test_client_id
INFO 2026-02-25 11:12:34,292 permissions 64274 8562434240 Client test_client_id authenticated from 127.0.0.1
INFO 2026-02-25 11:12:34,799 signals 64274 8562434240 Access token created for user 62 via client test_client_id
WARNING 2026-02-25 11:12:34,803 permissions 64274 8562434240 Unknown client_id bad from 127.0.0.1
WARNING 2026-02-25 11:12:34,808 log 64274 8562434240 Unauthorized: /api/oidc/introspect/
INFO 2026-02-25 11:12:35,324 signals 64274 8562434240 Access token created for user 63 via client b608GTZSmabU9d1c36A1KqGDLUCSQL2sz1RHwmGQ
INFO 2026-02-25 11:12:35,851 signals 64274 8562434240 Access token created for user 64 via client SKVz5w4bXcCyUQ3jHPcoygCa1BRiUIvBynwSTkHB
WARNING 2026-02-25 11:12:35,856 log 64274 8562434240 Unauthorized: /api/oidc/userinfo/
INFO 2026-02-25 11:12:35,913 pipeline 64274 8562434240 Updated UserProfile for test@example.com via google-oauth2
INFO 2026-02-25 11:12:35,930 pipeline 64274 8562434240 Updated UserProfile for test@example.com via google-oauth2
WARNING 2026-02-25 11:12:35,948 pipeline 64274 8562434240 Email domain notallowed.com not allowed for google-oauth2. Allowed domains: ['example.com']
WARNING 2026-02-25 11:12:35,950 pipeline 64274 8562434240 No email provided for google-oauth2 authentication
WARNING 2026-02-25 11:12:35,950 pipeline 64274 8562434240 No email provided for google-oauth2 authentication
INFO 2026-02-25 11:12:35,991 pipeline 64274 8562434240 Social auth attempt via google-oauth2 for email: newuser@example.com
INFO 2026-02-25 11:12:36,011 pipeline 64274 8562434240 Updated UserProfile for newuser@example.com via google-oauth2
INFO 2026-02-25 11:12:36,034 pipeline 64274 8562434240 Social auth attempt via google-oauth2 for email: user@forbidden.com
WARNING 2026-02-25 11:12:36,035 pipeline 64274 8562434240 Email domain forbidden.com not allowed for google-oauth2. Allowed domains: ['allowed.com']
INFO 2026-02-25 11:12:36,036 pipeline 64274 8562434240 Social auth attempt via google-oauth2 for email: user@example.com
WARNING 2026-02-25 11:12:43,984 log 64274 8562434240 Bad Request: /api/users/password/reset/confirm/
WARNING 2026-02-25 11:12:44,308 log 64274 8562434240 Bad Request: /api/users/password/reset/request/
WARNING 2026-02-25 11:12:45,075 log 64274 8562434240 Not Found: /api/users/95/public/
WARNING 2026-02-25 11:12:45,952 log 64274 8562434240 Bad Request: /api/users/verify-email/
WARNING 2026-02-25 11:14:09,257 log 65375 8562434240 Not Found: /api/clients/other-client-id-2/
WARNING 2026-02-25 11:14:10,281 log 65375 8562434240 Unauthorized: /api/clients/
WARNING 2026-02-25 11:14:11,897 log 65375 8562434240 Forbidden: /api/metrics/
WARNING 2026-02-25 11:14:12,899 log 65375 8562434240 Forbidden: /api/system/info/
WARNING 2026-02-25 11:14:15,910 log 65375 8562434240 Bad Request: /api/oidc/register/
WARNING 2026-02-25 11:14:16,185 log 65375 8562434240 Unauthorized: /api/oidc/register/
INFO 2026-02-25 11:14:16,689 client 65375 8562434240 New client registered: 6qx4SaESaTNIwMfoNyjG7yrYzKWtbdaXiIBOwZN1 by user 31
WARNING 2026-02-25 11:14:16,952 log 65375 8562434240 Method Not Allowed: /api/oidc/register/
WARNING 2026-02-25 11:14:16,997 log 65375 8562434240 Method Not Allowed: /api/oidc/jwks/
WARNING 2026-02-25 11:14:17,026 permissions 65375 8562434240 Invalid Basic Auth header from 127.0.0.1
WARNING 2026-02-25 11:14:17,028 permissions 65375 8562434240 Invalid client secret for client_id clientid from 127.0.0.1
INFO 2026-02-25 11:14:17,030 permissions 65375 8562434240 Client clientid authenticated from 127.0.0.1
INFO 2026-02-25 11:14:17,032 permissions 65375 8562434240 Client clientid authenticated from 127.0.0.1
WARNING 2026-02-25 11:14:17,034 permissions 65375 8562434240 Invalid client secret for client_id clientid from 127.0.0.1
WARNING 2026-02-25 11:14:17,035 permissions 65375 8562434240 Missing client credentials from 127.0.0.1
WARNING 2026-02-25 11:14:17,037 permissions 65375 8562434240 Invalid client secret for client_id unknown from 127.0.0.1
WARNING 2026-02-25 11:14:17,076 log 65375 8562434240 Method Not Allowed: /api/oidc/provider-info/
INFO 2026-02-25 11:14:17,642 signals 65375 8562434240 Access token created for user 33 via client HEHFoEY9N2GnzsAygCqo8MfHmrwDGohOCoCqNi6G
INFO 2026-02-25 11:14:18,177 signals 65375 8562434240 Access token created for user 34 via client R1nssND4m017fd6e5KyRp7EzcbAzXJqpJ6rAohYP
WARNING 2026-02-25 11:14:18,190 log 65375 8562434240 Not Found: /api/oidc/sessions/99999/
INFO 2026-02-25 11:14:18,695 signals 65375 8562434240 Access token created for user 35 via client RyzGZWBmIBwrBXF08iwzFN6hHkptA0gULmZAaXwe
WARNING 2026-02-25 11:14:18,701 log 65375 8562434240 Unauthorized: /api/oidc/sessions/1/
INFO 2026-02-25 11:14:19,196 signals 65375 8562434240 Access token created for user 36 via client wwWV8akAPQhoovDoMAYBuXijOyGnnunLF0W1YjlC
WARNING 2026-02-25 11:14:19,202 log 65375 8562434240 Unauthorized: /api/oidc/sessions/1/
INFO 2026-02-25 11:14:19,715 signals 65375 8562434240 Access token created for user 37 via client X8SVbBjok0qdLr7RpUSscOEVleozUBW43CJrnO1G
INFO 2026-02-25 11:14:20,241 signals 65375 8562434240 Access token created for user 38 via client HZ2eOagvKUDZMclCnYGEOcc0mthzU2azDVwJhU3u
WARNING 2026-02-25 11:14:20,246 log 65375 8562434240 Unauthorized: /api/oidc/sessions/
INFO 2026-02-25 11:14:20,736 signals 65375 8562434240 Access token created for user 39 via client czGNt5hl2qt2nk6DUUYbjREPKnOGIay702ldWfQE
WARNING 2026-02-25 11:14:20,741 log 65375 8562434240 Unauthorized: /api/oidc/sessions/
INFO 2026-02-25 11:14:21,232 signals 65375 8562434240 Access token created for user 40 via client tuACKBr1hrTWpnj2ZvUOd4DwkEu4vORVSZF3yv1Y
INFO 2026-02-25 11:14:21,233 signals 65375 8562434240 Access token created for user 40 via client tuACKBr1hrTWpnj2ZvUOd4DwkEu4vORVSZF3yv1Y
WARNING 2026-02-25 11:14:21,244 log 65375 8562434240 Unauthorized: /api/oidc/sessions/
INFO 2026-02-25 11:14:21,736 signals 65375 8562434240 Access token created for user 41 via client W4w7uMC0XyaFYXKwG7CL0OQOxuuvIpkoE8qJ698i
WARNING 2026-02-25 11:14:21,747 log 65375 8562434240 Unauthorized: /api/oidc/sessions/
INFO 2026-02-25 11:14:22,237 signals 65375 8562434240 Access token created for user 42 via client DJk5mpP9QSvDYJpyz2AYVJ07GfoD05ipXAAPxoYK
WARNING 2026-02-25 11:14:22,242 log 65375 8562434240 Unauthorized: /api/oidc/sessions/
INFO 2026-02-25 11:14:22,735 signals 65375 8562434240 Access token created for user 43 via client QYENiLFQKZwVf2QGpurr2qoexSMR7YZrMl4XTYVx
WARNING 2026-02-25 11:14:22,741 log 65375 8562434240 Unauthorized: /api/oidc/sessions/
INFO 2026-02-25 11:14:23,225 signals 65375 8562434240 Access token created for user 44 via client QYMVnsCaHIeqQoe7ni1BXVAwy4l5RmU6dK6VI9f6
WARNING 2026-02-25 11:14:23,230 log 65375 8562434240 Unauthorized: /api/oidc/sessions/
INFO 2026-02-25 11:14:25,544 signals 65375 8562434240 Access token created for user 52 via client f8ndO5LxMcBsE1h9DM0x3G6kptum0xm5yA2EGtgU
INFO 2026-02-25 11:14:25,556 permissions 65375 8562434240 Client f8ndO5LxMcBsE1h9DM0x3G6kptum0xm5yA2EGtgU authenticated from 127.0.0.1
INFO 2026-02-25 11:14:25,562 token 65375 8562434240 Access token revoked: SjY3aNXCch...
INFO 2026-02-25 11:14:26,067 signals 65375 8562434240 Access token created for user 53 via client LWmM3Aaq5ja71Bj4QUy5Ll78G2j5CBputuStfSyX
INFO 2026-02-25 11:14:26,071 permissions 65375 8562434240 Client LWmM3Aaq5ja71Bj4QUy5Ll78G2j5CBputuStfSyX authenticated from 127.0.0.1
INFO 2026-02-25 11:14:26,575 signals 65375 8562434240 Access token created for user 54 via client 9bu19mwzOEA12YpGNuiDjCVpPSBx9GX1fAEcN2AO
INFO 2026-02-25 11:14:26,579 permissions 65375 8562434240 Client 9bu19mwzOEA12YpGNuiDjCVpPSBx9GX1fAEcN2AO authenticated from 127.0.0.1
INFO 2026-02-25 11:14:26,584 token 65375 8562434240 Refresh token revoked: Jd9SO8TZzp...
INFO 2026-02-25 11:14:27,096 signals 65375 8562434240 Access token created for user 55 via client 2Qhi9sAJQVDCFmuawLWCJGE4HYK0kVwer5gC7mdq
INFO 2026-02-25 11:14:27,100 permissions 65375 8562434240 Client 2Qhi9sAJQVDCFmuawLWCJGE4HYK0kVwer5gC7mdq authenticated from 127.0.0.1
WARNING 2026-02-25 11:14:27,106 log 65375 8562434240 Bad Request: /api/oidc/revoke/
INFO 2026-02-25 11:14:27,602 signals 65375 8562434240 Access token created for user 56 via client izMOCNUA9sII2r0uLfyChpYUxFYZ9FHN0slpbTtP
WARNING 2026-02-25 11:14:27,608 log 65375 8562434240 Method Not Allowed: /api/oidc/revoke/
INFO 2026-02-25 11:14:28,097 signals 65375 8562434240 Access token created for user 57 via client UjyxxDJuohhWScv14z3hSHGRvpPVaVlwDjaJH9Z9
INFO 2026-02-25 11:14:28,101 permissions 65375 8562434240 Client UjyxxDJuohhWScv14z3hSHGRvpPVaVlwDjaJH9Z9 authenticated from 127.0.0.1
WARNING 2026-02-25 11:14:28,106 log 65375 8562434240 Bad Request: /api/oidc/revoke/
INFO 2026-02-25 11:14:28,604 signals 65375 8562434240 Access token created for user 58 via client cx7feTmD5NdSWvbx6W0qMCozQETZ7AZK4cp91GXS
WARNING 2026-02-25 11:14:28,607 permissions 65375 8562434240 Unknown client_id wrongid from 127.0.0.1
WARNING 2026-02-25 11:14:28,612 log 65375 8562434240 Unauthorized: /api/oidc/revoke/
INFO 2026-02-25 11:14:29,103 signals 65375 8562434240 Access token created for user 59 via client 5LoWT1REYje0YxpI3dmy9FrGbXHC9SfFvyWMPpBY
WARNING 2026-02-25 11:14:29,105 permissions 65375 8562434240 Missing client credentials from 127.0.0.1
WARNING 2026-02-25 11:14:29,109 log 65375 8562434240 Unauthorized: /api/oidc/revoke/
INFO 2026-02-25 11:14:29,144 validators 65375 8562434240 Token issued for user 1 via test_idp
INFO 2026-02-25 11:14:29,667 signals 65375 8562434240 Access token created for user 60 via client test_client_id
INFO 2026-02-25 11:14:29,673 permissions 65375 8562434240 Client test_client_id authenticated from 127.0.0.1
INFO 2026-02-25 11:14:30,188 signals 65375 8562434240 Access token created for user 61 via client test_client_id
INFO 2026-02-25 11:14:30,191 permissions 65375 8562434240 Client test_client_id authenticated from 127.0.0.1
INFO 2026-02-25 11:14:30,691 signals 65375 8562434240 Access token created for user 62 via client test_client_id
WARNING 2026-02-25 11:14:30,695 permissions 65375 8562434240 Unknown client_id bad from 127.0.0.1
WARNING 2026-02-25 11:14:30,700 log 65375 8562434240 Unauthorized: /api/oidc/introspect/
INFO 2026-02-25 11:14:31,216 signals 65375 8562434240 Access token created for user 63 via client liZlUEvrMDsw7lkUG99W7L4DEYkM4gd6GBSarQ3Q
INFO 2026-02-25 11:14:31,731 signals 65375 8562434240 Access token created for user 64 via client 0lx703Me6ozY406hcN1mPppVTPiwBIdDjwGJE8SU
WARNING 2026-02-25 11:14:31,736 log 65375 8562434240 Unauthorized: /api/oidc/userinfo/
INFO 2026-02-25 11:14:31,786 pipeline 65375 8562434240 Updated UserProfile for test@example.com via google-oauth2
INFO 2026-02-25 11:14:31,799 pipeline 65375 8562434240 Updated UserProfile for test@example.com via google-oauth2
WARNING 2026-02-25 11:14:31,815 pipeline 65375 8562434240 Email domain notallowed.com not allowed for google-oauth2. Allowed domains: ['example.com']
WARNING 2026-02-25 11:14:31,816 pipeline 65375 8562434240 No email provided for google-oauth2 authentication
WARNING 2026-02-25 11:14:31,816 pipeline 65375 8562434240 No email provided for google-oauth2 authentication
INFO 2026-02-25 11:14:31,854 pipeline 65375 8562434240 Social auth attempt via google-oauth2 for email: newuser@example.com
INFO 2026-02-25 11:14:31,874 pipeline 65375 8562434240 Updated UserProfile for newuser@example.com via google-oauth2
INFO 2026-02-25 11:14:31,899 pipeline 65375 8562434240 Social auth attempt via google-oauth2 for email: user@forbidden.com
WARNING 2026-02-25 11:14:31,900 pipeline 65375 8562434240 Email domain forbidden.com not allowed for google-oauth2. Allowed domains: ['allowed.com']
INFO 2026-02-25 11:14:31,901 pipeline 65375 8562434240 Social auth attempt via google-oauth2 for email: user@example.com
WARNING 2026-02-25 11:14:39,675 log 65375 8562434240 Bad Request: /api/users/password/reset/confirm/
WARNING 2026-02-25 11:14:39,968 log 65375 8562434240 Bad Request: /api/users/password/reset/request/
WARNING 2026-02-25 11:14:40,530 log 65375 8562434240 Not Found: /api/users/95/public/
WARNING 2026-02-25 11:14:41,676 log 65375 8562434240 Bad Request: /api/users/verify-email/
INFO 2026-02-25 11:15:38,887 autoreload 63922 8562434240 /Users/dhrubajyotiborah/Documents/Projects/hcs_sso_with_oidc/apps/api/urls.py changed, reloading.
ERROR 2026-02-25 11:15:39,773 apps 66202 8562434240 Failed to register custom backends: argument of type 'module' is not iterable
INFO 2026-02-25 11:15:39,773 apps 66202 8562434240 Enabled providers: Google, Facebook
INFO 2026-02-25 11:15:39,774 apps 66202 8562434240 ✅ Social authentication app initialized successfully
INFO 2026-02-25 11:15:39,782 autoreload 66202 8562434240 Watching for file changes with StatReloader
WARNING 2026-02-25 11:15:50,226 log 66298 8562434240 Not Found: /api/clients/other-client-id-2/
WARNING 2026-02-25 11:15:51,238 log 66298 8562434240 Unauthorized: /api/clients/
WARNING 2026-02-25 11:15:52,847 log 66298 8562434240 Forbidden: /api/metrics/
WARNING 2026-02-25 11:15:53,833 log 66298 8562434240 Forbidden: /api/system/info/
WARNING 2026-02-25 11:15:56,708 log 66298 8562434240 Bad Request: /api/oidc/register/
WARNING 2026-02-25 11:15:56,976 log 66298 8562434240 Unauthorized: /api/oidc/register/
INFO 2026-02-25 11:15:57,478 client 66298 8562434240 New client registered: kMDlmIO4Mab0A2QyaD6Smaol8Jy1N6uy1ZZ96hA9 by user 31
WARNING 2026-02-25 11:15:57,737 log 66298 8562434240 Method Not Allowed: /api/oidc/register/
WARNING 2026-02-25 11:15:57,770 log 66298 8562434240 Method Not Allowed: /api/oidc/jwks/
WARNING 2026-02-25 11:15:57,796 permissions 66298 8562434240 Invalid Basic Auth header from 127.0.0.1
WARNING 2026-02-25 11:15:57,798 permissions 66298 8562434240 Invalid client secret for client_id clientid from 127.0.0.1
INFO 2026-02-25 11:15:57,801 permissions 66298 8562434240 Client clientid authenticated from 127.0.0.1
INFO 2026-02-25 11:15:57,802 permissions 66298 8562434240 Client clientid authenticated from 127.0.0.1
WARNING 2026-02-25 11:15:57,803 permissions 66298 8562434240 Invalid client secret for client_id clientid from 127.0.0.1
WARNING 2026-02-25 11:15:57,805 permissions 66298 8562434240 Missing client credentials from 127.0.0.1
WARNING 2026-02-25 11:15:57,806 permissions 66298 8562434240 Invalid client secret for client_id unknown from 127.0.0.1
WARNING 2026-02-25 11:15:57,840 log 66298 8562434240 Method Not Allowed: /api/oidc/provider-info/
INFO 2026-02-25 11:15:58,417 signals 66298 8562434240 Access token created for user 33 via client kxxvAqpFqyjmruZAdEFLG3rm6m4ND2TmeQxOmh6B
INFO 2026-02-25 11:15:58,958 signals 66298 8562434240 Access token created for user 34 via client u4hfla6sWCiPUI3iJplz5DJmG9SPOTF21pUfyPDJ
WARNING 2026-02-25 11:15:58,971 log 66298 8562434240 Not Found: /api/oidc/sessions/99999/
INFO 2026-02-25 11:15:59,457 signals 66298 8562434240 Access token created for user 35 via client RWG6JNQe0Q0NzSyXvcQX81fdtan9D6prVc1zDSHI
WARNING 2026-02-25 11:15:59,462 log 66298 8562434240 Unauthorized: /api/oidc/sessions/1/
INFO 2026-02-25 11:15:59,951 signals 66298 8562434240 Access token created for user 36 via client MkEfUk6xVS2LcMVsZPTMuWmpS0d5qzo8tAjtJcW6
WARNING 2026-02-25 11:15:59,955 log 66298 8562434240 Unauthorized: /api/oidc/sessions/1/
INFO 2026-02-25 11:16:00,477 signals 66298 8562434240 Access token created for user 37 via client rg7r8O1vvxPjvCfZZStsTb8ThbnZCqcrmQ9dIMrL
INFO 2026-02-25 11:16:00,992 signals 66298 8562434240 Access token created for user 38 via client cZnyVG6uwUZJLdcxb908YQMwJ7RAf1plAB6ES3mX
WARNING 2026-02-25 11:16:00,996 log 66298 8562434240 Unauthorized: /api/oidc/sessions/
INFO 2026-02-25 11:16:01,484 signals 66298 8562434240 Access token created for user 39 via client KMP4ZKk06lJpKcRpFnPLxMyR9LxM24n2wmtwClmk
WARNING 2026-02-25 11:16:01,490 log 66298 8562434240 Unauthorized: /api/oidc/sessions/
INFO 2026-02-25 11:16:01,978 signals 66298 8562434240 Access token created for user 40 via client 2dCr3oIWJbQaxCEc4RUABTPb9VBv6Dp0awLIgjNk
INFO 2026-02-25 11:16:01,979 signals 66298 8562434240 Access token created for user 40 via client 2dCr3oIWJbQaxCEc4RUABTPb9VBv6Dp0awLIgjNk
WARNING 2026-02-25 11:16:01,986 log 66298 8562434240 Unauthorized: /api/oidc/sessions/
INFO 2026-02-25 11:16:02,475 signals 66298 8562434240 Access token created for user 41 via client Q0dKUVSi4FwmpsMTY9TGQrWCAMjdaI5Dc8KcBOis
WARNING 2026-02-25 11:16:02,485 log 66298 8562434240 Unauthorized: /api/oidc/sessions/
INFO 2026-02-25 11:16:02,977 signals 66298 8562434240 Access token created for user 42 via client W374XVJ02HXAcsOUgWQoqiyAnIeoDDGMjluiDGyh
WARNING 2026-02-25 11:16:02,981 log 66298 8562434240 Unauthorized: /api/oidc/sessions/
INFO 2026-02-25 11:16:03,468 signals 66298 8562434240 Access token created for user 43 via client JamPgB2m8T1LBiAZkPKSqdkHBnaCOGbhnYQ6UIca
WARNING 2026-02-25 11:16:03,473 log 66298 8562434240 Unauthorized: /api/oidc/sessions/
INFO 2026-02-25 11:16:03,959 signals 66298 8562434240 Access token created for user 44 via client DMUQ3qYnPiOjtBJZJ70OYenN91IknYCzaAkAg6Es
WARNING 2026-02-25 11:16:03,964 log 66298 8562434240 Unauthorized: /api/oidc/sessions/
INFO 2026-02-25 11:16:06,261 signals 66298 8562434240 Access token created for user 52 via client t0cO6WPr7GLh7fn1RIhv5qMaonrnCACbYQ7QKHiT
INFO 2026-02-25 11:16:06,273 permissions 66298 8562434240 Client t0cO6WPr7GLh7fn1RIhv5qMaonrnCACbYQ7QKHiT authenticated from 127.0.0.1
INFO 2026-02-25 11:16:06,280 token 66298 8562434240 Access token revoked: Q5fHcAzbWF...
INFO 2026-02-25 11:16:06,782 signals 66298 8562434240 Access token created for user 53 via client f8Vc0UdHmPceH7K3qr14PMDbQTQT8MWpkk06NY1o
INFO 2026-02-25 11:16:06,786 permissions 66298 8562434240 Client f8Vc0UdHmPceH7K3qr14PMDbQTQT8MWpkk06NY1o authenticated from 127.0.0.1
INFO 2026-02-25 11:16:07,303 signals 66298 8562434240 Access token created for user 54 via client 4OW1kwiD0tdy7CeniANf1sHz8ijBMv0lbTuDRMln
INFO 2026-02-25 11:16:07,307 permissions 66298 8562434240 Client 4OW1kwiD0tdy7CeniANf1sHz8ijBMv0lbTuDRMln authenticated from 127.0.0.1
INFO 2026-02-25 11:16:07,312 token 66298 8562434240 Refresh token revoked: 6zB6tYbVyO...
INFO 2026-02-25 11:16:07,815 signals 66298 8562434240 Access token created for user 55 via client LqIVFCSPs8TbVn9R7HH7bAh6RgPKiTeZNbZZ0p2F
INFO 2026-02-25 11:16:07,819 permissions 66298 8562434240 Client LqIVFCSPs8TbVn9R7HH7bAh6RgPKiTeZNbZZ0p2F authenticated from 127.0.0.1
WARNING 2026-02-25 11:16:07,824 log 66298 8562434240 Bad Request: /api/oidc/revoke/
INFO 2026-02-25 11:16:08,315 signals 66298 8562434240 Access token created for user 56 via client gD6wnaJmNNkQFdN3PcZ8L3uexmQTgCj8DwPFeytw
WARNING 2026-02-25 11:16:08,321 log 66298 8562434240 Method Not Allowed: /api/oidc/revoke/
INFO 2026-02-25 11:16:08,923 signals 66298 8562434240 Access token created for user 57 via client ITqTLx1xEYVZIo1mJnltShmDcfSlKVcy9Bi7tc7R
INFO 2026-02-25 11:16:08,927 permissions 66298 8562434240 Client ITqTLx1xEYVZIo1mJnltShmDcfSlKVcy9Bi7tc7R authenticated from 127.0.0.1
WARNING 2026-02-25 11:16:08,932 log 66298 8562434240 Bad Request: /api/oidc/revoke/
INFO 2026-02-25 11:16:09,425 signals 66298 8562434240 Access token created for user 58 via client gJK8y54XqCp1LeJSjfc7EhLtdvi7QokcfzSCkdAY
WARNING 2026-02-25 11:16:09,428 permissions 66298 8562434240 Unknown client_id wrongid from 127.0.0.1
WARNING 2026-02-25 11:16:09,433 log 66298 8562434240 Unauthorized: /api/oidc/revoke/
INFO 2026-02-25 11:16:09,924 signals 66298 8562434240 Access token created for user 59 via client gfVPo5JoGfpSqhBo5PgoMeLcJriVWlfq5QlDZTkz
WARNING 2026-02-25 11:16:09,926 permissions 66298 8562434240 Missing client credentials from 127.0.0.1
WARNING 2026-02-25 11:16:09,930 log 66298 8562434240 Unauthorized: /api/oidc/revoke/
INFO 2026-02-25 11:16:09,969 validators 66298 8562434240 Token issued for user 1 via test_idp
INFO 2026-02-25 11:16:10,477 signals 66298 8562434240 Access token created for user 60 via client test_client_id
INFO 2026-02-25 11:16:10,483 permissions 66298 8562434240 Client test_client_id authenticated from 127.0.0.1
INFO 2026-02-25 11:16:10,994 signals 66298 8562434240 Access token created for user 61 via client test_client_id
INFO 2026-02-25 11:16:10,998 permissions 66298 8562434240 Client test_client_id authenticated from 127.0.0.1
INFO 2026-02-25 11:16:11,508 signals 66298 8562434240 Access token created for user 62 via client test_client_id
WARNING 2026-02-25 11:16:11,511 permissions 66298 8562434240 Unknown client_id bad from 127.0.0.1
WARNING 2026-02-25 11:16:11,516 log 66298 8562434240 Unauthorized: /api/oidc/introspect/
INFO 2026-02-25 11:16:12,033 signals 66298 8562434240 Access token created for user 63 via client Ia1ZFzQy5SWcCksrcmsSzWjwu5QcnjkaYWcx4Tkw
INFO 2026-02-25 11:16:12,553 signals 66298 8562434240 Access token created for user 64 via client trYkq01wUiltpxwAHUTJvV3BzFXBUq6UTPKf1Lma
WARNING 2026-02-25 11:16:12,558 log 66298 8562434240 Unauthorized: /api/oidc/userinfo/
INFO 2026-02-25 11:16:12,613 pipeline 66298 8562434240 Updated UserProfile for test@example.com via google-oauth2
INFO 2026-02-25 11:16:12,630 pipeline 66298 8562434240 Updated UserProfile for test@example.com via google-oauth2
WARNING 2026-02-25 11:16:12,647 pipeline 66298 8562434240 Email domain notallowed.com not allowed for google-oauth2. Allowed domains: ['example.com']
WARNING 2026-02-25 11:16:12,648 pipeline 66298 8562434240 No email provided for google-oauth2 authentication
WARNING 2026-02-25 11:16:12,648 pipeline 66298 8562434240 No email provided for google-oauth2 authentication
INFO 2026-02-25 11:16:12,693 pipeline 66298 8562434240 Social auth attempt via google-oauth2 for email: newuser@example.com
INFO 2026-02-25 11:16:12,715 pipeline 66298 8562434240 Updated UserProfile for newuser@example.com via google-oauth2
INFO 2026-02-25 11:16:12,742 pipeline 66298 8562434240 Social auth attempt via google-oauth2 for email: user@forbidden.com
WARNING 2026-02-25 11:16:12,742 pipeline 66298 8562434240 Email domain forbidden.com not allowed for google-oauth2. Allowed domains: ['allowed.com']
INFO 2026-02-25 11:16:12,744 pipeline 66298 8562434240 Social auth attempt via google-oauth2 for email: user@example.com
WARNING 2026-02-25 11:16:20,404 log 66298 8562434240 Bad Request: /api/users/password/reset/confirm/
WARNING 2026-02-25 11:16:20,690 log 66298 8562434240 Bad Request: /api/users/password/reset/request/
WARNING 2026-02-25 11:16:21,249 log 66298 8562434240 Not Found: /api/users/95/public/
WARNING 2026-02-25 11:16:22,119 log 66298 8562434240 Bad Request: /api/users/verify-email/
WARNING 2026-02-25 11:20:00,416 log 68236 8562434240 Not Found: /api/clients/other-client-id-2/
WARNING 2026-02-25 11:20:01,411 log 68236 8562434240 Unauthorized: /api/clients/
WARNING 2026-02-25 11:20:02,983 log 68236 8562434240 Forbidden: /api/metrics/
WARNING 2026-02-25 11:20:03,973 log 68236 8562434240 Forbidden: /api/system/info/
WARNING 2026-02-25 11:20:27,257 log 68535 8562434240 Not Found: /api/clients/other-client-id-2/
WARNING 2026-02-25 11:20:28,251 log 68535 8562434240 Unauthorized: /api/clients/
WARNING 2026-02-25 11:20:29,941 log 68535 8562434240 Forbidden: /api/metrics/
WARNING 2026-02-25 11:20:30,922 log 68535 8562434240 Forbidden: /api/system/info/
WARNING 2026-02-25 11:20:33,773 log 68535 8562434240 Bad Request: /api/oidc/register/
WARNING 2026-02-25 11:20:34,042 log 68535 8562434240 Unauthorized: /api/oidc/register/
INFO 2026-02-25 11:20:34,537 client 68535 8562434240 New client registered: KENkmmesa9ud5uOAoRFtsn9Ez2eGbE5j9uJF0QxK by user 31
WARNING 2026-02-25 11:20:34,796 log 68535 8562434240 Method Not Allowed: /api/oidc/register/
WARNING 2026-02-25 11:20:34,838 log 68535 8562434240 Method Not Allowed: /api/oidc/jwks/
WARNING 2026-02-25 11:20:34,869 permissions 68535 8562434240 Invalid Basic Auth header from 127.0.0.1
WARNING 2026-02-25 11:20:34,871 permissions 68535 8562434240 Invalid client secret for client_id clientid from 127.0.0.1
INFO 2026-02-25 11:20:34,873 permissions 68535 8562434240 Client clientid authenticated from 127.0.0.1
INFO 2026-02-25 11:20:34,875 permissions 68535 8562434240 Client clientid authenticated from 127.0.0.1
WARNING 2026-02-25 11:20:34,876 permissions 68535 8562434240 Invalid client secret for client_id clientid from 127.0.0.1
WARNING 2026-02-25 11:20:34,878 permissions 68535 8562434240 Missing client credentials from 127.0.0.1
WARNING 2026-02-25 11:20:34,880 permissions 68535 8562434240 Invalid client secret for client_id unknown from 127.0.0.1
WARNING 2026-02-25 11:20:34,917 log 68535 8562434240 Method Not Allowed: /api/oidc/provider-info/
INFO 2026-02-25 11:20:35,484 signals 68535 8562434240 Access token created for user 33 via client jX8bXKrCKgdfUKRDlXaSImpEdrJca4vsDtZumCFJ
INFO 2026-02-25 11:20:36,016 signals 68535 8562434240 Access token created for user 34 via client QqxX0zf5uSzdhe9cLnTUYJYAkQM5ykNcGnRXyRrx
WARNING 2026-02-25 11:20:36,030 log 68535 8562434240 Not Found: /api/oidc/sessions/99999/
INFO 2026-02-25 11:20:36,509 signals 68535 8562434240 Access token created for user 35 via client rBxcCBGwa3qF4j9NnrYB3ghrb8IfumuYJoBdC94i
WARNING 2026-02-25 11:20:36,513 log 68535 8562434240 Unauthorized: /api/oidc/sessions/1/
INFO 2026-02-25 11:20:36,993 signals 68535 8562434240 Access token created for user 36 via client kshppXvaJUkTLO2TqjuXEce6ONBV2Tgft7Z33FC3
WARNING 2026-02-25 11:20:36,998 log 68535 8562434240 Unauthorized: /api/oidc/sessions/1/
INFO 2026-02-25 11:20:37,511 signals 68535 8562434240 Access token created for user 37 via client pc3U9tNPVzZkUwYAFNfo5eydBpc5HbLiT0t2A6zX
INFO 2026-02-25 11:20:38,017 signals 68535 8562434240 Access token created for user 38 via client IJo3R1dIDov5SkcIyrausYDq070lDFXsjDBQKAa6
WARNING 2026-02-25 11:20:38,022 log 68535 8562434240 Unauthorized: /api/oidc/sessions/
INFO 2026-02-25 11:20:38,499 signals 68535 8562434240 Access token created for user 39 via client b7j3iHZGkHZgFGr1zIm1PH89J7SH44AleMiw5vgX
WARNING 2026-02-25 11:20:38,504 log 68535 8562434240 Unauthorized: /api/oidc/sessions/
INFO 2026-02-25 11:20:38,982 signals 68535 8562434240 Access token created for user 40 via client 7YWuzXUagWp7Os9ywHMJiCt3ZzUjxMgxmIkE7x34
INFO 2026-02-25 11:20:38,983 signals 68535 8562434240 Access token created for user 40 via client 7YWuzXUagWp7Os9ywHMJiCt3ZzUjxMgxmIkE7x34
WARNING 2026-02-25 11:20:38,993 log 68535 8562434240 Unauthorized: /api/oidc/sessions/
INFO 2026-02-25 11:20:39,470 signals 68535 8562434240 Access token created for user 41 via client TkYzOB87aHEDd4MPcTZs2SLdu9TJjBRpFUl9T8Xy
WARNING 2026-02-25 11:20:39,480 log 68535 8562434240 Unauthorized: /api/oidc/sessions/
INFO 2026-02-25 11:20:39,962 signals 68535 8562434240 Access token created for user 42 via client PRx9LwUq6TZoYfYZW9r8XjJhlC7QYGIVHl1Kb1SF
WARNING 2026-02-25 11:20:39,968 log 68535 8562434240 Unauthorized: /api/oidc/sessions/
INFO 2026-02-25 11:20:40,446 signals 68535 8562434240 Access token created for user 43 via client shsey5VSdKEZxnDc1xyYXyNCDVSZSlQeBI0mldoo
WARNING 2026-02-25 11:20:40,452 log 68535 8562434240 Unauthorized: /api/oidc/sessions/
INFO 2026-02-25 11:20:40,962 signals 68535 8562434240 Access token created for user 44 via client tL82qmUYGOfteWvPomHJCCGYz7g28UnazTMT0x1w
WARNING 2026-02-25 11:20:40,967 log 68535 8562434240 Unauthorized: /api/oidc/sessions/
INFO 2026-02-25 11:20:43,280 signals 68535 8562434240 Access token created for user 52 via client EN5LZqlrcnfJoXoHdQLlvhcS6YDE6hcW2n3arlps
INFO 2026-02-25 11:20:43,293 permissions 68535 8562434240 Client EN5LZqlrcnfJoXoHdQLlvhcS6YDE6hcW2n3arlps authenticated from 127.0.0.1
INFO 2026-02-25 11:20:43,300 token 68535 8562434240 Access token revoked: m3cPVzRGYu...
INFO 2026-02-25 11:20:43,796 signals 68535 8562434240 Access token created for user 53 via client YBGDYGFoO4ssdCsddxVgKFEEXs7DhroPW10zuUBO
INFO 2026-02-25 11:20:43,799 permissions 68535 8562434240 Client YBGDYGFoO4ssdCsddxVgKFEEXs7DhroPW10zuUBO authenticated from 127.0.0.1
INFO 2026-02-25 11:20:44,294 signals 68535 8562434240 Access token created for user 54 via client oKQSbCrliHBtxO99WoOe8W7tnSNmZw4xWLIm6jW6
INFO 2026-02-25 11:20:44,297 permissions 68535 8562434240 Client oKQSbCrliHBtxO99WoOe8W7tnSNmZw4xWLIm6jW6 authenticated from 127.0.0.1
INFO 2026-02-25 11:20:44,302 token 68535 8562434240 Refresh token revoked: Ik5xtbz3if...
INFO 2026-02-25 11:20:44,792 signals 68535 8562434240 Access token created for user 55 via client 0srpdExvUl74GOxFT9h2qKEBDRNuQYc9JxhNskHJ
INFO 2026-02-25 11:20:44,795 permissions 68535 8562434240 Client 0srpdExvUl74GOxFT9h2qKEBDRNuQYc9JxhNskHJ authenticated from 127.0.0.1
WARNING 2026-02-25 11:20:44,802 log 68535 8562434240 Bad Request: /api/oidc/revoke/
INFO 2026-02-25 11:20:45,283 signals 68535 8562434240 Access token created for user 56 via client a5ILDT1RO19IzvPf3aiv7YPsAqFuzTM1TJxOBrcW
WARNING 2026-02-25 11:20:45,288 log 68535 8562434240 Method Not Allowed: /api/oidc/revoke/
INFO 2026-02-25 11:20:45,777 signals 68535 8562434240 Access token created for user 57 via client oAPcCcU3g0Y0Uc0TlMbUOtryNyKEGOtBm1jSmGsQ
INFO 2026-02-25 11:20:45,790 permissions 68535 8562434240 Client oAPcCcU3g0Y0Uc0TlMbUOtryNyKEGOtBm1jSmGsQ authenticated from 127.0.0.1
WARNING 2026-02-25 11:20:45,809 log 68535 8562434240 Bad Request: /api/oidc/revoke/
INFO 2026-02-25 11:20:46,368 signals 68535 8562434240 Access token created for user 58 via client NDxZOQgpCiPbGwTETScO0wEBzPQ5bXFHxt51rr2P
WARNING 2026-02-25 11:20:46,372 permissions 68535 8562434240 Unknown client_id wrongid from 127.0.0.1
WARNING 2026-02-25 11:20:46,377 log 68535 8562434240 Unauthorized: /api/oidc/revoke/
INFO 2026-02-25 11:20:46,857 signals 68535 8562434240 Access token created for user 59 via client mtRbZyn84lJz6nH9WhdMvF5MmioaWqumIyd87KYB
WARNING 2026-02-25 11:20:46,859 permissions 68535 8562434240 Missing client credentials from 127.0.0.1
WARNING 2026-02-25 11:20:46,863 log 68535 8562434240 Unauthorized: /api/oidc/revoke/
INFO 2026-02-25 11:20:46,900 validators 68535 8562434240 Token issued for user 1 via test_idp
INFO 2026-02-25 11:20:47,405 signals 68535 8562434240 Access token created for user 60 via client test_client_id
INFO 2026-02-25 11:20:47,411 permissions 68535 8562434240 Client test_client_id authenticated from 127.0.0.1
INFO 2026-02-25 11:20:47,911 signals 68535 8562434240 Access token created for user 61 via client test_client_id
INFO 2026-02-25 11:20:47,915 permissions 68535 8562434240 Client test_client_id authenticated from 127.0.0.1
INFO 2026-02-25 11:20:48,415 signals 68535 8562434240 Access token created for user 62 via client test_client_id
WARNING 2026-02-25 11:20:48,418 permissions 68535 8562434240 Unknown client_id bad from 127.0.0.1
WARNING 2026-02-25 11:20:48,423 log 68535 8562434240 Unauthorized: /api/oidc/introspect/
INFO 2026-02-25 11:20:48,932 signals 68535 8562434240 Access token created for user 63 via client 2J9idd51IUpi0k9XLeGXMvmrQthgNejxuuMgx6uV
INFO 2026-02-25 11:20:49,448 signals 68535 8562434240 Access token created for user 64 via client RakAReVJtkt0k3oBYdQd9jryoAhcCXhzTOr1IK0C
WARNING 2026-02-25 11:20:49,453 log 68535 8562434240 Unauthorized: /api/oidc/userinfo/
INFO 2026-02-25 11:20:49,513 pipeline 68535 8562434240 Updated UserProfile for test@example.com via google-oauth2
INFO 2026-02-25 11:20:49,532 pipeline 68535 8562434240 Updated UserProfile for test@example.com via google-oauth2
WARNING 2026-02-25 11:20:49,550 pipeline 68535 8562434240 Email domain notallowed.com not allowed for google-oauth2. Allowed domains: ['example.com']
WARNING 2026-02-25 11:20:49,551 pipeline 68535 8562434240 No email provided for google-oauth2 authentication
WARNING 2026-02-25 11:20:49,551 pipeline 68535 8562434240 No email provided for google-oauth2 authentication
INFO 2026-02-25 11:20:49,599 pipeline 68535 8562434240 Social auth attempt via google-oauth2 for email: newuser@example.com
INFO 2026-02-25 11:20:49,626 pipeline 68535 8562434240 Updated UserProfile for newuser@example.com via google-oauth2
INFO 2026-02-25 11:20:49,658 pipeline 68535 8562434240 Social auth attempt via google-oauth2 for email: user@forbidden.com
WARNING 2026-02-25 11:20:49,658 pipeline 68535 8562434240 Email domain forbidden.com not allowed for google-oauth2. Allowed domains: ['allowed.com']
INFO 2026-02-25 11:20:49,660 pipeline 68535 8562434240 Social auth attempt via google-oauth2 for email: user@example.com
WARNING 2026-02-25 11:20:57,221 log 68535 8562434240 Bad Request: /api/users/password/reset/confirm/
WARNING 2026-02-25 11:20:57,495 log 68535 8562434240 Bad Request: /api/users/password/reset/request/
WARNING 2026-02-25 11:20:58,043 log 68535 8562434240 Not Found: /api/users/95/public/
WARNING 2026-02-25 11:20:58,912 log 68535 8562434240 Bad Request: /api/users/verify-email/
ERROR 2026-02-25 11:21:14,278 apps 69103 8562434240 Failed to register custom backends: argument of type 'module' is not iterable
INFO 2026-02-25 11:21:14,278 apps 69103 8562434240 Enabled providers: Google, Facebook
INFO 2026-02-25 11:21:14,278 apps 69103 8562434240 ✅ Social authentication app initialized successfully
ERROR 2026-02-25 11:21:14,699 apps 69104 8562434240 Failed to register custom backends: argument of type 'module' is not iterable
INFO 2026-02-25 11:21:14,700 apps 69104 8562434240 Enabled providers: Google, Facebook
INFO 2026-02-25 11:21:14,700 apps 69104 8562434240 ✅ Social authentication app initialized successfully
INFO 2026-02-25 11:21:14,705 autoreload 69104 8562434240 Watching for file changes with StatReloader
INFO 2026-02-25 11:21:54,171 log 69104 6162132992 "GET /o/.well-known/openid-configuration HTTP/1.1" 200 787
INFO 2026-02-25 11:21:54,286 log 69104 6162132992 "GET /o/.well-known/jwks.json HTTP/1.1" 200 474
INFO 2026-02-25 11:21:58,659 log 69104 6178959360 "GET /o/authorize/?response_type=code&client_id=5kWtcsPK1TeThWvN7gktrTfOsoiVdaY9OMqXEIV0&state=ekQuVWVLbFpEUjZZMzh1a2JHT0JidzR6Mnh2eXVRbXJMR1gtU0pMN3p4ek40&redirect_uri=http%3A%2F%2Flocalhost%3A4200&scope=openid%20profile%20email&code_challenge=4SvLiVPU-9m_sYW0TA_fcz8JI2ydADQs9wFGh1Phkvk&code_challenge_method=S256&nonce=ekQuVWVLbFpEUjZZMzh1a2JHT0JidzR6Mnh2eXVRbXJMR1gtU0pMN3p4ek40 HTTP/1.1" 302 0
INFO 2026-02-25 11:21:58,761 log 69104 6162132992 "GET /o/.well-known/openid-configuration HTTP/1.1" 200 787
INFO 2026-02-25 11:21:58,989 validators 69104 6162132992 Token issued for user 1 via local
INFO 2026-02-25 11:21:59,023 signals 69104 6162132992 Access token created for user 1 via client 5kWtcsPK1TeThWvN7gktrTfOsoiVdaY9OMqXEIV0
INFO 2026-02-25 11:21:59,118 log 69104 6162132992 "POST /o/token/ HTTP/1.1" 200 1475
INFO 2026-02-25 11:21:59,276 log 69104 6229438464 "POST /o/introspect/ HTTP/1.1" 200 195
INFO 2026-02-25 11:21:59,280 log 69104 6246264832 "POST /o/introspect/ HTTP/1.1" 200 195
INFO 2026-02-25 11:21:59,282 log 69104 6212612096 "POST /o/introspect/ HTTP/1.1" 200 195
INFO 2026-02-25 11:21:59,282 log 69104 6263091200 "POST /o/introspect/ HTTP/1.1" 200 195
INFO 2026-02-25 11:21:59,358 log 69104 6314143744 "GET /api/oidc/userinfo/ HTTP/1.1" 200 178
INFO 2026-02-25 11:21:59,358 log 69104 6297317376 "GET /api/oidc/userinfo/ HTTP/1.1" 200 178
INFO 2026-02-25 11:21:59,361 log 69104 6280491008 "GET /api/oidc/userinfo/ HTTP/1.1" 200 178
INFO 2026-02-25 11:21:59,366 log 69104 6330970112 "GET /api/oidc/userinfo/ HTTP/1.1" 200 178
INFO 2026-02-25 11:22:01,423 log 69104 6162132992 "OPTIONS /api/users/logout/ HTTP/1.1" 200 0
INFO 2026-02-25 11:22:01,639 log 69104 6178959360 "POST /api/users/logout/ HTTP/1.1" 200 101
INFO 2026-02-25 11:22:02,831 log 69104 6178959360 "GET /o/authorize/?response_type=code&client_id=5kWtcsPK1TeThWvN7gktrTfOsoiVdaY9OMqXEIV0&state=RVhfdkoySk1RfnhXdFpPZHRiWENQRVhmTHVZR2YyM3JMa2dHd3lEMS01eVB3&redirect_uri=http%3A%2F%2Flocalhost%3A4200&scope=openid%20profile%20email&code_challenge=6-tlPzp2UbGrpIEtfTp_KKWKS4-8DumBlzEu_l70kWc&code_challenge_method=S256&nonce=RVhfdkoySk1RfnhXdFpPZHRiWENQRVhmTHVZR2YyM3JMa2dHd3lEMS01eVB3 HTTP/1.1" 302 0
INFO 2026-02-25 11:22:02,906 log 69104 6178959360 "GET /accounts/login/?next=/o/authorize/%3Fresponse_type%3Dcode%26client_id%3D5kWtcsPK1TeThWvN7gktrTfOsoiVdaY9OMqXEIV0%26state%3DRVhfdkoySk1RfnhXdFpPZHRiWENQRVhmTHVZR2YyM3JMa2dHd3lEMS01eVB3%26redirect_uri%3Dhttp%253A%252F%252Flocalhost%253A4200%26scope%3Dopenid%2520profile%2520email%26code_challenge%3D6-tlPzp2UbGrpIEtfTp_KKWKS4-8DumBlzEu_l70kWc%26code_challenge_method%3DS256%26nonce%3DRVhfdkoySk1RfnhXdFpPZHRiWENQRVhmTHVZR2YyM3JMa2dHd3lEMS01eVB3 HTTP/1.1" 200 8717
INFO 2026-02-25 11:22:10,280 log 69104 6178959360 "POST /accounts/login/?next=/o/authorize/%3Fresponse_type%3Dcode%26client_id%3D5kWtcsPK1TeThWvN7gktrTfOsoiVdaY9OMqXEIV0%26state%3DRVhfdkoySk1RfnhXdFpPZHRiWENQRVhmTHVZR2YyM3JMa2dHd3lEMS01eVB3%26redirect_uri%3Dhttp%253A%252F%252Flocalhost%253A4200%26scope%3Dopenid%2520profile%2520email%26code_challenge%3D6-tlPzp2UbGrpIEtfTp_KKWKS4-8DumBlzEu_l70kWc%26code_challenge_method%3DS256%26nonce%3DRVhfdkoySk1RfnhXdFpPZHRiWENQRVhmTHVZR2YyM3JMa2dHd3lEMS01eVB3 HTTP/1.1" 302 0
INFO 2026-02-25 11:22:10,338 log 69104 6178959360 "GET /o/authorize/?response_type=code&client_id=5kWtcsPK1TeThWvN7gktrTfOsoiVdaY9OMqXEIV0&state=RVhfdkoySk1RfnhXdFpPZHRiWENQRVhmTHVZR2YyM3JMa2dHd3lEMS01eVB3&redirect_uri=http%3A%2F%2Flocalhost%3A4200&scope=openid%20profile%20email&code_challenge=6-tlPzp2UbGrpIEtfTp_KKWKS4-8DumBlzEu_l70kWc&code_challenge_method=S256&nonce=RVhfdkoySk1RfnhXdFpPZHRiWENQRVhmTHVZR2YyM3JMa2dHd3lEMS01eVB3 HTTP/1.1" 302 0
INFO 2026-02-25 11:22:10,442 log 69104 6162132992 "GET /o/.well-known/openid-configuration HTTP/1.1" 200 787
INFO 2026-02-25 11:22:10,505 validators 69104 6162132992 Token issued for user 1 via local
INFO 2026-02-25 11:22:10,511 signals 69104 6162132992 Access token created for user 1 via client 5kWtcsPK1TeThWvN7gktrTfOsoiVdaY9OMqXEIV0
INFO 2026-02-25 11:22:10,564 log 69104 6162132992 "POST /o/token/ HTTP/1.1" 200 1475
INFO 2026-02-25 11:22:10,645 log 69104 6212612096 "POST /o/introspect/ HTTP/1.1" 200 195
INFO 2026-02-25 11:22:10,669 log 69104 6246264832 "POST /o/introspect/ HTTP/1.1" 200 195
INFO 2026-02-25 11:22:10,670 log 69104 6229438464 "POST /o/introspect/ HTTP/1.1" 200 195
INFO 2026-02-25 11:22:10,683 log 69104 6263091200 "POST /o/introspect/ HTTP/1.1" 200 195
INFO 2026-02-25 11:22:10,726 log 69104 6279917568 "GET /api/oidc/userinfo/ HTTP/1.1" 200 178
INFO 2026-02-25 11:22:10,738 log 69104 6313570304 "GET /api/oidc/userinfo/ HTTP/1.1" 200 178
INFO 2026-02-25 11:22:10,738 log 69104 6330396672 "GET /api/oidc/userinfo/ HTTP/1.1" 200 178
INFO 2026-02-25 11:22:10,742 log 69104 6296743936 "GET /api/oidc/userinfo/ HTTP/1.1" 200 178
INFO 2026-02-25 11:22:18,255 log 69104 6212612096 "POST /o/introspect/ HTTP/1.1" 200 195
INFO 2026-02-25 11:22:18,255 log 69104 6229438464 "POST /o/introspect/ HTTP/1.1" 200 195
INFO 2026-02-25 11:22:18,303 log 69104 6246264832 "GET /api/oidc/userinfo/ HTTP/1.1" 200 178
INFO 2026-02-25 11:22:18,303 log 69104 6263091200 "GET /api/oidc/userinfo/ HTTP/1.1" 200 178
INFO 2026-02-25 11:24:56,224 log 69104 6162132992 "OPTIONS /o/.well-known/openid-configuration HTTP/1.1" 200 0
INFO 2026-02-25 11:24:56,423 log 69104 6162132992 "GET /o/.well-known/openid-configuration HTTP/1.1" 200 787
INFO 2026-02-25 11:24:56,425 log 69104 6162132992 "OPTIONS /o/.well-known/jwks.json HTTP/1.1" 200 0
INFO 2026-02-25 11:24:56,450 log 69104 6162132992 "GET /o/.well-known/jwks.json HTTP/1.1" 200 474
